-- --------------------------------------------------------
-- Servidor:                     mysql669.umbler.com
-- Versão do servidor:           5.6.40 - MySQL Community Server (GPL)
-- OS do Servidor:               Linux
-- HeidiSQL Versão:              11.0.0.5919
-- --------------------------------------------------------

/*!40101 SET @OLD_CHARACTER_SET_CLIENT=@@CHARACTER_SET_CLIENT */;
/*!40101 SET NAMES utf8 */;
/*!50503 SET NAMES utf8mb4 */;
/*!40014 SET @OLD_FOREIGN_KEY_CHECKS=@@FOREIGN_KEY_CHECKS, FOREIGN_KEY_CHECKS=0 */;
/*!40101 SET @OLD_SQL_MODE=@@SQL_MODE, SQL_MODE='NO_AUTO_VALUE_ON_ZERO' */;

-- Copiando estrutura para tabela information_schema.CHARACTER_SETS
CREATE TEMPORARY TABLE IF NOT EXISTS `CHARACTER_SETS` (
  `CHARACTER_SET_NAME` varchar(32) NOT NULL DEFAULT '',
  `DEFAULT_COLLATE_NAME` varchar(32) NOT NULL DEFAULT '',
  `DESCRIPTION` varchar(60) NOT NULL DEFAULT '',
  `MAXLEN` bigint(3) NOT NULL DEFAULT '0'
) ENGINE=MEMORY DEFAULT CHARSET=utf8;

-- Copiando dados para a tabela information_schema.CHARACTER_SETS: -1 rows
/*!40000 ALTER TABLE `CHARACTER_SETS` DISABLE KEYS */;
INSERT INTO `CHARACTER_SETS` (`CHARACTER_SET_NAME`, `DEFAULT_COLLATE_NAME`, `DESCRIPTION`, `MAXLEN`) VALUES
	('big5', 'big5_chinese_ci', 'Big5 Traditional Chinese', 2),
	('dec8', 'dec8_swedish_ci', 'DEC West European', 1),
	('cp850', 'cp850_general_ci', 'DOS West European', 1),
	('hp8', 'hp8_english_ci', 'HP West European', 1),
	('koi8r', 'koi8r_general_ci', 'KOI8-R Relcom Russian', 1),
	('latin1', 'latin1_swedish_ci', 'cp1252 West European', 1),
	('latin2', 'latin2_general_ci', 'ISO 8859-2 Central European', 1),
	('swe7', 'swe7_swedish_ci', '7bit Swedish', 1),
	('ascii', 'ascii_general_ci', 'US ASCII', 1),
	('ujis', 'ujis_japanese_ci', 'EUC-JP Japanese', 3),
	('sjis', 'sjis_japanese_ci', 'Shift-JIS Japanese', 2),
	('hebrew', 'hebrew_general_ci', 'ISO 8859-8 Hebrew', 1),
	('tis620', 'tis620_thai_ci', 'TIS620 Thai', 1),
	('euckr', 'euckr_korean_ci', 'EUC-KR Korean', 2),
	('koi8u', 'koi8u_general_ci', 'KOI8-U Ukrainian', 1),
	('gb2312', 'gb2312_chinese_ci', 'GB2312 Simplified Chinese', 2),
	('greek', 'greek_general_ci', 'ISO 8859-7 Greek', 1),
	('cp1250', 'cp1250_general_ci', 'Windows Central European', 1),
	('gbk', 'gbk_chinese_ci', 'GBK Simplified Chinese', 2),
	('latin5', 'latin5_turkish_ci', 'ISO 8859-9 Turkish', 1),
	('armscii8', 'armscii8_general_ci', 'ARMSCII-8 Armenian', 1),
	('utf8', 'utf8_general_ci', 'UTF-8 Unicode', 3),
	('ucs2', 'ucs2_general_ci', 'UCS-2 Unicode', 2),
	('cp866', 'cp866_general_ci', 'DOS Russian', 1),
	('keybcs2', 'keybcs2_general_ci', 'DOS Kamenicky Czech-Slovak', 1),
	('macce', 'macce_general_ci', 'Mac Central European', 1),
	('macroman', 'macroman_general_ci', 'Mac West European', 1),
	('cp852', 'cp852_general_ci', 'DOS Central European', 1),
	('latin7', 'latin7_general_ci', 'ISO 8859-13 Baltic', 1),
	('utf8mb4', 'utf8mb4_general_ci', 'UTF-8 Unicode', 4),
	('cp1251', 'cp1251_general_ci', 'Windows Cyrillic', 1),
	('utf16', 'utf16_general_ci', 'UTF-16 Unicode', 4),
	('utf16le', 'utf16le_general_ci', 'UTF-16LE Unicode', 4),
	('cp1256', 'cp1256_general_ci', 'Windows Arabic', 1),
	('cp1257', 'cp1257_general_ci', 'Windows Baltic', 1),
	('utf32', 'utf32_general_ci', 'UTF-32 Unicode', 4),
	('binary', 'binary', 'Binary pseudo charset', 1),
	('geostd8', 'geostd8_general_ci', 'GEOSTD8 Georgian', 1),
	('cp932', 'cp932_japanese_ci', 'SJIS for Windows Japanese', 2),
	('eucjpms', 'eucjpms_japanese_ci', 'UJIS for Windows Japanese', 3);
/*!40000 ALTER TABLE `CHARACTER_SETS` ENABLE KEYS */;

-- Copiando estrutura para tabela information_schema.COLLATIONS
CREATE TEMPORARY TABLE IF NOT EXISTS `COLLATIONS` (
  `COLLATION_NAME` varchar(32) NOT NULL DEFAULT '',
  `CHARACTER_SET_NAME` varchar(32) NOT NULL DEFAULT '',
  `ID` bigint(11) NOT NULL DEFAULT '0',
  `IS_DEFAULT` varchar(3) NOT NULL DEFAULT '',
  `IS_COMPILED` varchar(3) NOT NULL DEFAULT '',
  `SORTLEN` bigint(3) NOT NULL DEFAULT '0'
) ENGINE=MEMORY DEFAULT CHARSET=utf8;

-- Copiando dados para a tabela information_schema.COLLATIONS: -1 rows
/*!40000 ALTER TABLE `COLLATIONS` DISABLE KEYS */;
INSERT INTO `COLLATIONS` (`COLLATION_NAME`, `CHARACTER_SET_NAME`, `ID`, `IS_DEFAULT`, `IS_COMPILED`, `SORTLEN`) VALUES
	('big5_chinese_ci', 'big5', 1, 'Yes', 'Yes', 1),
	('big5_bin', 'big5', 84, '', 'Yes', 1),
	('dec8_swedish_ci', 'dec8', 3, 'Yes', 'Yes', 1),
	('dec8_bin', 'dec8', 69, '', 'Yes', 1),
	('cp850_general_ci', 'cp850', 4, 'Yes', 'Yes', 1),
	('cp850_bin', 'cp850', 80, '', 'Yes', 1),
	('hp8_english_ci', 'hp8', 6, 'Yes', 'Yes', 1),
	('hp8_bin', 'hp8', 72, '', 'Yes', 1),
	('koi8r_general_ci', 'koi8r', 7, 'Yes', 'Yes', 1),
	('koi8r_bin', 'koi8r', 74, '', 'Yes', 1),
	('latin1_german1_ci', 'latin1', 5, '', 'Yes', 1),
	('latin1_swedish_ci', 'latin1', 8, 'Yes', 'Yes', 1),
	('latin1_danish_ci', 'latin1', 15, '', 'Yes', 1),
	('latin1_german2_ci', 'latin1', 31, '', 'Yes', 2),
	('latin1_bin', 'latin1', 47, '', 'Yes', 1),
	('latin1_general_ci', 'latin1', 48, '', 'Yes', 1),
	('latin1_general_cs', 'latin1', 49, '', 'Yes', 1),
	('latin1_spanish_ci', 'latin1', 94, '', 'Yes', 1),
	('latin2_czech_cs', 'latin2', 2, '', 'Yes', 4),
	('latin2_general_ci', 'latin2', 9, 'Yes', 'Yes', 1),
	('latin2_hungarian_ci', 'latin2', 21, '', 'Yes', 1),
	('latin2_croatian_ci', 'latin2', 27, '', 'Yes', 1),
	('latin2_bin', 'latin2', 77, '', 'Yes', 1),
	('swe7_swedish_ci', 'swe7', 10, 'Yes', 'Yes', 1),
	('swe7_bin', 'swe7', 82, '', 'Yes', 1),
	('ascii_general_ci', 'ascii', 11, 'Yes', 'Yes', 1),
	('ascii_bin', 'ascii', 65, '', 'Yes', 1),
	('ujis_japanese_ci', 'ujis', 12, 'Yes', 'Yes', 1),
	('ujis_bin', 'ujis', 91, '', 'Yes', 1),
	('sjis_japanese_ci', 'sjis', 13, 'Yes', 'Yes', 1),
	('sjis_bin', 'sjis', 88, '', 'Yes', 1),
	('hebrew_general_ci', 'hebrew', 16, 'Yes', 'Yes', 1),
	('hebrew_bin', 'hebrew', 71, '', 'Yes', 1),
	('tis620_thai_ci', 'tis620', 18, 'Yes', 'Yes', 4),
	('tis620_bin', 'tis620', 89, '', 'Yes', 1),
	('euckr_korean_ci', 'euckr', 19, 'Yes', 'Yes', 1),
	('euckr_bin', 'euckr', 85, '', 'Yes', 1),
	('koi8u_general_ci', 'koi8u', 22, 'Yes', 'Yes', 1),
	('koi8u_bin', 'koi8u', 75, '', 'Yes', 1),
	('gb2312_chinese_ci', 'gb2312', 24, 'Yes', 'Yes', 1),
	('gb2312_bin', 'gb2312', 86, '', 'Yes', 1),
	('greek_general_ci', 'greek', 25, 'Yes', 'Yes', 1),
	('greek_bin', 'greek', 70, '', 'Yes', 1),
	('cp1250_general_ci', 'cp1250', 26, 'Yes', 'Yes', 1),
	('cp1250_czech_cs', 'cp1250', 34, '', 'Yes', 2),
	('cp1250_croatian_ci', 'cp1250', 44, '', 'Yes', 1),
	('cp1250_bin', 'cp1250', 66, '', 'Yes', 1),
	('cp1250_polish_ci', 'cp1250', 99, '', 'Yes', 1),
	('gbk_chinese_ci', 'gbk', 28, 'Yes', 'Yes', 1),
	('gbk_bin', 'gbk', 87, '', 'Yes', 1),
	('latin5_turkish_ci', 'latin5', 30, 'Yes', 'Yes', 1),
	('latin5_bin', 'latin5', 78, '', 'Yes', 1),
	('armscii8_general_ci', 'armscii8', 32, 'Yes', 'Yes', 1),
	('armscii8_bin', 'armscii8', 64, '', 'Yes', 1),
	('utf8_general_ci', 'utf8', 33, 'Yes', 'Yes', 1),
	('utf8_bin', 'utf8', 83, '', 'Yes', 1),
	('utf8_unicode_ci', 'utf8', 192, '', 'Yes', 8),
	('utf8_icelandic_ci', 'utf8', 193, '', 'Yes', 8),
	('utf8_latvian_ci', 'utf8', 194, '', 'Yes', 8),
	('utf8_romanian_ci', 'utf8', 195, '', 'Yes', 8),
	('utf8_slovenian_ci', 'utf8', 196, '', 'Yes', 8),
	('utf8_polish_ci', 'utf8', 197, '', 'Yes', 8),
	('utf8_estonian_ci', 'utf8', 198, '', 'Yes', 8),
	('utf8_spanish_ci', 'utf8', 199, '', 'Yes', 8),
	('utf8_swedish_ci', 'utf8', 200, '', 'Yes', 8),
	('utf8_turkish_ci', 'utf8', 201, '', 'Yes', 8),
	('utf8_czech_ci', 'utf8', 202, '', 'Yes', 8),
	('utf8_danish_ci', 'utf8', 203, '', 'Yes', 8),
	('utf8_lithuanian_ci', 'utf8', 204, '', 'Yes', 8),
	('utf8_slovak_ci', 'utf8', 205, '', 'Yes', 8),
	('utf8_spanish2_ci', 'utf8', 206, '', 'Yes', 8),
	('utf8_roman_ci', 'utf8', 207, '', 'Yes', 8),
	('utf8_persian_ci', 'utf8', 208, '', 'Yes', 8),
	('utf8_esperanto_ci', 'utf8', 209, '', 'Yes', 8),
	('utf8_hungarian_ci', 'utf8', 210, '', 'Yes', 8),
	('utf8_sinhala_ci', 'utf8', 211, '', 'Yes', 8),
	('utf8_german2_ci', 'utf8', 212, '', 'Yes', 8),
	('utf8_croatian_ci', 'utf8', 213, '', 'Yes', 8),
	('utf8_unicode_520_ci', 'utf8', 214, '', 'Yes', 8),
	('utf8_vietnamese_ci', 'utf8', 215, '', 'Yes', 8),
	('utf8_general_mysql500_ci', 'utf8', 223, '', 'Yes', 1),
	('ucs2_general_ci', 'ucs2', 35, 'Yes', 'Yes', 1),
	('ucs2_bin', 'ucs2', 90, '', 'Yes', 1),
	('ucs2_unicode_ci', 'ucs2', 128, '', 'Yes', 8),
	('ucs2_icelandic_ci', 'ucs2', 129, '', 'Yes', 8),
	('ucs2_latvian_ci', 'ucs2', 130, '', 'Yes', 8),
	('ucs2_romanian_ci', 'ucs2', 131, '', 'Yes', 8),
	('ucs2_slovenian_ci', 'ucs2', 132, '', 'Yes', 8),
	('ucs2_polish_ci', 'ucs2', 133, '', 'Yes', 8),
	('ucs2_estonian_ci', 'ucs2', 134, '', 'Yes', 8),
	('ucs2_spanish_ci', 'ucs2', 135, '', 'Yes', 8),
	('ucs2_swedish_ci', 'ucs2', 136, '', 'Yes', 8),
	('ucs2_turkish_ci', 'ucs2', 137, '', 'Yes', 8),
	('ucs2_czech_ci', 'ucs2', 138, '', 'Yes', 8),
	('ucs2_danish_ci', 'ucs2', 139, '', 'Yes', 8),
	('ucs2_lithuanian_ci', 'ucs2', 140, '', 'Yes', 8),
	('ucs2_slovak_ci', 'ucs2', 141, '', 'Yes', 8),
	('ucs2_spanish2_ci', 'ucs2', 142, '', 'Yes', 8),
	('ucs2_roman_ci', 'ucs2', 143, '', 'Yes', 8),
	('ucs2_persian_ci', 'ucs2', 144, '', 'Yes', 8),
	('ucs2_esperanto_ci', 'ucs2', 145, '', 'Yes', 8),
	('ucs2_hungarian_ci', 'ucs2', 146, '', 'Yes', 8),
	('ucs2_sinhala_ci', 'ucs2', 147, '', 'Yes', 8),
	('ucs2_german2_ci', 'ucs2', 148, '', 'Yes', 8),
	('ucs2_croatian_ci', 'ucs2', 149, '', 'Yes', 8),
	('ucs2_unicode_520_ci', 'ucs2', 150, '', 'Yes', 8),
	('ucs2_vietnamese_ci', 'ucs2', 151, '', 'Yes', 8),
	('ucs2_general_mysql500_ci', 'ucs2', 159, '', 'Yes', 1),
	('cp866_general_ci', 'cp866', 36, 'Yes', 'Yes', 1),
	('cp866_bin', 'cp866', 68, '', 'Yes', 1),
	('keybcs2_general_ci', 'keybcs2', 37, 'Yes', 'Yes', 1),
	('keybcs2_bin', 'keybcs2', 73, '', 'Yes', 1),
	('macce_general_ci', 'macce', 38, 'Yes', 'Yes', 1),
	('macce_bin', 'macce', 43, '', 'Yes', 1),
	('macroman_general_ci', 'macroman', 39, 'Yes', 'Yes', 1),
	('macroman_bin', 'macroman', 53, '', 'Yes', 1),
	('cp852_general_ci', 'cp852', 40, 'Yes', 'Yes', 1),
	('cp852_bin', 'cp852', 81, '', 'Yes', 1),
	('latin7_estonian_cs', 'latin7', 20, '', 'Yes', 1),
	('latin7_general_ci', 'latin7', 41, 'Yes', 'Yes', 1),
	('latin7_general_cs', 'latin7', 42, '', 'Yes', 1),
	('latin7_bin', 'latin7', 79, '', 'Yes', 1),
	('utf8mb4_general_ci', 'utf8mb4', 45, 'Yes', 'Yes', 1),
	('utf8mb4_bin', 'utf8mb4', 46, '', 'Yes', 1),
	('utf8mb4_unicode_ci', 'utf8mb4', 224, '', 'Yes', 8),
	('utf8mb4_icelandic_ci', 'utf8mb4', 225, '', 'Yes', 8),
	('utf8mb4_latvian_ci', 'utf8mb4', 226, '', 'Yes', 8),
	('utf8mb4_romanian_ci', 'utf8mb4', 227, '', 'Yes', 8),
	('utf8mb4_slovenian_ci', 'utf8mb4', 228, '', 'Yes', 8),
	('utf8mb4_polish_ci', 'utf8mb4', 229, '', 'Yes', 8),
	('utf8mb4_estonian_ci', 'utf8mb4', 230, '', 'Yes', 8),
	('utf8mb4_spanish_ci', 'utf8mb4', 231, '', 'Yes', 8),
	('utf8mb4_swedish_ci', 'utf8mb4', 232, '', 'Yes', 8),
	('utf8mb4_turkish_ci', 'utf8mb4', 233, '', 'Yes', 8),
	('utf8mb4_czech_ci', 'utf8mb4', 234, '', 'Yes', 8),
	('utf8mb4_danish_ci', 'utf8mb4', 235, '', 'Yes', 8),
	('utf8mb4_lithuanian_ci', 'utf8mb4', 236, '', 'Yes', 8),
	('utf8mb4_slovak_ci', 'utf8mb4', 237, '', 'Yes', 8),
	('utf8mb4_spanish2_ci', 'utf8mb4', 238, '', 'Yes', 8),
	('utf8mb4_roman_ci', 'utf8mb4', 239, '', 'Yes', 8),
	('utf8mb4_persian_ci', 'utf8mb4', 240, '', 'Yes', 8),
	('utf8mb4_esperanto_ci', 'utf8mb4', 241, '', 'Yes', 8),
	('utf8mb4_hungarian_ci', 'utf8mb4', 242, '', 'Yes', 8),
	('utf8mb4_sinhala_ci', 'utf8mb4', 243, '', 'Yes', 8),
	('utf8mb4_german2_ci', 'utf8mb4', 244, '', 'Yes', 8),
	('utf8mb4_croatian_ci', 'utf8mb4', 245, '', 'Yes', 8),
	('utf8mb4_unicode_520_ci', 'utf8mb4', 246, '', 'Yes', 8),
	('utf8mb4_vietnamese_ci', 'utf8mb4', 247, '', 'Yes', 8),
	('cp1251_bulgarian_ci', 'cp1251', 14, '', 'Yes', 1),
	('cp1251_ukrainian_ci', 'cp1251', 23, '', 'Yes', 1),
	('cp1251_bin', 'cp1251', 50, '', 'Yes', 1),
	('cp1251_general_ci', 'cp1251', 51, 'Yes', 'Yes', 1),
	('cp1251_general_cs', 'cp1251', 52, '', 'Yes', 1),
	('utf16_general_ci', 'utf16', 54, 'Yes', 'Yes', 1),
	('utf16_bin', 'utf16', 55, '', 'Yes', 1),
	('utf16_unicode_ci', 'utf16', 101, '', 'Yes', 8),
	('utf16_icelandic_ci', 'utf16', 102, '', 'Yes', 8),
	('utf16_latvian_ci', 'utf16', 103, '', 'Yes', 8),
	('utf16_romanian_ci', 'utf16', 104, '', 'Yes', 8),
	('utf16_slovenian_ci', 'utf16', 105, '', 'Yes', 8),
	('utf16_polish_ci', 'utf16', 106, '', 'Yes', 8),
	('utf16_estonian_ci', 'utf16', 107, '', 'Yes', 8),
	('utf16_spanish_ci', 'utf16', 108, '', 'Yes', 8),
	('utf16_swedish_ci', 'utf16', 109, '', 'Yes', 8),
	('utf16_turkish_ci', 'utf16', 110, '', 'Yes', 8),
	('utf16_czech_ci', 'utf16', 111, '', 'Yes', 8),
	('utf16_danish_ci', 'utf16', 112, '', 'Yes', 8),
	('utf16_lithuanian_ci', 'utf16', 113, '', 'Yes', 8),
	('utf16_slovak_ci', 'utf16', 114, '', 'Yes', 8),
	('utf16_spanish2_ci', 'utf16', 115, '', 'Yes', 8),
	('utf16_roman_ci', 'utf16', 116, '', 'Yes', 8),
	('utf16_persian_ci', 'utf16', 117, '', 'Yes', 8),
	('utf16_esperanto_ci', 'utf16', 118, '', 'Yes', 8),
	('utf16_hungarian_ci', 'utf16', 119, '', 'Yes', 8),
	('utf16_sinhala_ci', 'utf16', 120, '', 'Yes', 8),
	('utf16_german2_ci', 'utf16', 121, '', 'Yes', 8),
	('utf16_croatian_ci', 'utf16', 122, '', 'Yes', 8),
	('utf16_unicode_520_ci', 'utf16', 123, '', 'Yes', 8),
	('utf16_vietnamese_ci', 'utf16', 124, '', 'Yes', 8),
	('utf16le_general_ci', 'utf16le', 56, 'Yes', 'Yes', 1),
	('utf16le_bin', 'utf16le', 62, '', 'Yes', 1),
	('cp1256_general_ci', 'cp1256', 57, 'Yes', 'Yes', 1),
	('cp1256_bin', 'cp1256', 67, '', 'Yes', 1),
	('cp1257_lithuanian_ci', 'cp1257', 29, '', 'Yes', 1),
	('cp1257_bin', 'cp1257', 58, '', 'Yes', 1),
	('cp1257_general_ci', 'cp1257', 59, 'Yes', 'Yes', 1),
	('utf32_general_ci', 'utf32', 60, 'Yes', 'Yes', 1),
	('utf32_bin', 'utf32', 61, '', 'Yes', 1),
	('utf32_unicode_ci', 'utf32', 160, '', 'Yes', 8),
	('utf32_icelandic_ci', 'utf32', 161, '', 'Yes', 8),
	('utf32_latvian_ci', 'utf32', 162, '', 'Yes', 8),
	('utf32_romanian_ci', 'utf32', 163, '', 'Yes', 8),
	('utf32_slovenian_ci', 'utf32', 164, '', 'Yes', 8),
	('utf32_polish_ci', 'utf32', 165, '', 'Yes', 8),
	('utf32_estonian_ci', 'utf32', 166, '', 'Yes', 8),
	('utf32_spanish_ci', 'utf32', 167, '', 'Yes', 8),
	('utf32_swedish_ci', 'utf32', 168, '', 'Yes', 8),
	('utf32_turkish_ci', 'utf32', 169, '', 'Yes', 8),
	('utf32_czech_ci', 'utf32', 170, '', 'Yes', 8),
	('utf32_danish_ci', 'utf32', 171, '', 'Yes', 8),
	('utf32_lithuanian_ci', 'utf32', 172, '', 'Yes', 8),
	('utf32_slovak_ci', 'utf32', 173, '', 'Yes', 8),
	('utf32_spanish2_ci', 'utf32', 174, '', 'Yes', 8),
	('utf32_roman_ci', 'utf32', 175, '', 'Yes', 8),
	('utf32_persian_ci', 'utf32', 176, '', 'Yes', 8),
	('utf32_esperanto_ci', 'utf32', 177, '', 'Yes', 8),
	('utf32_hungarian_ci', 'utf32', 178, '', 'Yes', 8),
	('utf32_sinhala_ci', 'utf32', 179, '', 'Yes', 8),
	('utf32_german2_ci', 'utf32', 180, '', 'Yes', 8),
	('utf32_croatian_ci', 'utf32', 181, '', 'Yes', 8),
	('utf32_unicode_520_ci', 'utf32', 182, '', 'Yes', 8),
	('utf32_vietnamese_ci', 'utf32', 183, '', 'Yes', 8),
	('binary', 'binary', 63, 'Yes', 'Yes', 1),
	('geostd8_general_ci', 'geostd8', 92, 'Yes', 'Yes', 1),
	('geostd8_bin', 'geostd8', 93, '', 'Yes', 1),
	('cp932_japanese_ci', 'cp932', 95, 'Yes', 'Yes', 1),
	('cp932_bin', 'cp932', 96, '', 'Yes', 1),
	('eucjpms_japanese_ci', 'eucjpms', 97, 'Yes', 'Yes', 1),
	('eucjpms_bin', 'eucjpms', 98, '', 'Yes', 1);
/*!40000 ALTER TABLE `COLLATIONS` ENABLE KEYS */;

-- Copiando estrutura para tabela information_schema.COLLATION_CHARACTER_SET_APPLICABILITY
CREATE TEMPORARY TABLE IF NOT EXISTS `COLLATION_CHARACTER_SET_APPLICABILITY` (
  `COLLATION_NAME` varchar(32) NOT NULL DEFAULT '',
  `CHARACTER_SET_NAME` varchar(32) NOT NULL DEFAULT ''
) ENGINE=MEMORY DEFAULT CHARSET=utf8;

-- Copiando dados para a tabela information_schema.COLLATION_CHARACTER_SET_APPLICABILITY: -1 rows
/*!40000 ALTER TABLE `COLLATION_CHARACTER_SET_APPLICABILITY` DISABLE KEYS */;
INSERT INTO `COLLATION_CHARACTER_SET_APPLICABILITY` (`COLLATION_NAME`, `CHARACTER_SET_NAME`) VALUES
	('big5_chinese_ci', 'big5'),
	('big5_bin', 'big5'),
	('dec8_swedish_ci', 'dec8'),
	('dec8_bin', 'dec8'),
	('cp850_general_ci', 'cp850'),
	('cp850_bin', 'cp850'),
	('hp8_english_ci', 'hp8'),
	('hp8_bin', 'hp8'),
	('koi8r_general_ci', 'koi8r'),
	('koi8r_bin', 'koi8r'),
	('latin1_german1_ci', 'latin1'),
	('latin1_swedish_ci', 'latin1'),
	('latin1_danish_ci', 'latin1'),
	('latin1_german2_ci', 'latin1'),
	('latin1_bin', 'latin1'),
	('latin1_general_ci', 'latin1'),
	('latin1_general_cs', 'latin1'),
	('latin1_spanish_ci', 'latin1'),
	('latin2_czech_cs', 'latin2'),
	('latin2_general_ci', 'latin2'),
	('latin2_hungarian_ci', 'latin2'),
	('latin2_croatian_ci', 'latin2'),
	('latin2_bin', 'latin2'),
	('swe7_swedish_ci', 'swe7'),
	('swe7_bin', 'swe7'),
	('ascii_general_ci', 'ascii'),
	('ascii_bin', 'ascii'),
	('ujis_japanese_ci', 'ujis'),
	('ujis_bin', 'ujis'),
	('sjis_japanese_ci', 'sjis'),
	('sjis_bin', 'sjis'),
	('hebrew_general_ci', 'hebrew'),
	('hebrew_bin', 'hebrew'),
	('tis620_thai_ci', 'tis620'),
	('tis620_bin', 'tis620'),
	('euckr_korean_ci', 'euckr'),
	('euckr_bin', 'euckr'),
	('koi8u_general_ci', 'koi8u'),
	('koi8u_bin', 'koi8u'),
	('gb2312_chinese_ci', 'gb2312'),
	('gb2312_bin', 'gb2312'),
	('greek_general_ci', 'greek'),
	('greek_bin', 'greek'),
	('cp1250_general_ci', 'cp1250'),
	('cp1250_czech_cs', 'cp1250'),
	('cp1250_croatian_ci', 'cp1250'),
	('cp1250_bin', 'cp1250'),
	('cp1250_polish_ci', 'cp1250'),
	('gbk_chinese_ci', 'gbk'),
	('gbk_bin', 'gbk'),
	('latin5_turkish_ci', 'latin5'),
	('latin5_bin', 'latin5'),
	('armscii8_general_ci', 'armscii8'),
	('armscii8_bin', 'armscii8'),
	('utf8_general_ci', 'utf8'),
	('utf8_bin', 'utf8'),
	('utf8_unicode_ci', 'utf8'),
	('utf8_icelandic_ci', 'utf8'),
	('utf8_latvian_ci', 'utf8'),
	('utf8_romanian_ci', 'utf8'),
	('utf8_slovenian_ci', 'utf8'),
	('utf8_polish_ci', 'utf8'),
	('utf8_estonian_ci', 'utf8'),
	('utf8_spanish_ci', 'utf8'),
	('utf8_swedish_ci', 'utf8'),
	('utf8_turkish_ci', 'utf8'),
	('utf8_czech_ci', 'utf8'),
	('utf8_danish_ci', 'utf8'),
	('utf8_lithuanian_ci', 'utf8'),
	('utf8_slovak_ci', 'utf8'),
	('utf8_spanish2_ci', 'utf8'),
	('utf8_roman_ci', 'utf8'),
	('utf8_persian_ci', 'utf8'),
	('utf8_esperanto_ci', 'utf8'),
	('utf8_hungarian_ci', 'utf8'),
	('utf8_sinhala_ci', 'utf8'),
	('utf8_german2_ci', 'utf8'),
	('utf8_croatian_ci', 'utf8'),
	('utf8_unicode_520_ci', 'utf8'),
	('utf8_vietnamese_ci', 'utf8'),
	('utf8_general_mysql500_ci', 'utf8'),
	('ucs2_general_ci', 'ucs2'),
	('ucs2_bin', 'ucs2'),
	('ucs2_unicode_ci', 'ucs2'),
	('ucs2_icelandic_ci', 'ucs2'),
	('ucs2_latvian_ci', 'ucs2'),
	('ucs2_romanian_ci', 'ucs2'),
	('ucs2_slovenian_ci', 'ucs2'),
	('ucs2_polish_ci', 'ucs2'),
	('ucs2_estonian_ci', 'ucs2'),
	('ucs2_spanish_ci', 'ucs2'),
	('ucs2_swedish_ci', 'ucs2'),
	('ucs2_turkish_ci', 'ucs2'),
	('ucs2_czech_ci', 'ucs2'),
	('ucs2_danish_ci', 'ucs2'),
	('ucs2_lithuanian_ci', 'ucs2'),
	('ucs2_slovak_ci', 'ucs2'),
	('ucs2_spanish2_ci', 'ucs2'),
	('ucs2_roman_ci', 'ucs2'),
	('ucs2_persian_ci', 'ucs2'),
	('ucs2_esperanto_ci', 'ucs2'),
	('ucs2_hungarian_ci', 'ucs2'),
	('ucs2_sinhala_ci', 'ucs2'),
	('ucs2_german2_ci', 'ucs2'),
	('ucs2_croatian_ci', 'ucs2'),
	('ucs2_unicode_520_ci', 'ucs2'),
	('ucs2_vietnamese_ci', 'ucs2'),
	('ucs2_general_mysql500_ci', 'ucs2'),
	('cp866_general_ci', 'cp866'),
	('cp866_bin', 'cp866'),
	('keybcs2_general_ci', 'keybcs2'),
	('keybcs2_bin', 'keybcs2'),
	('macce_general_ci', 'macce'),
	('macce_bin', 'macce'),
	('macroman_general_ci', 'macroman'),
	('macroman_bin', 'macroman'),
	('cp852_general_ci', 'cp852'),
	('cp852_bin', 'cp852'),
	('latin7_estonian_cs', 'latin7'),
	('latin7_general_ci', 'latin7'),
	('latin7_general_cs', 'latin7'),
	('latin7_bin', 'latin7'),
	('utf8mb4_general_ci', 'utf8mb4'),
	('utf8mb4_bin', 'utf8mb4'),
	('utf8mb4_unicode_ci', 'utf8mb4'),
	('utf8mb4_icelandic_ci', 'utf8mb4'),
	('utf8mb4_latvian_ci', 'utf8mb4'),
	('utf8mb4_romanian_ci', 'utf8mb4'),
	('utf8mb4_slovenian_ci', 'utf8mb4'),
	('utf8mb4_polish_ci', 'utf8mb4'),
	('utf8mb4_estonian_ci', 'utf8mb4'),
	('utf8mb4_spanish_ci', 'utf8mb4'),
	('utf8mb4_swedish_ci', 'utf8mb4'),
	('utf8mb4_turkish_ci', 'utf8mb4'),
	('utf8mb4_czech_ci', 'utf8mb4'),
	('utf8mb4_danish_ci', 'utf8mb4'),
	('utf8mb4_lithuanian_ci', 'utf8mb4'),
	('utf8mb4_slovak_ci', 'utf8mb4'),
	('utf8mb4_spanish2_ci', 'utf8mb4'),
	('utf8mb4_roman_ci', 'utf8mb4'),
	('utf8mb4_persian_ci', 'utf8mb4'),
	('utf8mb4_esperanto_ci', 'utf8mb4'),
	('utf8mb4_hungarian_ci', 'utf8mb4'),
	('utf8mb4_sinhala_ci', 'utf8mb4'),
	('utf8mb4_german2_ci', 'utf8mb4'),
	('utf8mb4_croatian_ci', 'utf8mb4'),
	('utf8mb4_unicode_520_ci', 'utf8mb4'),
	('utf8mb4_vietnamese_ci', 'utf8mb4'),
	('cp1251_bulgarian_ci', 'cp1251'),
	('cp1251_ukrainian_ci', 'cp1251'),
	('cp1251_bin', 'cp1251'),
	('cp1251_general_ci', 'cp1251'),
	('cp1251_general_cs', 'cp1251'),
	('utf16_general_ci', 'utf16'),
	('utf16_bin', 'utf16'),
	('utf16_unicode_ci', 'utf16'),
	('utf16_icelandic_ci', 'utf16'),
	('utf16_latvian_ci', 'utf16'),
	('utf16_romanian_ci', 'utf16'),
	('utf16_slovenian_ci', 'utf16'),
	('utf16_polish_ci', 'utf16'),
	('utf16_estonian_ci', 'utf16'),
	('utf16_spanish_ci', 'utf16'),
	('utf16_swedish_ci', 'utf16'),
	('utf16_turkish_ci', 'utf16'),
	('utf16_czech_ci', 'utf16'),
	('utf16_danish_ci', 'utf16'),
	('utf16_lithuanian_ci', 'utf16'),
	('utf16_slovak_ci', 'utf16'),
	('utf16_spanish2_ci', 'utf16'),
	('utf16_roman_ci', 'utf16'),
	('utf16_persian_ci', 'utf16'),
	('utf16_esperanto_ci', 'utf16'),
	('utf16_hungarian_ci', 'utf16'),
	('utf16_sinhala_ci', 'utf16'),
	('utf16_german2_ci', 'utf16'),
	('utf16_croatian_ci', 'utf16'),
	('utf16_unicode_520_ci', 'utf16'),
	('utf16_vietnamese_ci', 'utf16'),
	('utf16le_general_ci', 'utf16le'),
	('utf16le_bin', 'utf16le'),
	('cp1256_general_ci', 'cp1256'),
	('cp1256_bin', 'cp1256'),
	('cp1257_lithuanian_ci', 'cp1257'),
	('cp1257_bin', 'cp1257'),
	('cp1257_general_ci', 'cp1257'),
	('utf32_general_ci', 'utf32'),
	('utf32_bin', 'utf32'),
	('utf32_unicode_ci', 'utf32'),
	('utf32_icelandic_ci', 'utf32'),
	('utf32_latvian_ci', 'utf32'),
	('utf32_romanian_ci', 'utf32'),
	('utf32_slovenian_ci', 'utf32'),
	('utf32_polish_ci', 'utf32'),
	('utf32_estonian_ci', 'utf32'),
	('utf32_spanish_ci', 'utf32'),
	('utf32_swedish_ci', 'utf32'),
	('utf32_turkish_ci', 'utf32'),
	('utf32_czech_ci', 'utf32'),
	('utf32_danish_ci', 'utf32'),
	('utf32_lithuanian_ci', 'utf32'),
	('utf32_slovak_ci', 'utf32'),
	('utf32_spanish2_ci', 'utf32'),
	('utf32_roman_ci', 'utf32'),
	('utf32_persian_ci', 'utf32'),
	('utf32_esperanto_ci', 'utf32'),
	('utf32_hungarian_ci', 'utf32'),
	('utf32_sinhala_ci', 'utf32'),
	('utf32_german2_ci', 'utf32'),
	('utf32_croatian_ci', 'utf32'),
	('utf32_unicode_520_ci', 'utf32'),
	('utf32_vietnamese_ci', 'utf32'),
	('binary', 'binary'),
	('geostd8_general_ci', 'geostd8'),
	('geostd8_bin', 'geostd8'),
	('cp932_japanese_ci', 'cp932'),
	('cp932_bin', 'cp932'),
	('eucjpms_japanese_ci', 'eucjpms'),
	('eucjpms_bin', 'eucjpms');
/*!40000 ALTER TABLE `COLLATION_CHARACTER_SET_APPLICABILITY` ENABLE KEYS */;

-- Copiando estrutura para tabela information_schema.COLUMNS
CREATE TEMPORARY TABLE IF NOT EXISTS `COLUMNS` (
  `TABLE_CATALOG` varchar(512) NOT NULL DEFAULT '',
  `TABLE_SCHEMA` varchar(64) NOT NULL DEFAULT '',
  `TABLE_NAME` varchar(64) NOT NULL DEFAULT '',
  `COLUMN_NAME` varchar(64) NOT NULL DEFAULT '',
  `ORDINAL_POSITION` bigint(21) unsigned NOT NULL DEFAULT '0',
  `COLUMN_DEFAULT` longtext,
  `IS_NULLABLE` varchar(3) NOT NULL DEFAULT '',
  `DATA_TYPE` varchar(64) NOT NULL DEFAULT '',
  `CHARACTER_MAXIMUM_LENGTH` bigint(21) unsigned DEFAULT NULL,
  `CHARACTER_OCTET_LENGTH` bigint(21) unsigned DEFAULT NULL,
  `NUMERIC_PRECISION` bigint(21) unsigned DEFAULT NULL,
  `NUMERIC_SCALE` bigint(21) unsigned DEFAULT NULL,
  `DATETIME_PRECISION` bigint(21) unsigned DEFAULT NULL,
  `CHARACTER_SET_NAME` varchar(32) DEFAULT NULL,
  `COLLATION_NAME` varchar(32) DEFAULT NULL,
  `COLUMN_TYPE` longtext NOT NULL,
  `COLUMN_KEY` varchar(3) NOT NULL DEFAULT '',
  `EXTRA` varchar(30) NOT NULL DEFAULT '',
  `PRIVILEGES` varchar(80) NOT NULL DEFAULT '',
  `COLUMN_COMMENT` varchar(1024) NOT NULL DEFAULT ''
) ENGINE=MyISAM DEFAULT CHARSET=utf8;

-- Copiando dados para a tabela information_schema.COLUMNS: -1 rows
/*!40000 ALTER TABLE `COLUMNS` DISABLE KEYS */;
INSERT INTO `COLUMNS` (`TABLE_CATALOG`, `TABLE_SCHEMA`, `TABLE_NAME`, `COLUMN_NAME`, `ORDINAL_POSITION`, `COLUMN_DEFAULT`, `IS_NULLABLE`, `DATA_TYPE`, `CHARACTER_MAXIMUM_LENGTH`, `CHARACTER_OCTET_LENGTH`, `NUMERIC_PRECISION`, `NUMERIC_SCALE`, `DATETIME_PRECISION`, `CHARACTER_SET_NAME`, `COLLATION_NAME`, `COLUMN_TYPE`, `COLUMN_KEY`, `EXTRA`, `PRIVILEGES`, `COLUMN_COMMENT`) VALUES
	('def', 'information_schema', 'CHARACTER_SETS', 'CHARACTER_SET_NAME', 1, '', 'NO', 'varchar', 32, 96, NULL, NULL, NULL, 'utf8', 'utf8_general_ci', 'varchar(32)', '', '', 'select', ''),
	('def', 'information_schema', 'CHARACTER_SETS', 'DEFAULT_COLLATE_NAME', 2, '', 'NO', 'varchar', 32, 96, NULL, NULL, NULL, 'utf8', 'utf8_general_ci', 'varchar(32)', '', '', 'select', ''),
	('def', 'information_schema', 'CHARACTER_SETS', 'DESCRIPTION', 3, '', 'NO', 'varchar', 60, 180, NULL, NULL, NULL, 'utf8', 'utf8_general_ci', 'varchar(60)', '', '', 'select', ''),
	('def', 'information_schema', 'CHARACTER_SETS', 'MAXLEN', 4, '0', 'NO', 'bigint', NULL, NULL, 19, 0, NULL, NULL, NULL, 'bigint(3)', '', '', 'select', ''),
	('def', 'information_schema', 'COLLATIONS', 'COLLATION_NAME', 1, '', 'NO', 'varchar', 32, 96, NULL, NULL, NULL, 'utf8', 'utf8_general_ci', 'varchar(32)', '', '', 'select', ''),
	('def', 'information_schema', 'COLLATIONS', 'CHARACTER_SET_NAME', 2, '', 'NO', 'varchar', 32, 96, NULL, NULL, NULL, 'utf8', 'utf8_general_ci', 'varchar(32)', '', '', 'select', ''),
	('def', 'information_schema', 'COLLATIONS', 'ID', 3, '0', 'NO', 'bigint', NULL, NULL, 19, 0, NULL, NULL, NULL, 'bigint(11)', '', '', 'select', ''),
	('def', 'information_schema', 'COLLATIONS', 'IS_DEFAULT', 4, '', 'NO', 'varchar', 3, 9, NULL, NULL, NULL, 'utf8', 'utf8_general_ci', 'varchar(3)', '', '', 'select', ''),
	('def', 'information_schema', 'COLLATIONS', 'IS_COMPILED', 5, '', 'NO', 'varchar', 3, 9, NULL, NULL, NULL, 'utf8', 'utf8_general_ci', 'varchar(3)', '', '', 'select', ''),
	('def', 'information_schema', 'COLLATIONS', 'SORTLEN', 6, '0', 'NO', 'bigint', NULL, NULL, 19, 0, NULL, NULL, NULL, 'bigint(3)', '', '', 'select', ''),
	('def', 'information_schema', 'COLLATION_CHARACTER_SET_APPLICABILITY', 'COLLATION_NAME', 1, '', 'NO', 'varchar', 32, 96, NULL, NULL, NULL, 'utf8', 'utf8_general_ci', 'varchar(32)', '', '', 'select', ''),
	('def', 'information_schema', 'COLLATION_CHARACTER_SET_APPLICABILITY', 'CHARACTER_SET_NAME', 2, '', 'NO', 'varchar', 32, 96, NULL, NULL, NULL, 'utf8', 'utf8_general_ci', 'varchar(32)', '', '', 'select', ''),
	('def', 'information_schema', 'COLUMNS', 'TABLE_CATALOG', 1, '', 'NO', 'varchar', 512, 1536, NULL, NULL, NULL, 'utf8', 'utf8_general_ci', 'varchar(512)', '', '', 'select', ''),
	('def', 'information_schema', 'COLUMNS', 'TABLE_SCHEMA', 2, '', 'NO', 'varchar', 64, 192, NULL, NULL, NULL, 'utf8', 'utf8_general_ci', 'varchar(64)', '', '', 'select', ''),
	('def', 'information_schema', 'COLUMNS', 'TABLE_NAME', 3, '', 'NO', 'varchar', 64, 192, NULL, NULL, NULL, 'utf8', 'utf8_general_ci', 'varchar(64)', '', '', 'select', ''),
	('def', 'information_schema', 'COLUMNS', 'COLUMN_NAME', 4, '', 'NO', 'varchar', 64, 192, NULL, NULL, NULL, 'utf8', 'utf8_general_ci', 'varchar(64)', '', '', 'select', ''),
	('def', 'information_schema', 'COLUMNS', 'ORDINAL_POSITION', 5, '0', 'NO', 'bigint', NULL, NULL, 20, 0, NULL, NULL, NULL, 'bigint(21) unsigned', '', '', 'select', ''),
	('def', 'information_schema', 'COLUMNS', 'COLUMN_DEFAULT', 6, NULL, 'YES', 'longtext', 4294967295, 4294967295, NULL, NULL, NULL, 'utf8', 'utf8_general_ci', 'longtext', '', '', 'select', ''),
	('def', 'information_schema', 'COLUMNS', 'IS_NULLABLE', 7, '', 'NO', 'varchar', 3, 9, NULL, NULL, NULL, 'utf8', 'utf8_general_ci', 'varchar(3)', '', '', 'select', ''),
	('def', 'information_schema', 'COLUMNS', 'DATA_TYPE', 8, '', 'NO', 'varchar', 64, 192, NULL, NULL, NULL, 'utf8', 'utf8_general_ci', 'varchar(64)', '', '', 'select', ''),
	('def', 'information_schema', 'COLUMNS', 'CHARACTER_MAXIMUM_LENGTH', 9, NULL, 'YES', 'bigint', NULL, NULL, 20, 0, NULL, NULL, NULL, 'bigint(21) unsigned', '', '', 'select', ''),
	('def', 'information_schema', 'COLUMNS', 'CHARACTER_OCTET_LENGTH', 10, NULL, 'YES', 'bigint', NULL, NULL, 20, 0, NULL, NULL, NULL, 'bigint(21) unsigned', '', '', 'select', ''),
	('def', 'information_schema', 'COLUMNS', 'NUMERIC_PRECISION', 11, NULL, 'YES', 'bigint', NULL, NULL, 20, 0, NULL, NULL, NULL, 'bigint(21) unsigned', '', '', 'select', ''),
	('def', 'information_schema', 'COLUMNS', 'NUMERIC_SCALE', 12, NULL, 'YES', 'bigint', NULL, NULL, 20, 0, NULL, NULL, NULL, 'bigint(21) unsigned', '', '', 'select', ''),
	('def', 'information_schema', 'COLUMNS', 'DATETIME_PRECISION', 13, NULL, 'YES', 'bigint', NULL, NULL, 20, 0, NULL, NULL, NULL, 'bigint(21) unsigned', '', '', 'select', ''),
	('def', 'information_schema', 'COLUMNS', 'CHARACTER_SET_NAME', 14, NULL, 'YES', 'varchar', 32, 96, NULL, NULL, NULL, 'utf8', 'utf8_general_ci', 'varchar(32)', '', '', 'select', ''),
	('def', 'information_schema', 'COLUMNS', 'COLLATION_NAME', 15, NULL, 'YES', 'varchar', 32, 96, NULL, NULL, NULL, 'utf8', 'utf8_general_ci', 'varchar(32)', '', '', 'select', ''),
	('def', 'information_schema', 'COLUMNS', 'COLUMN_TYPE', 16, NULL, 'NO', 'longtext', 4294967295, 4294967295, NULL, NULL, NULL, 'utf8', 'utf8_general_ci', 'longtext', '', '', 'select', ''),
	('def', 'information_schema', 'COLUMNS', 'COLUMN_KEY', 17, '', 'NO', 'varchar', 3, 9, NULL, NULL, NULL, 'utf8', 'utf8_general_ci', 'varchar(3)', '', '', 'select', ''),
	('def', 'information_schema', 'COLUMNS', 'EXTRA', 18, '', 'NO', 'varchar', 30, 90, NULL, NULL, NULL, 'utf8', 'utf8_general_ci', 'varchar(30)', '', '', 'select', ''),
	('def', 'information_schema', 'COLUMNS', 'PRIVILEGES', 19, '', 'NO', 'varchar', 80, 240, NULL, NULL, NULL, 'utf8', 'utf8_general_ci', 'varchar(80)', '', '', 'select', ''),
	('def', 'information_schema', 'COLUMNS', 'COLUMN_COMMENT', 20, '', 'NO', 'varchar', 1024, 3072, NULL, NULL, NULL, 'utf8', 'utf8_general_ci', 'varchar(1024)', '', '', 'select', ''),
	('def', 'information_schema', 'COLUMN_PRIVILEGES', 'GRANTEE', 1, '', 'NO', 'varchar', 81, 243, NULL, NULL, NULL, 'utf8', 'utf8_general_ci', 'varchar(81)', '', '', 'select', ''),
	('def', 'information_schema', 'COLUMN_PRIVILEGES', 'TABLE_CATALOG', 2, '', 'NO', 'varchar', 512, 1536, NULL, NULL, NULL, 'utf8', 'utf8_general_ci', 'varchar(512)', '', '', 'select', ''),
	('def', 'information_schema', 'COLUMN_PRIVILEGES', 'TABLE_SCHEMA', 3, '', 'NO', 'varchar', 64, 192, NULL, NULL, NULL, 'utf8', 'utf8_general_ci', 'varchar(64)', '', '', 'select', ''),
	('def', 'information_schema', 'COLUMN_PRIVILEGES', 'TABLE_NAME', 4, '', 'NO', 'varchar', 64, 192, NULL, NULL, NULL, 'utf8', 'utf8_general_ci', 'varchar(64)', '', '', 'select', ''),
	('def', 'information_schema', 'COLUMN_PRIVILEGES', 'COLUMN_NAME', 5, '', 'NO', 'varchar', 64, 192, NULL, NULL, NULL, 'utf8', 'utf8_general_ci', 'varchar(64)', '', '', 'select', ''),
	('def', 'information_schema', 'COLUMN_PRIVILEGES', 'PRIVILEGE_TYPE', 6, '', 'NO', 'varchar', 64, 192, NULL, NULL, NULL, 'utf8', 'utf8_general_ci', 'varchar(64)', '', '', 'select', ''),
	('def', 'information_schema', 'COLUMN_PRIVILEGES', 'IS_GRANTABLE', 7, '', 'NO', 'varchar', 3, 9, NULL, NULL, NULL, 'utf8', 'utf8_general_ci', 'varchar(3)', '', '', 'select', ''),
	('def', 'information_schema', 'ENGINES', 'ENGINE', 1, '', 'NO', 'varchar', 64, 192, NULL, NULL, NULL, 'utf8', 'utf8_general_ci', 'varchar(64)', '', '', 'select', ''),
	('def', 'information_schema', 'ENGINES', 'SUPPORT', 2, '', 'NO', 'varchar', 8, 24, NULL, NULL, NULL, 'utf8', 'utf8_general_ci', 'varchar(8)', '', '', 'select', ''),
	('def', 'information_schema', 'ENGINES', 'COMMENT', 3, '', 'NO', 'varchar', 80, 240, NULL, NULL, NULL, 'utf8', 'utf8_general_ci', 'varchar(80)', '', '', 'select', ''),
	('def', 'information_schema', 'ENGINES', 'TRANSACTIONS', 4, NULL, 'YES', 'varchar', 3, 9, NULL, NULL, NULL, 'utf8', 'utf8_general_ci', 'varchar(3)', '', '', 'select', ''),
	('def', 'information_schema', 'ENGINES', 'XA', 5, NULL, 'YES', 'varchar', 3, 9, NULL, NULL, NULL, 'utf8', 'utf8_general_ci', 'varchar(3)', '', '', 'select', ''),
	('def', 'information_schema', 'ENGINES', 'SAVEPOINTS', 6, NULL, 'YES', 'varchar', 3, 9, NULL, NULL, NULL, 'utf8', 'utf8_general_ci', 'varchar(3)', '', '', 'select', ''),
	('def', 'information_schema', 'EVENTS', 'EVENT_CATALOG', 1, '', 'NO', 'varchar', 64, 192, NULL, NULL, NULL, 'utf8', 'utf8_general_ci', 'varchar(64)', '', '', 'select', ''),
	('def', 'information_schema', 'EVENTS', 'EVENT_SCHEMA', 2, '', 'NO', 'varchar', 64, 192, NULL, NULL, NULL, 'utf8', 'utf8_general_ci', 'varchar(64)', '', '', 'select', ''),
	('def', 'information_schema', 'EVENTS', 'EVENT_NAME', 3, '', 'NO', 'varchar', 64, 192, NULL, NULL, NULL, 'utf8', 'utf8_general_ci', 'varchar(64)', '', '', 'select', ''),
	('def', 'information_schema', 'EVENTS', 'DEFINER', 4, '', 'NO', 'varchar', 77, 231, NULL, NULL, NULL, 'utf8', 'utf8_general_ci', 'varchar(77)', '', '', 'select', ''),
	('def', 'information_schema', 'EVENTS', 'TIME_ZONE', 5, '', 'NO', 'varchar', 64, 192, NULL, NULL, NULL, 'utf8', 'utf8_general_ci', 'varchar(64)', '', '', 'select', ''),
	('def', 'information_schema', 'EVENTS', 'EVENT_BODY', 6, '', 'NO', 'varchar', 8, 24, NULL, NULL, NULL, 'utf8', 'utf8_general_ci', 'varchar(8)', '', '', 'select', ''),
	('def', 'information_schema', 'EVENTS', 'EVENT_DEFINITION', 7, NULL, 'NO', 'longtext', 4294967295, 4294967295, NULL, NULL, NULL, 'utf8', 'utf8_general_ci', 'longtext', '', '', 'select', ''),
	('def', 'information_schema', 'EVENTS', 'EVENT_TYPE', 8, '', 'NO', 'varchar', 9, 27, NULL, NULL, NULL, 'utf8', 'utf8_general_ci', 'varchar(9)', '', '', 'select', ''),
	('def', 'information_schema', 'EVENTS', 'EXECUTE_AT', 9, NULL, 'YES', 'datetime', NULL, NULL, NULL, NULL, 0, NULL, NULL, 'datetime', '', '', 'select', ''),
	('def', 'information_schema', 'EVENTS', 'INTERVAL_VALUE', 10, NULL, 'YES', 'varchar', 256, 768, NULL, NULL, NULL, 'utf8', 'utf8_general_ci', 'varchar(256)', '', '', 'select', ''),
	('def', 'information_schema', 'EVENTS', 'INTERVAL_FIELD', 11, NULL, 'YES', 'varchar', 18, 54, NULL, NULL, NULL, 'utf8', 'utf8_general_ci', 'varchar(18)', '', '', 'select', ''),
	('def', 'information_schema', 'EVENTS', 'SQL_MODE', 12, '', 'NO', 'varchar', 8192, 24576, NULL, NULL, NULL, 'utf8', 'utf8_general_ci', 'varchar(8192)', '', '', 'select', ''),
	('def', 'information_schema', 'EVENTS', 'STARTS', 13, NULL, 'YES', 'datetime', NULL, NULL, NULL, NULL, 0, NULL, NULL, 'datetime', '', '', 'select', ''),
	('def', 'information_schema', 'EVENTS', 'ENDS', 14, NULL, 'YES', 'datetime', NULL, NULL, NULL, NULL, 0, NULL, NULL, 'datetime', '', '', 'select', ''),
	('def', 'information_schema', 'EVENTS', 'STATUS', 15, '', 'NO', 'varchar', 18, 54, NULL, NULL, NULL, 'utf8', 'utf8_general_ci', 'varchar(18)', '', '', 'select', ''),
	('def', 'information_schema', 'EVENTS', 'ON_COMPLETION', 16, '', 'NO', 'varchar', 12, 36, NULL, NULL, NULL, 'utf8', 'utf8_general_ci', 'varchar(12)', '', '', 'select', ''),
	('def', 'information_schema', 'EVENTS', 'CREATED', 17, '0000-00-00 00:00:00', 'NO', 'datetime', NULL, NULL, NULL, NULL, 0, NULL, NULL, 'datetime', '', '', 'select', ''),
	('def', 'information_schema', 'EVENTS', 'LAST_ALTERED', 18, '0000-00-00 00:00:00', 'NO', 'datetime', NULL, NULL, NULL, NULL, 0, NULL, NULL, 'datetime', '', '', 'select', ''),
	('def', 'information_schema', 'EVENTS', 'LAST_EXECUTED', 19, NULL, 'YES', 'datetime', NULL, NULL, NULL, NULL, 0, NULL, NULL, 'datetime', '', '', 'select', ''),
	('def', 'information_schema', 'EVENTS', 'EVENT_COMMENT', 20, '', 'NO', 'varchar', 64, 192, NULL, NULL, NULL, 'utf8', 'utf8_general_ci', 'varchar(64)', '', '', 'select', ''),
	('def', 'information_schema', 'EVENTS', 'ORIGINATOR', 21, '0', 'NO', 'bigint', NULL, NULL, 19, 0, NULL, NULL, NULL, 'bigint(10)', '', '', 'select', ''),
	('def', 'information_schema', 'EVENTS', 'CHARACTER_SET_CLIENT', 22, '', 'NO', 'varchar', 32, 96, NULL, NULL, NULL, 'utf8', 'utf8_general_ci', 'varchar(32)', '', '', 'select', ''),
	('def', 'information_schema', 'EVENTS', 'COLLATION_CONNECTION', 23, '', 'NO', 'varchar', 32, 96, NULL, NULL, NULL, 'utf8', 'utf8_general_ci', 'varchar(32)', '', '', 'select', ''),
	('def', 'information_schema', 'EVENTS', 'DATABASE_COLLATION', 24, '', 'NO', 'varchar', 32, 96, NULL, NULL, NULL, 'utf8', 'utf8_general_ci', 'varchar(32)', '', '', 'select', ''),
	('def', 'information_schema', 'FILES', 'FILE_ID', 1, '0', 'NO', 'bigint', NULL, NULL, 19, 0, NULL, NULL, NULL, 'bigint(4)', '', '', 'select', ''),
	('def', 'information_schema', 'FILES', 'FILE_NAME', 2, NULL, 'YES', 'varchar', 64, 192, NULL, NULL, NULL, 'utf8', 'utf8_general_ci', 'varchar(64)', '', '', 'select', ''),
	('def', 'information_schema', 'FILES', 'FILE_TYPE', 3, '', 'NO', 'varchar', 20, 60, NULL, NULL, NULL, 'utf8', 'utf8_general_ci', 'varchar(20)', '', '', 'select', ''),
	('def', 'information_schema', 'FILES', 'TABLESPACE_NAME', 4, NULL, 'YES', 'varchar', 64, 192, NULL, NULL, NULL, 'utf8', 'utf8_general_ci', 'varchar(64)', '', '', 'select', ''),
	('def', 'information_schema', 'FILES', 'TABLE_CATALOG', 5, '', 'NO', 'varchar', 64, 192, NULL, NULL, NULL, 'utf8', 'utf8_general_ci', 'varchar(64)', '', '', 'select', ''),
	('def', 'information_schema', 'FILES', 'TABLE_SCHEMA', 6, NULL, 'YES', 'varchar', 64, 192, NULL, NULL, NULL, 'utf8', 'utf8_general_ci', 'varchar(64)', '', '', 'select', ''),
	('def', 'information_schema', 'FILES', 'TABLE_NAME', 7, NULL, 'YES', 'varchar', 64, 192, NULL, NULL, NULL, 'utf8', 'utf8_general_ci', 'varchar(64)', '', '', 'select', ''),
	('def', 'information_schema', 'FILES', 'LOGFILE_GROUP_NAME', 8, NULL, 'YES', 'varchar', 64, 192, NULL, NULL, NULL, 'utf8', 'utf8_general_ci', 'varchar(64)', '', '', 'select', ''),
	('def', 'information_schema', 'FILES', 'LOGFILE_GROUP_NUMBER', 9, NULL, 'YES', 'bigint', NULL, NULL, 19, 0, NULL, NULL, NULL, 'bigint(4)', '', '', 'select', ''),
	('def', 'information_schema', 'FILES', 'ENGINE', 10, '', 'NO', 'varchar', 64, 192, NULL, NULL, NULL, 'utf8', 'utf8_general_ci', 'varchar(64)', '', '', 'select', ''),
	('def', 'information_schema', 'FILES', 'FULLTEXT_KEYS', 11, NULL, 'YES', 'varchar', 64, 192, NULL, NULL, NULL, 'utf8', 'utf8_general_ci', 'varchar(64)', '', '', 'select', ''),
	('def', 'information_schema', 'FILES', 'DELETED_ROWS', 12, NULL, 'YES', 'bigint', NULL, NULL, 19, 0, NULL, NULL, NULL, 'bigint(4)', '', '', 'select', ''),
	('def', 'information_schema', 'FILES', 'UPDATE_COUNT', 13, NULL, 'YES', 'bigint', NULL, NULL, 19, 0, NULL, NULL, NULL, 'bigint(4)', '', '', 'select', ''),
	('def', 'information_schema', 'FILES', 'FREE_EXTENTS', 14, NULL, 'YES', 'bigint', NULL, NULL, 19, 0, NULL, NULL, NULL, 'bigint(4)', '', '', 'select', ''),
	('def', 'information_schema', 'FILES', 'TOTAL_EXTENTS', 15, NULL, 'YES', 'bigint', NULL, NULL, 19, 0, NULL, NULL, NULL, 'bigint(4)', '', '', 'select', ''),
	('def', 'information_schema', 'FILES', 'EXTENT_SIZE', 16, '0', 'NO', 'bigint', NULL, NULL, 19, 0, NULL, NULL, NULL, 'bigint(4)', '', '', 'select', ''),
	('def', 'information_schema', 'FILES', 'INITIAL_SIZE', 17, NULL, 'YES', 'bigint', NULL, NULL, 20, 0, NULL, NULL, NULL, 'bigint(21) unsigned', '', '', 'select', ''),
	('def', 'information_schema', 'FILES', 'MAXIMUM_SIZE', 18, NULL, 'YES', 'bigint', NULL, NULL, 20, 0, NULL, NULL, NULL, 'bigint(21) unsigned', '', '', 'select', ''),
	('def', 'information_schema', 'FILES', 'AUTOEXTEND_SIZE', 19, NULL, 'YES', 'bigint', NULL, NULL, 20, 0, NULL, NULL, NULL, 'bigint(21) unsigned', '', '', 'select', ''),
	('def', 'information_schema', 'FILES', 'CREATION_TIME', 20, NULL, 'YES', 'datetime', NULL, NULL, NULL, NULL, 0, NULL, NULL, 'datetime', '', '', 'select', ''),
	('def', 'information_schema', 'FILES', 'LAST_UPDATE_TIME', 21, NULL, 'YES', 'datetime', NULL, NULL, NULL, NULL, 0, NULL, NULL, 'datetime', '', '', 'select', ''),
	('def', 'information_schema', 'FILES', 'LAST_ACCESS_TIME', 22, NULL, 'YES', 'datetime', NULL, NULL, NULL, NULL, 0, NULL, NULL, 'datetime', '', '', 'select', ''),
	('def', 'information_schema', 'FILES', 'RECOVER_TIME', 23, NULL, 'YES', 'bigint', NULL, NULL, 19, 0, NULL, NULL, NULL, 'bigint(4)', '', '', 'select', ''),
	('def', 'information_schema', 'FILES', 'TRANSACTION_COUNTER', 24, NULL, 'YES', 'bigint', NULL, NULL, 19, 0, NULL, NULL, NULL, 'bigint(4)', '', '', 'select', ''),
	('def', 'information_schema', 'FILES', 'VERSION', 25, NULL, 'YES', 'bigint', NULL, NULL, 20, 0, NULL, NULL, NULL, 'bigint(21) unsigned', '', '', 'select', ''),
	('def', 'information_schema', 'FILES', 'ROW_FORMAT', 26, NULL, 'YES', 'varchar', 10, 30, NULL, NULL, NULL, 'utf8', 'utf8_general_ci', 'varchar(10)', '', '', 'select', ''),
	('def', 'information_schema', 'FILES', 'TABLE_ROWS', 27, NULL, 'YES', 'bigint', NULL, NULL, 20, 0, NULL, NULL, NULL, 'bigint(21) unsigned', '', '', 'select', ''),
	('def', 'information_schema', 'FILES', 'AVG_ROW_LENGTH', 28, NULL, 'YES', 'bigint', NULL, NULL, 20, 0, NULL, NULL, NULL, 'bigint(21) unsigned', '', '', 'select', ''),
	('def', 'information_schema', 'FILES', 'DATA_LENGTH', 29, NULL, 'YES', 'bigint', NULL, NULL, 20, 0, NULL, NULL, NULL, 'bigint(21) unsigned', '', '', 'select', ''),
	('def', 'information_schema', 'FILES', 'MAX_DATA_LENGTH', 30, NULL, 'YES', 'bigint', NULL, NULL, 20, 0, NULL, NULL, NULL, 'bigint(21) unsigned', '', '', 'select', ''),
	('def', 'information_schema', 'FILES', 'INDEX_LENGTH', 31, NULL, 'YES', 'bigint', NULL, NULL, 20, 0, NULL, NULL, NULL, 'bigint(21) unsigned', '', '', 'select', ''),
	('def', 'information_schema', 'FILES', 'DATA_FREE', 32, NULL, 'YES', 'bigint', NULL, NULL, 20, 0, NULL, NULL, NULL, 'bigint(21) unsigned', '', '', 'select', ''),
	('def', 'information_schema', 'FILES', 'CREATE_TIME', 33, NULL, 'YES', 'datetime', NULL, NULL, NULL, NULL, 0, NULL, NULL, 'datetime', '', '', 'select', ''),
	('def', 'information_schema', 'FILES', 'UPDATE_TIME', 34, NULL, 'YES', 'datetime', NULL, NULL, NULL, NULL, 0, NULL, NULL, 'datetime', '', '', 'select', ''),
	('def', 'information_schema', 'FILES', 'CHECK_TIME', 35, NULL, 'YES', 'datetime', NULL, NULL, NULL, NULL, 0, NULL, NULL, 'datetime', '', '', 'select', ''),
	('def', 'information_schema', 'FILES', 'CHECKSUM', 36, NULL, 'YES', 'bigint', NULL, NULL, 20, 0, NULL, NULL, NULL, 'bigint(21) unsigned', '', '', 'select', ''),
	('def', 'information_schema', 'FILES', 'STATUS', 37, '', 'NO', 'varchar', 20, 60, NULL, NULL, NULL, 'utf8', 'utf8_general_ci', 'varchar(20)', '', '', 'select', ''),
	('def', 'information_schema', 'FILES', 'EXTRA', 38, NULL, 'YES', 'varchar', 255, 765, NULL, NULL, NULL, 'utf8', 'utf8_general_ci', 'varchar(255)', '', '', 'select', ''),
	('def', 'information_schema', 'GLOBAL_STATUS', 'VARIABLE_NAME', 1, '', 'NO', 'varchar', 64, 192, NULL, NULL, NULL, 'utf8', 'utf8_general_ci', 'varchar(64)', '', '', 'select', ''),
	('def', 'information_schema', 'GLOBAL_STATUS', 'VARIABLE_VALUE', 2, NULL, 'YES', 'varchar', 1024, 3072, NULL, NULL, NULL, 'utf8', 'utf8_general_ci', 'varchar(1024)', '', '', 'select', ''),
	('def', 'information_schema', 'GLOBAL_VARIABLES', 'VARIABLE_NAME', 1, '', 'NO', 'varchar', 64, 192, NULL, NULL, NULL, 'utf8', 'utf8_general_ci', 'varchar(64)', '', '', 'select', ''),
	('def', 'information_schema', 'GLOBAL_VARIABLES', 'VARIABLE_VALUE', 2, NULL, 'YES', 'varchar', 1024, 3072, NULL, NULL, NULL, 'utf8', 'utf8_general_ci', 'varchar(1024)', '', '', 'select', ''),
	('def', 'information_schema', 'KEY_COLUMN_USAGE', 'CONSTRAINT_CATALOG', 1, '', 'NO', 'varchar', 512, 1536, NULL, NULL, NULL, 'utf8', 'utf8_general_ci', 'varchar(512)', '', '', 'select', ''),
	('def', 'information_schema', 'KEY_COLUMN_USAGE', 'CONSTRAINT_SCHEMA', 2, '', 'NO', 'varchar', 64, 192, NULL, NULL, NULL, 'utf8', 'utf8_general_ci', 'varchar(64)', '', '', 'select', ''),
	('def', 'information_schema', 'KEY_COLUMN_USAGE', 'CONSTRAINT_NAME', 3, '', 'NO', 'varchar', 64, 192, NULL, NULL, NULL, 'utf8', 'utf8_general_ci', 'varchar(64)', '', '', 'select', ''),
	('def', 'information_schema', 'KEY_COLUMN_USAGE', 'TABLE_CATALOG', 4, '', 'NO', 'varchar', 512, 1536, NULL, NULL, NULL, 'utf8', 'utf8_general_ci', 'varchar(512)', '', '', 'select', ''),
	('def', 'information_schema', 'KEY_COLUMN_USAGE', 'TABLE_SCHEMA', 5, '', 'NO', 'varchar', 64, 192, NULL, NULL, NULL, 'utf8', 'utf8_general_ci', 'varchar(64)', '', '', 'select', ''),
	('def', 'information_schema', 'KEY_COLUMN_USAGE', 'TABLE_NAME', 6, '', 'NO', 'varchar', 64, 192, NULL, NULL, NULL, 'utf8', 'utf8_general_ci', 'varchar(64)', '', '', 'select', ''),
	('def', 'information_schema', 'KEY_COLUMN_USAGE', 'COLUMN_NAME', 7, '', 'NO', 'varchar', 64, 192, NULL, NULL, NULL, 'utf8', 'utf8_general_ci', 'varchar(64)', '', '', 'select', ''),
	('def', 'information_schema', 'KEY_COLUMN_USAGE', 'ORDINAL_POSITION', 8, '0', 'NO', 'bigint', NULL, NULL, 19, 0, NULL, NULL, NULL, 'bigint(10)', '', '', 'select', ''),
	('def', 'information_schema', 'KEY_COLUMN_USAGE', 'POSITION_IN_UNIQUE_CONSTRAINT', 9, NULL, 'YES', 'bigint', NULL, NULL, 19, 0, NULL, NULL, NULL, 'bigint(10)', '', '', 'select', ''),
	('def', 'information_schema', 'KEY_COLUMN_USAGE', 'REFERENCED_TABLE_SCHEMA', 10, NULL, 'YES', 'varchar', 64, 192, NULL, NULL, NULL, 'utf8', 'utf8_general_ci', 'varchar(64)', '', '', 'select', ''),
	('def', 'information_schema', 'KEY_COLUMN_USAGE', 'REFERENCED_TABLE_NAME', 11, NULL, 'YES', 'varchar', 64, 192, NULL, NULL, NULL, 'utf8', 'utf8_general_ci', 'varchar(64)', '', '', 'select', ''),
	('def', 'information_schema', 'KEY_COLUMN_USAGE', 'REFERENCED_COLUMN_NAME', 12, NULL, 'YES', 'varchar', 64, 192, NULL, NULL, NULL, 'utf8', 'utf8_general_ci', 'varchar(64)', '', '', 'select', ''),
	('def', 'information_schema', 'OPTIMIZER_TRACE', 'QUERY', 1, NULL, 'NO', 'longtext', 4294967295, 4294967295, NULL, NULL, NULL, 'utf8', 'utf8_general_ci', 'longtext', '', '', 'select', ''),
	('def', 'information_schema', 'OPTIMIZER_TRACE', 'TRACE', 2, NULL, 'NO', 'longtext', 4294967295, 4294967295, NULL, NULL, NULL, 'utf8', 'utf8_general_ci', 'longtext', '', '', 'select', ''),
	('def', 'information_schema', 'OPTIMIZER_TRACE', 'MISSING_BYTES_BEYOND_MAX_MEM_SIZE', 3, '0', 'NO', 'int', NULL, NULL, 10, 0, NULL, NULL, NULL, 'int(20)', '', '', 'select', ''),
	('def', 'information_schema', 'OPTIMIZER_TRACE', 'INSUFFICIENT_PRIVILEGES', 4, '0', 'NO', 'tinyint', NULL, NULL, 3, 0, NULL, NULL, NULL, 'tinyint(1)', '', '', 'select', ''),
	('def', 'information_schema', 'PARAMETERS', 'SPECIFIC_CATALOG', 1, '', 'NO', 'varchar', 512, 1536, NULL, NULL, NULL, 'utf8', 'utf8_general_ci', 'varchar(512)', '', '', 'select', ''),
	('def', 'information_schema', 'PARAMETERS', 'SPECIFIC_SCHEMA', 2, '', 'NO', 'varchar', 64, 192, NULL, NULL, NULL, 'utf8', 'utf8_general_ci', 'varchar(64)', '', '', 'select', ''),
	('def', 'information_schema', 'PARAMETERS', 'SPECIFIC_NAME', 3, '', 'NO', 'varchar', 64, 192, NULL, NULL, NULL, 'utf8', 'utf8_general_ci', 'varchar(64)', '', '', 'select', ''),
	('def', 'information_schema', 'PARAMETERS', 'ORDINAL_POSITION', 4, '0', 'NO', 'int', NULL, NULL, 10, 0, NULL, NULL, NULL, 'int(21)', '', '', 'select', ''),
	('def', 'information_schema', 'PARAMETERS', 'PARAMETER_MODE', 5, NULL, 'YES', 'varchar', 5, 15, NULL, NULL, NULL, 'utf8', 'utf8_general_ci', 'varchar(5)', '', '', 'select', ''),
	('def', 'information_schema', 'PARAMETERS', 'PARAMETER_NAME', 6, NULL, 'YES', 'varchar', 64, 192, NULL, NULL, NULL, 'utf8', 'utf8_general_ci', 'varchar(64)', '', '', 'select', ''),
	('def', 'information_schema', 'PARAMETERS', 'DATA_TYPE', 7, '', 'NO', 'varchar', 64, 192, NULL, NULL, NULL, 'utf8', 'utf8_general_ci', 'varchar(64)', '', '', 'select', ''),
	('def', 'information_schema', 'PARAMETERS', 'CHARACTER_MAXIMUM_LENGTH', 8, NULL, 'YES', 'int', NULL, NULL, 10, 0, NULL, NULL, NULL, 'int(21)', '', '', 'select', ''),
	('def', 'information_schema', 'PARAMETERS', 'CHARACTER_OCTET_LENGTH', 9, NULL, 'YES', 'int', NULL, NULL, 10, 0, NULL, NULL, NULL, 'int(21)', '', '', 'select', ''),
	('def', 'information_schema', 'PARAMETERS', 'NUMERIC_PRECISION', 10, NULL, 'YES', 'bigint', NULL, NULL, 20, 0, NULL, NULL, NULL, 'bigint(21) unsigned', '', '', 'select', ''),
	('def', 'information_schema', 'PARAMETERS', 'NUMERIC_SCALE', 11, NULL, 'YES', 'int', NULL, NULL, 10, 0, NULL, NULL, NULL, 'int(21)', '', '', 'select', ''),
	('def', 'information_schema', 'PARAMETERS', 'DATETIME_PRECISION', 12, NULL, 'YES', 'bigint', NULL, NULL, 20, 0, NULL, NULL, NULL, 'bigint(21) unsigned', '', '', 'select', ''),
	('def', 'information_schema', 'PARAMETERS', 'CHARACTER_SET_NAME', 13, NULL, 'YES', 'varchar', 64, 192, NULL, NULL, NULL, 'utf8', 'utf8_general_ci', 'varchar(64)', '', '', 'select', ''),
	('def', 'information_schema', 'PARAMETERS', 'COLLATION_NAME', 14, NULL, 'YES', 'varchar', 64, 192, NULL, NULL, NULL, 'utf8', 'utf8_general_ci', 'varchar(64)', '', '', 'select', ''),
	('def', 'information_schema', 'PARAMETERS', 'DTD_IDENTIFIER', 15, NULL, 'NO', 'longtext', 4294967295, 4294967295, NULL, NULL, NULL, 'utf8', 'utf8_general_ci', 'longtext', '', '', 'select', ''),
	('def', 'information_schema', 'PARAMETERS', 'ROUTINE_TYPE', 16, '', 'NO', 'varchar', 9, 27, NULL, NULL, NULL, 'utf8', 'utf8_general_ci', 'varchar(9)', '', '', 'select', ''),
	('def', 'information_schema', 'PARTITIONS', 'TABLE_CATALOG', 1, '', 'NO', 'varchar', 512, 1536, NULL, NULL, NULL, 'utf8', 'utf8_general_ci', 'varchar(512)', '', '', 'select', ''),
	('def', 'information_schema', 'PARTITIONS', 'TABLE_SCHEMA', 2, '', 'NO', 'varchar', 64, 192, NULL, NULL, NULL, 'utf8', 'utf8_general_ci', 'varchar(64)', '', '', 'select', ''),
	('def', 'information_schema', 'PARTITIONS', 'TABLE_NAME', 3, '', 'NO', 'varchar', 64, 192, NULL, NULL, NULL, 'utf8', 'utf8_general_ci', 'varchar(64)', '', '', 'select', ''),
	('def', 'information_schema', 'PARTITIONS', 'PARTITION_NAME', 4, NULL, 'YES', 'varchar', 64, 192, NULL, NULL, NULL, 'utf8', 'utf8_general_ci', 'varchar(64)', '', '', 'select', ''),
	('def', 'information_schema', 'PARTITIONS', 'SUBPARTITION_NAME', 5, NULL, 'YES', 'varchar', 64, 192, NULL, NULL, NULL, 'utf8', 'utf8_general_ci', 'varchar(64)', '', '', 'select', ''),
	('def', 'information_schema', 'PARTITIONS', 'PARTITION_ORDINAL_POSITION', 6, NULL, 'YES', 'bigint', NULL, NULL, 20, 0, NULL, NULL, NULL, 'bigint(21) unsigned', '', '', 'select', ''),
	('def', 'information_schema', 'PARTITIONS', 'SUBPARTITION_ORDINAL_POSITION', 7, NULL, 'YES', 'bigint', NULL, NULL, 20, 0, NULL, NULL, NULL, 'bigint(21) unsigned', '', '', 'select', ''),
	('def', 'information_schema', 'PARTITIONS', 'PARTITION_METHOD', 8, NULL, 'YES', 'varchar', 18, 54, NULL, NULL, NULL, 'utf8', 'utf8_general_ci', 'varchar(18)', '', '', 'select', ''),
	('def', 'information_schema', 'PARTITIONS', 'SUBPARTITION_METHOD', 9, NULL, 'YES', 'varchar', 12, 36, NULL, NULL, NULL, 'utf8', 'utf8_general_ci', 'varchar(12)', '', '', 'select', ''),
	('def', 'information_schema', 'PARTITIONS', 'PARTITION_EXPRESSION', 10, NULL, 'YES', 'longtext', 4294967295, 4294967295, NULL, NULL, NULL, 'utf8', 'utf8_general_ci', 'longtext', '', '', 'select', ''),
	('def', 'information_schema', 'PARTITIONS', 'SUBPARTITION_EXPRESSION', 11, NULL, 'YES', 'longtext', 4294967295, 4294967295, NULL, NULL, NULL, 'utf8', 'utf8_general_ci', 'longtext', '', '', 'select', ''),
	('def', 'information_schema', 'PARTITIONS', 'PARTITION_DESCRIPTION', 12, NULL, 'YES', 'longtext', 4294967295, 4294967295, NULL, NULL, NULL, 'utf8', 'utf8_general_ci', 'longtext', '', '', 'select', ''),
	('def', 'information_schema', 'PARTITIONS', 'TABLE_ROWS', 13, '0', 'NO', 'bigint', NULL, NULL, 20, 0, NULL, NULL, NULL, 'bigint(21) unsigned', '', '', 'select', ''),
	('def', 'information_schema', 'PARTITIONS', 'AVG_ROW_LENGTH', 14, '0', 'NO', 'bigint', NULL, NULL, 20, 0, NULL, NULL, NULL, 'bigint(21) unsigned', '', '', 'select', ''),
	('def', 'information_schema', 'PARTITIONS', 'DATA_LENGTH', 15, '0', 'NO', 'bigint', NULL, NULL, 20, 0, NULL, NULL, NULL, 'bigint(21) unsigned', '', '', 'select', ''),
	('def', 'information_schema', 'PARTITIONS', 'MAX_DATA_LENGTH', 16, NULL, 'YES', 'bigint', NULL, NULL, 20, 0, NULL, NULL, NULL, 'bigint(21) unsigned', '', '', 'select', ''),
	('def', 'information_schema', 'PARTITIONS', 'INDEX_LENGTH', 17, '0', 'NO', 'bigint', NULL, NULL, 20, 0, NULL, NULL, NULL, 'bigint(21) unsigned', '', '', 'select', ''),
	('def', 'information_schema', 'PARTITIONS', 'DATA_FREE', 18, '0', 'NO', 'bigint', NULL, NULL, 20, 0, NULL, NULL, NULL, 'bigint(21) unsigned', '', '', 'select', ''),
	('def', 'information_schema', 'PARTITIONS', 'CREATE_TIME', 19, NULL, 'YES', 'datetime', NULL, NULL, NULL, NULL, 0, NULL, NULL, 'datetime', '', '', 'select', ''),
	('def', 'information_schema', 'PARTITIONS', 'UPDATE_TIME', 20, NULL, 'YES', 'datetime', NULL, NULL, NULL, NULL, 0, NULL, NULL, 'datetime', '', '', 'select', ''),
	('def', 'information_schema', 'PARTITIONS', 'CHECK_TIME', 21, NULL, 'YES', 'datetime', NULL, NULL, NULL, NULL, 0, NULL, NULL, 'datetime', '', '', 'select', ''),
	('def', 'information_schema', 'PARTITIONS', 'CHECKSUM', 22, NULL, 'YES', 'bigint', NULL, NULL, 20, 0, NULL, NULL, NULL, 'bigint(21) unsigned', '', '', 'select', ''),
	('def', 'information_schema', 'PARTITIONS', 'PARTITION_COMMENT', 23, '', 'NO', 'varchar', 80, 240, NULL, NULL, NULL, 'utf8', 'utf8_general_ci', 'varchar(80)', '', '', 'select', ''),
	('def', 'information_schema', 'PARTITIONS', 'NODEGROUP', 24, '', 'NO', 'varchar', 12, 36, NULL, NULL, NULL, 'utf8', 'utf8_general_ci', 'varchar(12)', '', '', 'select', ''),
	('def', 'information_schema', 'PARTITIONS', 'TABLESPACE_NAME', 25, NULL, 'YES', 'varchar', 64, 192, NULL, NULL, NULL, 'utf8', 'utf8_general_ci', 'varchar(64)', '', '', 'select', ''),
	('def', 'information_schema', 'PLUGINS', 'PLUGIN_NAME', 1, '', 'NO', 'varchar', 64, 192, NULL, NULL, NULL, 'utf8', 'utf8_general_ci', 'varchar(64)', '', '', 'select', ''),
	('def', 'information_schema', 'PLUGINS', 'PLUGIN_VERSION', 2, '', 'NO', 'varchar', 20, 60, NULL, NULL, NULL, 'utf8', 'utf8_general_ci', 'varchar(20)', '', '', 'select', ''),
	('def', 'information_schema', 'PLUGINS', 'PLUGIN_STATUS', 3, '', 'NO', 'varchar', 10, 30, NULL, NULL, NULL, 'utf8', 'utf8_general_ci', 'varchar(10)', '', '', 'select', ''),
	('def', 'information_schema', 'PLUGINS', 'PLUGIN_TYPE', 4, '', 'NO', 'varchar', 80, 240, NULL, NULL, NULL, 'utf8', 'utf8_general_ci', 'varchar(80)', '', '', 'select', ''),
	('def', 'information_schema', 'PLUGINS', 'PLUGIN_TYPE_VERSION', 5, '', 'NO', 'varchar', 20, 60, NULL, NULL, NULL, 'utf8', 'utf8_general_ci', 'varchar(20)', '', '', 'select', ''),
	('def', 'information_schema', 'PLUGINS', 'PLUGIN_LIBRARY', 6, NULL, 'YES', 'varchar', 64, 192, NULL, NULL, NULL, 'utf8', 'utf8_general_ci', 'varchar(64)', '', '', 'select', ''),
	('def', 'information_schema', 'PLUGINS', 'PLUGIN_LIBRARY_VERSION', 7, NULL, 'YES', 'varchar', 20, 60, NULL, NULL, NULL, 'utf8', 'utf8_general_ci', 'varchar(20)', '', '', 'select', ''),
	('def', 'information_schema', 'PLUGINS', 'PLUGIN_AUTHOR', 8, NULL, 'YES', 'varchar', 64, 192, NULL, NULL, NULL, 'utf8', 'utf8_general_ci', 'varchar(64)', '', '', 'select', ''),
	('def', 'information_schema', 'PLUGINS', 'PLUGIN_DESCRIPTION', 9, NULL, 'YES', 'longtext', 4294967295, 4294967295, NULL, NULL, NULL, 'utf8', 'utf8_general_ci', 'longtext', '', '', 'select', ''),
	('def', 'information_schema', 'PLUGINS', 'PLUGIN_LICENSE', 10, NULL, 'YES', 'varchar', 80, 240, NULL, NULL, NULL, 'utf8', 'utf8_general_ci', 'varchar(80)', '', '', 'select', ''),
	('def', 'information_schema', 'PLUGINS', 'LOAD_OPTION', 11, '', 'NO', 'varchar', 64, 192, NULL, NULL, NULL, 'utf8', 'utf8_general_ci', 'varchar(64)', '', '', 'select', ''),
	('def', 'information_schema', 'PROCESSLIST', 'ID', 1, '0', 'NO', 'bigint', NULL, NULL, 20, 0, NULL, NULL, NULL, 'bigint(21) unsigned', '', '', 'select', ''),
	('def', 'information_schema', 'PROCESSLIST', 'USER', 2, '', 'NO', 'varchar', 16, 48, NULL, NULL, NULL, 'utf8', 'utf8_general_ci', 'varchar(16)', '', '', 'select', ''),
	('def', 'information_schema', 'PROCESSLIST', 'HOST', 3, '', 'NO', 'varchar', 64, 192, NULL, NULL, NULL, 'utf8', 'utf8_general_ci', 'varchar(64)', '', '', 'select', ''),
	('def', 'information_schema', 'PROCESSLIST', 'DB', 4, NULL, 'YES', 'varchar', 64, 192, NULL, NULL, NULL, 'utf8', 'utf8_general_ci', 'varchar(64)', '', '', 'select', ''),
	('def', 'information_schema', 'PROCESSLIST', 'COMMAND', 5, '', 'NO', 'varchar', 16, 48, NULL, NULL, NULL, 'utf8', 'utf8_general_ci', 'varchar(16)', '', '', 'select', ''),
	('def', 'information_schema', 'PROCESSLIST', 'TIME', 6, '0', 'NO', 'int', NULL, NULL, 10, 0, NULL, NULL, NULL, 'int(7)', '', '', 'select', ''),
	('def', 'information_schema', 'PROCESSLIST', 'STATE', 7, NULL, 'YES', 'varchar', 64, 192, NULL, NULL, NULL, 'utf8', 'utf8_general_ci', 'varchar(64)', '', '', 'select', ''),
	('def', 'information_schema', 'PROCESSLIST', 'INFO', 8, NULL, 'YES', 'longtext', 4294967295, 4294967295, NULL, NULL, NULL, 'utf8', 'utf8_general_ci', 'longtext', '', '', 'select', ''),
	('def', 'information_schema', 'PROFILING', 'QUERY_ID', 1, '0', 'NO', 'int', NULL, NULL, 10, 0, NULL, NULL, NULL, 'int(20)', '', '', 'select', ''),
	('def', 'information_schema', 'PROFILING', 'SEQ', 2, '0', 'NO', 'int', NULL, NULL, 10, 0, NULL, NULL, NULL, 'int(20)', '', '', 'select', ''),
	('def', 'information_schema', 'PROFILING', 'STATE', 3, '', 'NO', 'varchar', 30, 90, NULL, NULL, NULL, 'utf8', 'utf8_general_ci', 'varchar(30)', '', '', 'select', ''),
	('def', 'information_schema', 'PROFILING', 'DURATION', 4, '0.000000', 'NO', 'decimal', NULL, NULL, 9, 6, NULL, NULL, NULL, 'decimal(9,6)', '', '', 'select', ''),
	('def', 'information_schema', 'PROFILING', 'CPU_USER', 5, NULL, 'YES', 'decimal', NULL, NULL, 9, 6, NULL, NULL, NULL, 'decimal(9,6)', '', '', 'select', ''),
	('def', 'information_schema', 'PROFILING', 'CPU_SYSTEM', 6, NULL, 'YES', 'decimal', NULL, NULL, 9, 6, NULL, NULL, NULL, 'decimal(9,6)', '', '', 'select', ''),
	('def', 'information_schema', 'PROFILING', 'CONTEXT_VOLUNTARY', 7, NULL, 'YES', 'int', NULL, NULL, 10, 0, NULL, NULL, NULL, 'int(20)', '', '', 'select', ''),
	('def', 'information_schema', 'PROFILING', 'CONTEXT_INVOLUNTARY', 8, NULL, 'YES', 'int', NULL, NULL, 10, 0, NULL, NULL, NULL, 'int(20)', '', '', 'select', ''),
	('def', 'information_schema', 'PROFILING', 'BLOCK_OPS_IN', 9, NULL, 'YES', 'int', NULL, NULL, 10, 0, NULL, NULL, NULL, 'int(20)', '', '', 'select', ''),
	('def', 'information_schema', 'PROFILING', 'BLOCK_OPS_OUT', 10, NULL, 'YES', 'int', NULL, NULL, 10, 0, NULL, NULL, NULL, 'int(20)', '', '', 'select', ''),
	('def', 'information_schema', 'PROFILING', 'MESSAGES_SENT', 11, NULL, 'YES', 'int', NULL, NULL, 10, 0, NULL, NULL, NULL, 'int(20)', '', '', 'select', ''),
	('def', 'information_schema', 'PROFILING', 'MESSAGES_RECEIVED', 12, NULL, 'YES', 'int', NULL, NULL, 10, 0, NULL, NULL, NULL, 'int(20)', '', '', 'select', ''),
	('def', 'information_schema', 'PROFILING', 'PAGE_FAULTS_MAJOR', 13, NULL, 'YES', 'int', NULL, NULL, 10, 0, NULL, NULL, NULL, 'int(20)', '', '', 'select', ''),
	('def', 'information_schema', 'PROFILING', 'PAGE_FAULTS_MINOR', 14, NULL, 'YES', 'int', NULL, NULL, 10, 0, NULL, NULL, NULL, 'int(20)', '', '', 'select', ''),
	('def', 'information_schema', 'PROFILING', 'SWAPS', 15, NULL, 'YES', 'int', NULL, NULL, 10, 0, NULL, NULL, NULL, 'int(20)', '', '', 'select', ''),
	('def', 'information_schema', 'PROFILING', 'SOURCE_FUNCTION', 16, NULL, 'YES', 'varchar', 30, 90, NULL, NULL, NULL, 'utf8', 'utf8_general_ci', 'varchar(30)', '', '', 'select', ''),
	('def', 'information_schema', 'PROFILING', 'SOURCE_FILE', 17, NULL, 'YES', 'varchar', 20, 60, NULL, NULL, NULL, 'utf8', 'utf8_general_ci', 'varchar(20)', '', '', 'select', ''),
	('def', 'information_schema', 'PROFILING', 'SOURCE_LINE', 18, NULL, 'YES', 'int', NULL, NULL, 10, 0, NULL, NULL, NULL, 'int(20)', '', '', 'select', ''),
	('def', 'information_schema', 'REFERENTIAL_CONSTRAINTS', 'CONSTRAINT_CATALOG', 1, '', 'NO', 'varchar', 512, 1536, NULL, NULL, NULL, 'utf8', 'utf8_general_ci', 'varchar(512)', '', '', 'select', ''),
	('def', 'information_schema', 'REFERENTIAL_CONSTRAINTS', 'CONSTRAINT_SCHEMA', 2, '', 'NO', 'varchar', 64, 192, NULL, NULL, NULL, 'utf8', 'utf8_general_ci', 'varchar(64)', '', '', 'select', ''),
	('def', 'information_schema', 'REFERENTIAL_CONSTRAINTS', 'CONSTRAINT_NAME', 3, '', 'NO', 'varchar', 64, 192, NULL, NULL, NULL, 'utf8', 'utf8_general_ci', 'varchar(64)', '', '', 'select', ''),
	('def', 'information_schema', 'REFERENTIAL_CONSTRAINTS', 'UNIQUE_CONSTRAINT_CATALOG', 4, '', 'NO', 'varchar', 512, 1536, NULL, NULL, NULL, 'utf8', 'utf8_general_ci', 'varchar(512)', '', '', 'select', ''),
	('def', 'information_schema', 'REFERENTIAL_CONSTRAINTS', 'UNIQUE_CONSTRAINT_SCHEMA', 5, '', 'NO', 'varchar', 64, 192, NULL, NULL, NULL, 'utf8', 'utf8_general_ci', 'varchar(64)', '', '', 'select', ''),
	('def', 'information_schema', 'REFERENTIAL_CONSTRAINTS', 'UNIQUE_CONSTRAINT_NAME', 6, NULL, 'YES', 'varchar', 64, 192, NULL, NULL, NULL, 'utf8', 'utf8_general_ci', 'varchar(64)', '', '', 'select', ''),
	('def', 'information_schema', 'REFERENTIAL_CONSTRAINTS', 'MATCH_OPTION', 7, '', 'NO', 'varchar', 64, 192, NULL, NULL, NULL, 'utf8', 'utf8_general_ci', 'varchar(64)', '', '', 'select', ''),
	('def', 'information_schema', 'REFERENTIAL_CONSTRAINTS', 'UPDATE_RULE', 8, '', 'NO', 'varchar', 64, 192, NULL, NULL, NULL, 'utf8', 'utf8_general_ci', 'varchar(64)', '', '', 'select', ''),
	('def', 'information_schema', 'REFERENTIAL_CONSTRAINTS', 'DELETE_RULE', 9, '', 'NO', 'varchar', 64, 192, NULL, NULL, NULL, 'utf8', 'utf8_general_ci', 'varchar(64)', '', '', 'select', ''),
	('def', 'information_schema', 'REFERENTIAL_CONSTRAINTS', 'TABLE_NAME', 10, '', 'NO', 'varchar', 64, 192, NULL, NULL, NULL, 'utf8', 'utf8_general_ci', 'varchar(64)', '', '', 'select', ''),
	('def', 'information_schema', 'REFERENTIAL_CONSTRAINTS', 'REFERENCED_TABLE_NAME', 11, '', 'NO', 'varchar', 64, 192, NULL, NULL, NULL, 'utf8', 'utf8_general_ci', 'varchar(64)', '', '', 'select', ''),
	('def', 'information_schema', 'ROUTINES', 'SPECIFIC_NAME', 1, '', 'NO', 'varchar', 64, 192, NULL, NULL, NULL, 'utf8', 'utf8_general_ci', 'varchar(64)', '', '', 'select', ''),
	('def', 'information_schema', 'ROUTINES', 'ROUTINE_CATALOG', 2, '', 'NO', 'varchar', 512, 1536, NULL, NULL, NULL, 'utf8', 'utf8_general_ci', 'varchar(512)', '', '', 'select', ''),
	('def', 'information_schema', 'ROUTINES', 'ROUTINE_SCHEMA', 3, '', 'NO', 'varchar', 64, 192, NULL, NULL, NULL, 'utf8', 'utf8_general_ci', 'varchar(64)', '', '', 'select', ''),
	('def', 'information_schema', 'ROUTINES', 'ROUTINE_NAME', 4, '', 'NO', 'varchar', 64, 192, NULL, NULL, NULL, 'utf8', 'utf8_general_ci', 'varchar(64)', '', '', 'select', ''),
	('def', 'information_schema', 'ROUTINES', 'ROUTINE_TYPE', 5, '', 'NO', 'varchar', 9, 27, NULL, NULL, NULL, 'utf8', 'utf8_general_ci', 'varchar(9)', '', '', 'select', ''),
	('def', 'information_schema', 'ROUTINES', 'DATA_TYPE', 6, '', 'NO', 'varchar', 64, 192, NULL, NULL, NULL, 'utf8', 'utf8_general_ci', 'varchar(64)', '', '', 'select', ''),
	('def', 'information_schema', 'ROUTINES', 'CHARACTER_MAXIMUM_LENGTH', 7, NULL, 'YES', 'int', NULL, NULL, 10, 0, NULL, NULL, NULL, 'int(21)', '', '', 'select', ''),
	('def', 'information_schema', 'ROUTINES', 'CHARACTER_OCTET_LENGTH', 8, NULL, 'YES', 'int', NULL, NULL, 10, 0, NULL, NULL, NULL, 'int(21)', '', '', 'select', ''),
	('def', 'information_schema', 'ROUTINES', 'NUMERIC_PRECISION', 9, NULL, 'YES', 'bigint', NULL, NULL, 20, 0, NULL, NULL, NULL, 'bigint(21) unsigned', '', '', 'select', ''),
	('def', 'information_schema', 'ROUTINES', 'NUMERIC_SCALE', 10, NULL, 'YES', 'int', NULL, NULL, 10, 0, NULL, NULL, NULL, 'int(21)', '', '', 'select', ''),
	('def', 'information_schema', 'ROUTINES', 'DATETIME_PRECISION', 11, NULL, 'YES', 'bigint', NULL, NULL, 20, 0, NULL, NULL, NULL, 'bigint(21) unsigned', '', '', 'select', ''),
	('def', 'information_schema', 'ROUTINES', 'CHARACTER_SET_NAME', 12, NULL, 'YES', 'varchar', 64, 192, NULL, NULL, NULL, 'utf8', 'utf8_general_ci', 'varchar(64)', '', '', 'select', ''),
	('def', 'information_schema', 'ROUTINES', 'COLLATION_NAME', 13, NULL, 'YES', 'varchar', 64, 192, NULL, NULL, NULL, 'utf8', 'utf8_general_ci', 'varchar(64)', '', '', 'select', ''),
	('def', 'information_schema', 'ROUTINES', 'DTD_IDENTIFIER', 14, NULL, 'YES', 'longtext', 4294967295, 4294967295, NULL, NULL, NULL, 'utf8', 'utf8_general_ci', 'longtext', '', '', 'select', ''),
	('def', 'information_schema', 'ROUTINES', 'ROUTINE_BODY', 15, '', 'NO', 'varchar', 8, 24, NULL, NULL, NULL, 'utf8', 'utf8_general_ci', 'varchar(8)', '', '', 'select', ''),
	('def', 'information_schema', 'ROUTINES', 'ROUTINE_DEFINITION', 16, NULL, 'YES', 'longtext', 4294967295, 4294967295, NULL, NULL, NULL, 'utf8', 'utf8_general_ci', 'longtext', '', '', 'select', ''),
	('def', 'information_schema', 'ROUTINES', 'EXTERNAL_NAME', 17, NULL, 'YES', 'varchar', 64, 192, NULL, NULL, NULL, 'utf8', 'utf8_general_ci', 'varchar(64)', '', '', 'select', ''),
	('def', 'information_schema', 'ROUTINES', 'EXTERNAL_LANGUAGE', 18, NULL, 'YES', 'varchar', 64, 192, NULL, NULL, NULL, 'utf8', 'utf8_general_ci', 'varchar(64)', '', '', 'select', ''),
	('def', 'information_schema', 'ROUTINES', 'PARAMETER_STYLE', 19, '', 'NO', 'varchar', 8, 24, NULL, NULL, NULL, 'utf8', 'utf8_general_ci', 'varchar(8)', '', '', 'select', ''),
	('def', 'information_schema', 'ROUTINES', 'IS_DETERMINISTIC', 20, '', 'NO', 'varchar', 3, 9, NULL, NULL, NULL, 'utf8', 'utf8_general_ci', 'varchar(3)', '', '', 'select', ''),
	('def', 'information_schema', 'ROUTINES', 'SQL_DATA_ACCESS', 21, '', 'NO', 'varchar', 64, 192, NULL, NULL, NULL, 'utf8', 'utf8_general_ci', 'varchar(64)', '', '', 'select', ''),
	('def', 'information_schema', 'ROUTINES', 'SQL_PATH', 22, NULL, 'YES', 'varchar', 64, 192, NULL, NULL, NULL, 'utf8', 'utf8_general_ci', 'varchar(64)', '', '', 'select', ''),
	('def', 'information_schema', 'ROUTINES', 'SECURITY_TYPE', 23, '', 'NO', 'varchar', 7, 21, NULL, NULL, NULL, 'utf8', 'utf8_general_ci', 'varchar(7)', '', '', 'select', ''),
	('def', 'information_schema', 'ROUTINES', 'CREATED', 24, '0000-00-00 00:00:00', 'NO', 'datetime', NULL, NULL, NULL, NULL, 0, NULL, NULL, 'datetime', '', '', 'select', ''),
	('def', 'information_schema', 'ROUTINES', 'LAST_ALTERED', 25, '0000-00-00 00:00:00', 'NO', 'datetime', NULL, NULL, NULL, NULL, 0, NULL, NULL, 'datetime', '', '', 'select', ''),
	('def', 'information_schema', 'ROUTINES', 'SQL_MODE', 26, '', 'NO', 'varchar', 8192, 24576, NULL, NULL, NULL, 'utf8', 'utf8_general_ci', 'varchar(8192)', '', '', 'select', ''),
	('def', 'information_schema', 'ROUTINES', 'ROUTINE_COMMENT', 27, NULL, 'NO', 'longtext', 4294967295, 4294967295, NULL, NULL, NULL, 'utf8', 'utf8_general_ci', 'longtext', '', '', 'select', ''),
	('def', 'information_schema', 'ROUTINES', 'DEFINER', 28, '', 'NO', 'varchar', 77, 231, NULL, NULL, NULL, 'utf8', 'utf8_general_ci', 'varchar(77)', '', '', 'select', ''),
	('def', 'information_schema', 'ROUTINES', 'CHARACTER_SET_CLIENT', 29, '', 'NO', 'varchar', 32, 96, NULL, NULL, NULL, 'utf8', 'utf8_general_ci', 'varchar(32)', '', '', 'select', ''),
	('def', 'information_schema', 'ROUTINES', 'COLLATION_CONNECTION', 30, '', 'NO', 'varchar', 32, 96, NULL, NULL, NULL, 'utf8', 'utf8_general_ci', 'varchar(32)', '', '', 'select', ''),
	('def', 'information_schema', 'ROUTINES', 'DATABASE_COLLATION', 31, '', 'NO', 'varchar', 32, 96, NULL, NULL, NULL, 'utf8', 'utf8_general_ci', 'varchar(32)', '', '', 'select', ''),
	('def', 'information_schema', 'SCHEMATA', 'CATALOG_NAME', 1, '', 'NO', 'varchar', 512, 1536, NULL, NULL, NULL, 'utf8', 'utf8_general_ci', 'varchar(512)', '', '', 'select', ''),
	('def', 'information_schema', 'SCHEMATA', 'SCHEMA_NAME', 2, '', 'NO', 'varchar', 64, 192, NULL, NULL, NULL, 'utf8', 'utf8_general_ci', 'varchar(64)', '', '', 'select', ''),
	('def', 'information_schema', 'SCHEMATA', 'DEFAULT_CHARACTER_SET_NAME', 3, '', 'NO', 'varchar', 32, 96, NULL, NULL, NULL, 'utf8', 'utf8_general_ci', 'varchar(32)', '', '', 'select', ''),
	('def', 'information_schema', 'SCHEMATA', 'DEFAULT_COLLATION_NAME', 4, '', 'NO', 'varchar', 32, 96, NULL, NULL, NULL, 'utf8', 'utf8_general_ci', 'varchar(32)', '', '', 'select', ''),
	('def', 'information_schema', 'SCHEMATA', 'SQL_PATH', 5, NULL, 'YES', 'varchar', 512, 1536, NULL, NULL, NULL, 'utf8', 'utf8_general_ci', 'varchar(512)', '', '', 'select', ''),
	('def', 'information_schema', 'SCHEMA_PRIVILEGES', 'GRANTEE', 1, '', 'NO', 'varchar', 81, 243, NULL, NULL, NULL, 'utf8', 'utf8_general_ci', 'varchar(81)', '', '', 'select', ''),
	('def', 'information_schema', 'SCHEMA_PRIVILEGES', 'TABLE_CATALOG', 2, '', 'NO', 'varchar', 512, 1536, NULL, NULL, NULL, 'utf8', 'utf8_general_ci', 'varchar(512)', '', '', 'select', ''),
	('def', 'information_schema', 'SCHEMA_PRIVILEGES', 'TABLE_SCHEMA', 3, '', 'NO', 'varchar', 64, 192, NULL, NULL, NULL, 'utf8', 'utf8_general_ci', 'varchar(64)', '', '', 'select', ''),
	('def', 'information_schema', 'SCHEMA_PRIVILEGES', 'PRIVILEGE_TYPE', 4, '', 'NO', 'varchar', 64, 192, NULL, NULL, NULL, 'utf8', 'utf8_general_ci', 'varchar(64)', '', '', 'select', ''),
	('def', 'information_schema', 'SCHEMA_PRIVILEGES', 'IS_GRANTABLE', 5, '', 'NO', 'varchar', 3, 9, NULL, NULL, NULL, 'utf8', 'utf8_general_ci', 'varchar(3)', '', '', 'select', ''),
	('def', 'information_schema', 'SESSION_STATUS', 'VARIABLE_NAME', 1, '', 'NO', 'varchar', 64, 192, NULL, NULL, NULL, 'utf8', 'utf8_general_ci', 'varchar(64)', '', '', 'select', ''),
	('def', 'information_schema', 'SESSION_STATUS', 'VARIABLE_VALUE', 2, NULL, 'YES', 'varchar', 1024, 3072, NULL, NULL, NULL, 'utf8', 'utf8_general_ci', 'varchar(1024)', '', '', 'select', ''),
	('def', 'information_schema', 'SESSION_VARIABLES', 'VARIABLE_NAME', 1, '', 'NO', 'varchar', 64, 192, NULL, NULL, NULL, 'utf8', 'utf8_general_ci', 'varchar(64)', '', '', 'select', ''),
	('def', 'information_schema', 'SESSION_VARIABLES', 'VARIABLE_VALUE', 2, NULL, 'YES', 'varchar', 1024, 3072, NULL, NULL, NULL, 'utf8', 'utf8_general_ci', 'varchar(1024)', '', '', 'select', ''),
	('def', 'information_schema', 'STATISTICS', 'TABLE_CATALOG', 1, '', 'NO', 'varchar', 512, 1536, NULL, NULL, NULL, 'utf8', 'utf8_general_ci', 'varchar(512)', '', '', 'select', ''),
	('def', 'information_schema', 'STATISTICS', 'TABLE_SCHEMA', 2, '', 'NO', 'varchar', 64, 192, NULL, NULL, NULL, 'utf8', 'utf8_general_ci', 'varchar(64)', '', '', 'select', ''),
	('def', 'information_schema', 'STATISTICS', 'TABLE_NAME', 3, '', 'NO', 'varchar', 64, 192, NULL, NULL, NULL, 'utf8', 'utf8_general_ci', 'varchar(64)', '', '', 'select', ''),
	('def', 'information_schema', 'STATISTICS', 'NON_UNIQUE', 4, '0', 'NO', 'bigint', NULL, NULL, 19, 0, NULL, NULL, NULL, 'bigint(1)', '', '', 'select', ''),
	('def', 'information_schema', 'STATISTICS', 'INDEX_SCHEMA', 5, '', 'NO', 'varchar', 64, 192, NULL, NULL, NULL, 'utf8', 'utf8_general_ci', 'varchar(64)', '', '', 'select', ''),
	('def', 'information_schema', 'STATISTICS', 'INDEX_NAME', 6, '', 'NO', 'varchar', 64, 192, NULL, NULL, NULL, 'utf8', 'utf8_general_ci', 'varchar(64)', '', '', 'select', ''),
	('def', 'information_schema', 'STATISTICS', 'SEQ_IN_INDEX', 7, '0', 'NO', 'bigint', NULL, NULL, 19, 0, NULL, NULL, NULL, 'bigint(2)', '', '', 'select', ''),
	('def', 'information_schema', 'STATISTICS', 'COLUMN_NAME', 8, '', 'NO', 'varchar', 64, 192, NULL, NULL, NULL, 'utf8', 'utf8_general_ci', 'varchar(64)', '', '', 'select', ''),
	('def', 'information_schema', 'STATISTICS', 'COLLATION', 9, NULL, 'YES', 'varchar', 1, 3, NULL, NULL, NULL, 'utf8', 'utf8_general_ci', 'varchar(1)', '', '', 'select', ''),
	('def', 'information_schema', 'STATISTICS', 'CARDINALITY', 10, NULL, 'YES', 'bigint', NULL, NULL, 19, 0, NULL, NULL, NULL, 'bigint(21)', '', '', 'select', ''),
	('def', 'information_schema', 'STATISTICS', 'SUB_PART', 11, NULL, 'YES', 'bigint', NULL, NULL, 19, 0, NULL, NULL, NULL, 'bigint(3)', '', '', 'select', ''),
	('def', 'information_schema', 'STATISTICS', 'PACKED', 12, NULL, 'YES', 'varchar', 10, 30, NULL, NULL, NULL, 'utf8', 'utf8_general_ci', 'varchar(10)', '', '', 'select', ''),
	('def', 'information_schema', 'STATISTICS', 'NULLABLE', 13, '', 'NO', 'varchar', 3, 9, NULL, NULL, NULL, 'utf8', 'utf8_general_ci', 'varchar(3)', '', '', 'select', ''),
	('def', 'information_schema', 'STATISTICS', 'INDEX_TYPE', 14, '', 'NO', 'varchar', 16, 48, NULL, NULL, NULL, 'utf8', 'utf8_general_ci', 'varchar(16)', '', '', 'select', ''),
	('def', 'information_schema', 'STATISTICS', 'COMMENT', 15, NULL, 'YES', 'varchar', 16, 48, NULL, NULL, NULL, 'utf8', 'utf8_general_ci', 'varchar(16)', '', '', 'select', ''),
	('def', 'information_schema', 'STATISTICS', 'INDEX_COMMENT', 16, '', 'NO', 'varchar', 1024, 3072, NULL, NULL, NULL, 'utf8', 'utf8_general_ci', 'varchar(1024)', '', '', 'select', ''),
	('def', 'information_schema', 'TABLES', 'TABLE_CATALOG', 1, '', 'NO', 'varchar', 512, 1536, NULL, NULL, NULL, 'utf8', 'utf8_general_ci', 'varchar(512)', '', '', 'select', ''),
	('def', 'information_schema', 'TABLES', 'TABLE_SCHEMA', 2, '', 'NO', 'varchar', 64, 192, NULL, NULL, NULL, 'utf8', 'utf8_general_ci', 'varchar(64)', '', '', 'select', ''),
	('def', 'information_schema', 'TABLES', 'TABLE_NAME', 3, '', 'NO', 'varchar', 64, 192, NULL, NULL, NULL, 'utf8', 'utf8_general_ci', 'varchar(64)', '', '', 'select', ''),
	('def', 'information_schema', 'TABLES', 'TABLE_TYPE', 4, '', 'NO', 'varchar', 64, 192, NULL, NULL, NULL, 'utf8', 'utf8_general_ci', 'varchar(64)', '', '', 'select', ''),
	('def', 'information_schema', 'TABLES', 'ENGINE', 5, NULL, 'YES', 'varchar', 64, 192, NULL, NULL, NULL, 'utf8', 'utf8_general_ci', 'varchar(64)', '', '', 'select', ''),
	('def', 'information_schema', 'TABLES', 'VERSION', 6, NULL, 'YES', 'bigint', NULL, NULL, 20, 0, NULL, NULL, NULL, 'bigint(21) unsigned', '', '', 'select', ''),
	('def', 'information_schema', 'TABLES', 'ROW_FORMAT', 7, NULL, 'YES', 'varchar', 10, 30, NULL, NULL, NULL, 'utf8', 'utf8_general_ci', 'varchar(10)', '', '', 'select', ''),
	('def', 'information_schema', 'TABLES', 'TABLE_ROWS', 8, NULL, 'YES', 'bigint', NULL, NULL, 20, 0, NULL, NULL, NULL, 'bigint(21) unsigned', '', '', 'select', ''),
	('def', 'information_schema', 'TABLES', 'AVG_ROW_LENGTH', 9, NULL, 'YES', 'bigint', NULL, NULL, 20, 0, NULL, NULL, NULL, 'bigint(21) unsigned', '', '', 'select', ''),
	('def', 'information_schema', 'TABLES', 'DATA_LENGTH', 10, NULL, 'YES', 'bigint', NULL, NULL, 20, 0, NULL, NULL, NULL, 'bigint(21) unsigned', '', '', 'select', ''),
	('def', 'information_schema', 'TABLES', 'MAX_DATA_LENGTH', 11, NULL, 'YES', 'bigint', NULL, NULL, 20, 0, NULL, NULL, NULL, 'bigint(21) unsigned', '', '', 'select', ''),
	('def', 'information_schema', 'TABLES', 'INDEX_LENGTH', 12, NULL, 'YES', 'bigint', NULL, NULL, 20, 0, NULL, NULL, NULL, 'bigint(21) unsigned', '', '', 'select', ''),
	('def', 'information_schema', 'TABLES', 'DATA_FREE', 13, NULL, 'YES', 'bigint', NULL, NULL, 20, 0, NULL, NULL, NULL, 'bigint(21) unsigned', '', '', 'select', ''),
	('def', 'information_schema', 'TABLES', 'AUTO_INCREMENT', 14, NULL, 'YES', 'bigint', NULL, NULL, 20, 0, NULL, NULL, NULL, 'bigint(21) unsigned', '', '', 'select', ''),
	('def', 'information_schema', 'TABLES', 'CREATE_TIME', 15, NULL, 'YES', 'datetime', NULL, NULL, NULL, NULL, 0, NULL, NULL, 'datetime', '', '', 'select', ''),
	('def', 'information_schema', 'TABLES', 'UPDATE_TIME', 16, NULL, 'YES', 'datetime', NULL, NULL, NULL, NULL, 0, NULL, NULL, 'datetime', '', '', 'select', ''),
	('def', 'information_schema', 'TABLES', 'CHECK_TIME', 17, NULL, 'YES', 'datetime', NULL, NULL, NULL, NULL, 0, NULL, NULL, 'datetime', '', '', 'select', ''),
	('def', 'information_schema', 'TABLES', 'TABLE_COLLATION', 18, NULL, 'YES', 'varchar', 32, 96, NULL, NULL, NULL, 'utf8', 'utf8_general_ci', 'varchar(32)', '', '', 'select', ''),
	('def', 'information_schema', 'TABLES', 'CHECKSUM', 19, NULL, 'YES', 'bigint', NULL, NULL, 20, 0, NULL, NULL, NULL, 'bigint(21) unsigned', '', '', 'select', ''),
	('def', 'information_schema', 'TABLES', 'CREATE_OPTIONS', 20, NULL, 'YES', 'varchar', 255, 765, NULL, NULL, NULL, 'utf8', 'utf8_general_ci', 'varchar(255)', '', '', 'select', ''),
	('def', 'information_schema', 'TABLES', 'TABLE_COMMENT', 21, '', 'NO', 'varchar', 2048, 6144, NULL, NULL, NULL, 'utf8', 'utf8_general_ci', 'varchar(2048)', '', '', 'select', ''),
	('def', 'information_schema', 'TABLESPACES', 'TABLESPACE_NAME', 1, '', 'NO', 'varchar', 64, 192, NULL, NULL, NULL, 'utf8', 'utf8_general_ci', 'varchar(64)', '', '', 'select', ''),
	('def', 'information_schema', 'TABLESPACES', 'ENGINE', 2, '', 'NO', 'varchar', 64, 192, NULL, NULL, NULL, 'utf8', 'utf8_general_ci', 'varchar(64)', '', '', 'select', ''),
	('def', 'information_schema', 'TABLESPACES', 'TABLESPACE_TYPE', 3, NULL, 'YES', 'varchar', 64, 192, NULL, NULL, NULL, 'utf8', 'utf8_general_ci', 'varchar(64)', '', '', 'select', ''),
	('def', 'information_schema', 'TABLESPACES', 'LOGFILE_GROUP_NAME', 4, NULL, 'YES', 'varchar', 64, 192, NULL, NULL, NULL, 'utf8', 'utf8_general_ci', 'varchar(64)', '', '', 'select', ''),
	('def', 'information_schema', 'TABLESPACES', 'EXTENT_SIZE', 5, NULL, 'YES', 'bigint', NULL, NULL, 20, 0, NULL, NULL, NULL, 'bigint(21) unsigned', '', '', 'select', ''),
	('def', 'information_schema', 'TABLESPACES', 'AUTOEXTEND_SIZE', 6, NULL, 'YES', 'bigint', NULL, NULL, 20, 0, NULL, NULL, NULL, 'bigint(21) unsigned', '', '', 'select', ''),
	('def', 'information_schema', 'TABLESPACES', 'MAXIMUM_SIZE', 7, NULL, 'YES', 'bigint', NULL, NULL, 20, 0, NULL, NULL, NULL, 'bigint(21) unsigned', '', '', 'select', ''),
	('def', 'information_schema', 'TABLESPACES', 'NODEGROUP_ID', 8, NULL, 'YES', 'bigint', NULL, NULL, 20, 0, NULL, NULL, NULL, 'bigint(21) unsigned', '', '', 'select', ''),
	('def', 'information_schema', 'TABLESPACES', 'TABLESPACE_COMMENT', 9, NULL, 'YES', 'varchar', 2048, 6144, NULL, NULL, NULL, 'utf8', 'utf8_general_ci', 'varchar(2048)', '', '', 'select', ''),
	('def', 'information_schema', 'TABLE_CONSTRAINTS', 'CONSTRAINT_CATALOG', 1, '', 'NO', 'varchar', 512, 1536, NULL, NULL, NULL, 'utf8', 'utf8_general_ci', 'varchar(512)', '', '', 'select', ''),
	('def', 'information_schema', 'TABLE_CONSTRAINTS', 'CONSTRAINT_SCHEMA', 2, '', 'NO', 'varchar', 64, 192, NULL, NULL, NULL, 'utf8', 'utf8_general_ci', 'varchar(64)', '', '', 'select', ''),
	('def', 'information_schema', 'TABLE_CONSTRAINTS', 'CONSTRAINT_NAME', 3, '', 'NO', 'varchar', 64, 192, NULL, NULL, NULL, 'utf8', 'utf8_general_ci', 'varchar(64)', '', '', 'select', ''),
	('def', 'information_schema', 'TABLE_CONSTRAINTS', 'TABLE_SCHEMA', 4, '', 'NO', 'varchar', 64, 192, NULL, NULL, NULL, 'utf8', 'utf8_general_ci', 'varchar(64)', '', '', 'select', ''),
	('def', 'information_schema', 'TABLE_CONSTRAINTS', 'TABLE_NAME', 5, '', 'NO', 'varchar', 64, 192, NULL, NULL, NULL, 'utf8', 'utf8_general_ci', 'varchar(64)', '', '', 'select', ''),
	('def', 'information_schema', 'TABLE_CONSTRAINTS', 'CONSTRAINT_TYPE', 6, '', 'NO', 'varchar', 64, 192, NULL, NULL, NULL, 'utf8', 'utf8_general_ci', 'varchar(64)', '', '', 'select', ''),
	('def', 'information_schema', 'TABLE_PRIVILEGES', 'GRANTEE', 1, '', 'NO', 'varchar', 81, 243, NULL, NULL, NULL, 'utf8', 'utf8_general_ci', 'varchar(81)', '', '', 'select', ''),
	('def', 'information_schema', 'TABLE_PRIVILEGES', 'TABLE_CATALOG', 2, '', 'NO', 'varchar', 512, 1536, NULL, NULL, NULL, 'utf8', 'utf8_general_ci', 'varchar(512)', '', '', 'select', ''),
	('def', 'information_schema', 'TABLE_PRIVILEGES', 'TABLE_SCHEMA', 3, '', 'NO', 'varchar', 64, 192, NULL, NULL, NULL, 'utf8', 'utf8_general_ci', 'varchar(64)', '', '', 'select', ''),
	('def', 'information_schema', 'TABLE_PRIVILEGES', 'TABLE_NAME', 4, '', 'NO', 'varchar', 64, 192, NULL, NULL, NULL, 'utf8', 'utf8_general_ci', 'varchar(64)', '', '', 'select', ''),
	('def', 'information_schema', 'TABLE_PRIVILEGES', 'PRIVILEGE_TYPE', 5, '', 'NO', 'varchar', 64, 192, NULL, NULL, NULL, 'utf8', 'utf8_general_ci', 'varchar(64)', '', '', 'select', ''),
	('def', 'information_schema', 'TABLE_PRIVILEGES', 'IS_GRANTABLE', 6, '', 'NO', 'varchar', 3, 9, NULL, NULL, NULL, 'utf8', 'utf8_general_ci', 'varchar(3)', '', '', 'select', ''),
	('def', 'information_schema', 'TRIGGERS', 'TRIGGER_CATALOG', 1, '', 'NO', 'varchar', 512, 1536, NULL, NULL, NULL, 'utf8', 'utf8_general_ci', 'varchar(512)', '', '', 'select', ''),
	('def', 'information_schema', 'TRIGGERS', 'TRIGGER_SCHEMA', 2, '', 'NO', 'varchar', 64, 192, NULL, NULL, NULL, 'utf8', 'utf8_general_ci', 'varchar(64)', '', '', 'select', ''),
	('def', 'information_schema', 'TRIGGERS', 'TRIGGER_NAME', 3, '', 'NO', 'varchar', 64, 192, NULL, NULL, NULL, 'utf8', 'utf8_general_ci', 'varchar(64)', '', '', 'select', ''),
	('def', 'information_schema', 'TRIGGERS', 'EVENT_MANIPULATION', 4, '', 'NO', 'varchar', 6, 18, NULL, NULL, NULL, 'utf8', 'utf8_general_ci', 'varchar(6)', '', '', 'select', ''),
	('def', 'information_schema', 'TRIGGERS', 'EVENT_OBJECT_CATALOG', 5, '', 'NO', 'varchar', 512, 1536, NULL, NULL, NULL, 'utf8', 'utf8_general_ci', 'varchar(512)', '', '', 'select', ''),
	('def', 'information_schema', 'TRIGGERS', 'EVENT_OBJECT_SCHEMA', 6, '', 'NO', 'varchar', 64, 192, NULL, NULL, NULL, 'utf8', 'utf8_general_ci', 'varchar(64)', '', '', 'select', ''),
	('def', 'information_schema', 'TRIGGERS', 'EVENT_OBJECT_TABLE', 7, '', 'NO', 'varchar', 64, 192, NULL, NULL, NULL, 'utf8', 'utf8_general_ci', 'varchar(64)', '', '', 'select', ''),
	('def', 'information_schema', 'TRIGGERS', 'ACTION_ORDER', 8, '0', 'NO', 'bigint', NULL, NULL, 19, 0, NULL, NULL, NULL, 'bigint(4)', '', '', 'select', ''),
	('def', 'information_schema', 'TRIGGERS', 'ACTION_CONDITION', 9, NULL, 'YES', 'longtext', 4294967295, 4294967295, NULL, NULL, NULL, 'utf8', 'utf8_general_ci', 'longtext', '', '', 'select', ''),
	('def', 'information_schema', 'TRIGGERS', 'ACTION_STATEMENT', 10, NULL, 'NO', 'longtext', 4294967295, 4294967295, NULL, NULL, NULL, 'utf8', 'utf8_general_ci', 'longtext', '', '', 'select', ''),
	('def', 'information_schema', 'TRIGGERS', 'ACTION_ORIENTATION', 11, '', 'NO', 'varchar', 9, 27, NULL, NULL, NULL, 'utf8', 'utf8_general_ci', 'varchar(9)', '', '', 'select', ''),
	('def', 'information_schema', 'TRIGGERS', 'ACTION_TIMING', 12, '', 'NO', 'varchar', 6, 18, NULL, NULL, NULL, 'utf8', 'utf8_general_ci', 'varchar(6)', '', '', 'select', ''),
	('def', 'information_schema', 'TRIGGERS', 'ACTION_REFERENCE_OLD_TABLE', 13, NULL, 'YES', 'varchar', 64, 192, NULL, NULL, NULL, 'utf8', 'utf8_general_ci', 'varchar(64)', '', '', 'select', ''),
	('def', 'information_schema', 'TRIGGERS', 'ACTION_REFERENCE_NEW_TABLE', 14, NULL, 'YES', 'varchar', 64, 192, NULL, NULL, NULL, 'utf8', 'utf8_general_ci', 'varchar(64)', '', '', 'select', ''),
	('def', 'information_schema', 'TRIGGERS', 'ACTION_REFERENCE_OLD_ROW', 15, '', 'NO', 'varchar', 3, 9, NULL, NULL, NULL, 'utf8', 'utf8_general_ci', 'varchar(3)', '', '', 'select', ''),
	('def', 'information_schema', 'TRIGGERS', 'ACTION_REFERENCE_NEW_ROW', 16, '', 'NO', 'varchar', 3, 9, NULL, NULL, NULL, 'utf8', 'utf8_general_ci', 'varchar(3)', '', '', 'select', ''),
	('def', 'information_schema', 'TRIGGERS', 'CREATED', 17, NULL, 'YES', 'datetime', NULL, NULL, NULL, NULL, 0, NULL, NULL, 'datetime', '', '', 'select', ''),
	('def', 'information_schema', 'TRIGGERS', 'SQL_MODE', 18, '', 'NO', 'varchar', 8192, 24576, NULL, NULL, NULL, 'utf8', 'utf8_general_ci', 'varchar(8192)', '', '', 'select', ''),
	('def', 'information_schema', 'TRIGGERS', 'DEFINER', 19, '', 'NO', 'varchar', 77, 231, NULL, NULL, NULL, 'utf8', 'utf8_general_ci', 'varchar(77)', '', '', 'select', ''),
	('def', 'information_schema', 'TRIGGERS', 'CHARACTER_SET_CLIENT', 20, '', 'NO', 'varchar', 32, 96, NULL, NULL, NULL, 'utf8', 'utf8_general_ci', 'varchar(32)', '', '', 'select', ''),
	('def', 'information_schema', 'TRIGGERS', 'COLLATION_CONNECTION', 21, '', 'NO', 'varchar', 32, 96, NULL, NULL, NULL, 'utf8', 'utf8_general_ci', 'varchar(32)', '', '', 'select', ''),
	('def', 'information_schema', 'TRIGGERS', 'DATABASE_COLLATION', 22, '', 'NO', 'varchar', 32, 96, NULL, NULL, NULL, 'utf8', 'utf8_general_ci', 'varchar(32)', '', '', 'select', ''),
	('def', 'information_schema', 'USER_PRIVILEGES', 'GRANTEE', 1, '', 'NO', 'varchar', 81, 243, NULL, NULL, NULL, 'utf8', 'utf8_general_ci', 'varchar(81)', '', '', 'select', ''),
	('def', 'information_schema', 'USER_PRIVILEGES', 'TABLE_CATALOG', 2, '', 'NO', 'varchar', 512, 1536, NULL, NULL, NULL, 'utf8', 'utf8_general_ci', 'varchar(512)', '', '', 'select', ''),
	('def', 'information_schema', 'USER_PRIVILEGES', 'PRIVILEGE_TYPE', 3, '', 'NO', 'varchar', 64, 192, NULL, NULL, NULL, 'utf8', 'utf8_general_ci', 'varchar(64)', '', '', 'select', ''),
	('def', 'information_schema', 'USER_PRIVILEGES', 'IS_GRANTABLE', 4, '', 'NO', 'varchar', 3, 9, NULL, NULL, NULL, 'utf8', 'utf8_general_ci', 'varchar(3)', '', '', 'select', ''),
	('def', 'information_schema', 'VIEWS', 'TABLE_CATALOG', 1, '', 'NO', 'varchar', 512, 1536, NULL, NULL, NULL, 'utf8', 'utf8_general_ci', 'varchar(512)', '', '', 'select', ''),
	('def', 'information_schema', 'VIEWS', 'TABLE_SCHEMA', 2, '', 'NO', 'varchar', 64, 192, NULL, NULL, NULL, 'utf8', 'utf8_general_ci', 'varchar(64)', '', '', 'select', ''),
	('def', 'information_schema', 'VIEWS', 'TABLE_NAME', 3, '', 'NO', 'varchar', 64, 192, NULL, NULL, NULL, 'utf8', 'utf8_general_ci', 'varchar(64)', '', '', 'select', ''),
	('def', 'information_schema', 'VIEWS', 'VIEW_DEFINITION', 4, NULL, 'NO', 'longtext', 4294967295, 4294967295, NULL, NULL, NULL, 'utf8', 'utf8_general_ci', 'longtext', '', '', 'select', ''),
	('def', 'information_schema', 'VIEWS', 'CHECK_OPTION', 5, '', 'NO', 'varchar', 8, 24, NULL, NULL, NULL, 'utf8', 'utf8_general_ci', 'varchar(8)', '', '', 'select', ''),
	('def', 'information_schema', 'VIEWS', 'IS_UPDATABLE', 6, '', 'NO', 'varchar', 3, 9, NULL, NULL, NULL, 'utf8', 'utf8_general_ci', 'varchar(3)', '', '', 'select', ''),
	('def', 'information_schema', 'VIEWS', 'DEFINER', 7, '', 'NO', 'varchar', 77, 231, NULL, NULL, NULL, 'utf8', 'utf8_general_ci', 'varchar(77)', '', '', 'select', ''),
	('def', 'information_schema', 'VIEWS', 'SECURITY_TYPE', 8, '', 'NO', 'varchar', 7, 21, NULL, NULL, NULL, 'utf8', 'utf8_general_ci', 'varchar(7)', '', '', 'select', ''),
	('def', 'information_schema', 'VIEWS', 'CHARACTER_SET_CLIENT', 9, '', 'NO', 'varchar', 32, 96, NULL, NULL, NULL, 'utf8', 'utf8_general_ci', 'varchar(32)', '', '', 'select', ''),
	('def', 'information_schema', 'VIEWS', 'COLLATION_CONNECTION', 10, '', 'NO', 'varchar', 32, 96, NULL, NULL, NULL, 'utf8', 'utf8_general_ci', 'varchar(32)', '', '', 'select', ''),
	('def', 'information_schema', 'INNODB_LOCKS', 'lock_id', 1, '', 'NO', 'varchar', 81, 243, NULL, NULL, NULL, 'utf8', 'utf8_general_ci', 'varchar(81)', '', '', 'select', ''),
	('def', 'information_schema', 'INNODB_LOCKS', 'lock_trx_id', 2, '', 'NO', 'varchar', 18, 54, NULL, NULL, NULL, 'utf8', 'utf8_general_ci', 'varchar(18)', '', '', 'select', ''),
	('def', 'information_schema', 'INNODB_LOCKS', 'lock_mode', 3, '', 'NO', 'varchar', 32, 96, NULL, NULL, NULL, 'utf8', 'utf8_general_ci', 'varchar(32)', '', '', 'select', ''),
	('def', 'information_schema', 'INNODB_LOCKS', 'lock_type', 4, '', 'NO', 'varchar', 32, 96, NULL, NULL, NULL, 'utf8', 'utf8_general_ci', 'varchar(32)', '', '', 'select', ''),
	('def', 'information_schema', 'INNODB_LOCKS', 'lock_table', 5, '', 'NO', 'varchar', 1024, 3072, NULL, NULL, NULL, 'utf8', 'utf8_general_ci', 'varchar(1024)', '', '', 'select', ''),
	('def', 'information_schema', 'INNODB_LOCKS', 'lock_index', 6, NULL, 'YES', 'varchar', 1024, 3072, NULL, NULL, NULL, 'utf8', 'utf8_general_ci', 'varchar(1024)', '', '', 'select', ''),
	('def', 'information_schema', 'INNODB_LOCKS', 'lock_space', 7, NULL, 'YES', 'bigint', NULL, NULL, 20, 0, NULL, NULL, NULL, 'bigint(21) unsigned', '', '', 'select', ''),
	('def', 'information_schema', 'INNODB_LOCKS', 'lock_page', 8, NULL, 'YES', 'bigint', NULL, NULL, 20, 0, NULL, NULL, NULL, 'bigint(21) unsigned', '', '', 'select', ''),
	('def', 'information_schema', 'INNODB_LOCKS', 'lock_rec', 9, NULL, 'YES', 'bigint', NULL, NULL, 20, 0, NULL, NULL, NULL, 'bigint(21) unsigned', '', '', 'select', ''),
	('def', 'information_schema', 'INNODB_LOCKS', 'lock_data', 10, NULL, 'YES', 'varchar', 8192, 24576, NULL, NULL, NULL, 'utf8', 'utf8_general_ci', 'varchar(8192)', '', '', 'select', ''),
	('def', 'information_schema', 'INNODB_TRX', 'trx_id', 1, '', 'NO', 'varchar', 18, 54, NULL, NULL, NULL, 'utf8', 'utf8_general_ci', 'varchar(18)', '', '', 'select', ''),
	('def', 'information_schema', 'INNODB_TRX', 'trx_state', 2, '', 'NO', 'varchar', 13, 39, NULL, NULL, NULL, 'utf8', 'utf8_general_ci', 'varchar(13)', '', '', 'select', ''),
	('def', 'information_schema', 'INNODB_TRX', 'trx_started', 3, '0000-00-00 00:00:00', 'NO', 'datetime', NULL, NULL, NULL, NULL, 0, NULL, NULL, 'datetime', '', '', 'select', ''),
	('def', 'information_schema', 'INNODB_TRX', 'trx_requested_lock_id', 4, NULL, 'YES', 'varchar', 81, 243, NULL, NULL, NULL, 'utf8', 'utf8_general_ci', 'varchar(81)', '', '', 'select', ''),
	('def', 'information_schema', 'INNODB_TRX', 'trx_wait_started', 5, NULL, 'YES', 'datetime', NULL, NULL, NULL, NULL, 0, NULL, NULL, 'datetime', '', '', 'select', ''),
	('def', 'information_schema', 'INNODB_TRX', 'trx_weight', 6, '0', 'NO', 'bigint', NULL, NULL, 20, 0, NULL, NULL, NULL, 'bigint(21) unsigned', '', '', 'select', ''),
	('def', 'information_schema', 'INNODB_TRX', 'trx_mysql_thread_id', 7, '0', 'NO', 'bigint', NULL, NULL, 20, 0, NULL, NULL, NULL, 'bigint(21) unsigned', '', '', 'select', ''),
	('def', 'information_schema', 'INNODB_TRX', 'trx_query', 8, NULL, 'YES', 'varchar', 1024, 3072, NULL, NULL, NULL, 'utf8', 'utf8_general_ci', 'varchar(1024)', '', '', 'select', ''),
	('def', 'information_schema', 'INNODB_TRX', 'trx_operation_state', 9, NULL, 'YES', 'varchar', 64, 192, NULL, NULL, NULL, 'utf8', 'utf8_general_ci', 'varchar(64)', '', '', 'select', ''),
	('def', 'information_schema', 'INNODB_TRX', 'trx_tables_in_use', 10, '0', 'NO', 'bigint', NULL, NULL, 20, 0, NULL, NULL, NULL, 'bigint(21) unsigned', '', '', 'select', ''),
	('def', 'information_schema', 'INNODB_TRX', 'trx_tables_locked', 11, '0', 'NO', 'bigint', NULL, NULL, 20, 0, NULL, NULL, NULL, 'bigint(21) unsigned', '', '', 'select', ''),
	('def', 'information_schema', 'INNODB_TRX', 'trx_lock_structs', 12, '0', 'NO', 'bigint', NULL, NULL, 20, 0, NULL, NULL, NULL, 'bigint(21) unsigned', '', '', 'select', ''),
	('def', 'information_schema', 'INNODB_TRX', 'trx_lock_memory_bytes', 13, '0', 'NO', 'bigint', NULL, NULL, 20, 0, NULL, NULL, NULL, 'bigint(21) unsigned', '', '', 'select', ''),
	('def', 'information_schema', 'INNODB_TRX', 'trx_rows_locked', 14, '0', 'NO', 'bigint', NULL, NULL, 20, 0, NULL, NULL, NULL, 'bigint(21) unsigned', '', '', 'select', ''),
	('def', 'information_schema', 'INNODB_TRX', 'trx_rows_modified', 15, '0', 'NO', 'bigint', NULL, NULL, 20, 0, NULL, NULL, NULL, 'bigint(21) unsigned', '', '', 'select', ''),
	('def', 'information_schema', 'INNODB_TRX', 'trx_concurrency_tickets', 16, '0', 'NO', 'bigint', NULL, NULL, 20, 0, NULL, NULL, NULL, 'bigint(21) unsigned', '', '', 'select', ''),
	('def', 'information_schema', 'INNODB_TRX', 'trx_isolation_level', 17, '', 'NO', 'varchar', 16, 48, NULL, NULL, NULL, 'utf8', 'utf8_general_ci', 'varchar(16)', '', '', 'select', ''),
	('def', 'information_schema', 'INNODB_TRX', 'trx_unique_checks', 18, '0', 'NO', 'int', NULL, NULL, 10, 0, NULL, NULL, NULL, 'int(1)', '', '', 'select', ''),
	('def', 'information_schema', 'INNODB_TRX', 'trx_foreign_key_checks', 19, '0', 'NO', 'int', NULL, NULL, 10, 0, NULL, NULL, NULL, 'int(1)', '', '', 'select', ''),
	('def', 'information_schema', 'INNODB_TRX', 'trx_last_foreign_key_error', 20, NULL, 'YES', 'varchar', 256, 768, NULL, NULL, NULL, 'utf8', 'utf8_general_ci', 'varchar(256)', '', '', 'select', ''),
	('def', 'information_schema', 'INNODB_TRX', 'trx_adaptive_hash_latched', 21, '0', 'NO', 'int', NULL, NULL, 10, 0, NULL, NULL, NULL, 'int(1)', '', '', 'select', ''),
	('def', 'information_schema', 'INNODB_TRX', 'trx_adaptive_hash_timeout', 22, '0', 'NO', 'bigint', NULL, NULL, 20, 0, NULL, NULL, NULL, 'bigint(21) unsigned', '', '', 'select', ''),
	('def', 'information_schema', 'INNODB_TRX', 'trx_is_read_only', 23, '0', 'NO', 'int', NULL, NULL, 10, 0, NULL, NULL, NULL, 'int(1)', '', '', 'select', ''),
	('def', 'information_schema', 'INNODB_TRX', 'trx_autocommit_non_locking', 24, '0', 'NO', 'int', NULL, NULL, 10, 0, NULL, NULL, NULL, 'int(1)', '', '', 'select', ''),
	('def', 'information_schema', 'INNODB_SYS_DATAFILES', 'SPACE', 1, '0', 'NO', 'int', NULL, NULL, 10, 0, NULL, NULL, NULL, 'int(11) unsigned', '', '', 'select', ''),
	('def', 'information_schema', 'INNODB_SYS_DATAFILES', 'PATH', 2, '', 'NO', 'varchar', 4000, 12000, NULL, NULL, NULL, 'utf8', 'utf8_general_ci', 'varchar(4000)', '', '', 'select', ''),
	('def', 'information_schema', 'INNODB_LOCK_WAITS', 'requesting_trx_id', 1, '', 'NO', 'varchar', 18, 54, NULL, NULL, NULL, 'utf8', 'utf8_general_ci', 'varchar(18)', '', '', 'select', ''),
	('def', 'information_schema', 'INNODB_LOCK_WAITS', 'requested_lock_id', 2, '', 'NO', 'varchar', 81, 243, NULL, NULL, NULL, 'utf8', 'utf8_general_ci', 'varchar(81)', '', '', 'select', ''),
	('def', 'information_schema', 'INNODB_LOCK_WAITS', 'blocking_trx_id', 3, '', 'NO', 'varchar', 18, 54, NULL, NULL, NULL, 'utf8', 'utf8_general_ci', 'varchar(18)', '', '', 'select', ''),
	('def', 'information_schema', 'INNODB_LOCK_WAITS', 'blocking_lock_id', 4, '', 'NO', 'varchar', 81, 243, NULL, NULL, NULL, 'utf8', 'utf8_general_ci', 'varchar(81)', '', '', 'select', ''),
	('def', 'information_schema', 'INNODB_SYS_TABLESTATS', 'TABLE_ID', 1, '0', 'NO', 'bigint', NULL, NULL, 20, 0, NULL, NULL, NULL, 'bigint(21) unsigned', '', '', 'select', ''),
	('def', 'information_schema', 'INNODB_SYS_TABLESTATS', 'NAME', 2, '', 'NO', 'varchar', 193, 579, NULL, NULL, NULL, 'utf8', 'utf8_general_ci', 'varchar(193)', '', '', 'select', ''),
	('def', 'information_schema', 'INNODB_SYS_TABLESTATS', 'STATS_INITIALIZED', 3, '', 'NO', 'varchar', 193, 579, NULL, NULL, NULL, 'utf8', 'utf8_general_ci', 'varchar(193)', '', '', 'select', ''),
	('def', 'information_schema', 'INNODB_SYS_TABLESTATS', 'NUM_ROWS', 4, '0', 'NO', 'bigint', NULL, NULL, 20, 0, NULL, NULL, NULL, 'bigint(21) unsigned', '', '', 'select', ''),
	('def', 'information_schema', 'INNODB_SYS_TABLESTATS', 'CLUST_INDEX_SIZE', 5, '0', 'NO', 'bigint', NULL, NULL, 20, 0, NULL, NULL, NULL, 'bigint(21) unsigned', '', '', 'select', ''),
	('def', 'information_schema', 'INNODB_SYS_TABLESTATS', 'OTHER_INDEX_SIZE', 6, '0', 'NO', 'bigint', NULL, NULL, 20, 0, NULL, NULL, NULL, 'bigint(21) unsigned', '', '', 'select', ''),
	('def', 'information_schema', 'INNODB_SYS_TABLESTATS', 'MODIFIED_COUNTER', 7, '0', 'NO', 'bigint', NULL, NULL, 20, 0, NULL, NULL, NULL, 'bigint(21) unsigned', '', '', 'select', ''),
	('def', 'information_schema', 'INNODB_SYS_TABLESTATS', 'AUTOINC', 8, '0', 'NO', 'bigint', NULL, NULL, 20, 0, NULL, NULL, NULL, 'bigint(21) unsigned', '', '', 'select', ''),
	('def', 'information_schema', 'INNODB_SYS_TABLESTATS', 'REF_COUNT', 9, '0', 'NO', 'int', NULL, NULL, 10, 0, NULL, NULL, NULL, 'int(11)', '', '', 'select', ''),
	('def', 'information_schema', 'INNODB_CMP', 'page_size', 1, '0', 'NO', 'int', NULL, NULL, 10, 0, NULL, NULL, NULL, 'int(5)', '', '', 'select', ''),
	('def', 'information_schema', 'INNODB_CMP', 'compress_ops', 2, '0', 'NO', 'int', NULL, NULL, 10, 0, NULL, NULL, NULL, 'int(11)', '', '', 'select', ''),
	('def', 'information_schema', 'INNODB_CMP', 'compress_ops_ok', 3, '0', 'NO', 'int', NULL, NULL, 10, 0, NULL, NULL, NULL, 'int(11)', '', '', 'select', ''),
	('def', 'information_schema', 'INNODB_CMP', 'compress_time', 4, '0', 'NO', 'int', NULL, NULL, 10, 0, NULL, NULL, NULL, 'int(11)', '', '', 'select', ''),
	('def', 'information_schema', 'INNODB_CMP', 'uncompress_ops', 5, '0', 'NO', 'int', NULL, NULL, 10, 0, NULL, NULL, NULL, 'int(11)', '', '', 'select', ''),
	('def', 'information_schema', 'INNODB_CMP', 'uncompress_time', 6, '0', 'NO', 'int', NULL, NULL, 10, 0, NULL, NULL, NULL, 'int(11)', '', '', 'select', ''),
	('def', 'information_schema', 'INNODB_METRICS', 'NAME', 1, '', 'NO', 'varchar', 193, 579, NULL, NULL, NULL, 'utf8', 'utf8_general_ci', 'varchar(193)', '', '', 'select', ''),
	('def', 'information_schema', 'INNODB_METRICS', 'SUBSYSTEM', 2, '', 'NO', 'varchar', 193, 579, NULL, NULL, NULL, 'utf8', 'utf8_general_ci', 'varchar(193)', '', '', 'select', ''),
	('def', 'information_schema', 'INNODB_METRICS', 'COUNT', 3, '0', 'NO', 'bigint', NULL, NULL, 19, 0, NULL, NULL, NULL, 'bigint(21)', '', '', 'select', ''),
	('def', 'information_schema', 'INNODB_METRICS', 'MAX_COUNT', 4, NULL, 'YES', 'bigint', NULL, NULL, 19, 0, NULL, NULL, NULL, 'bigint(21)', '', '', 'select', ''),
	('def', 'information_schema', 'INNODB_METRICS', 'MIN_COUNT', 5, NULL, 'YES', 'bigint', NULL, NULL, 19, 0, NULL, NULL, NULL, 'bigint(21)', '', '', 'select', ''),
	('def', 'information_schema', 'INNODB_METRICS', 'AVG_COUNT', 6, NULL, 'YES', 'double', NULL, NULL, 12, NULL, NULL, NULL, NULL, 'double', '', '', 'select', ''),
	('def', 'information_schema', 'INNODB_METRICS', 'COUNT_RESET', 7, '0', 'NO', 'bigint', NULL, NULL, 19, 0, NULL, NULL, NULL, 'bigint(21)', '', '', 'select', ''),
	('def', 'information_schema', 'INNODB_METRICS', 'MAX_COUNT_RESET', 8, NULL, 'YES', 'bigint', NULL, NULL, 19, 0, NULL, NULL, NULL, 'bigint(21)', '', '', 'select', ''),
	('def', 'information_schema', 'INNODB_METRICS', 'MIN_COUNT_RESET', 9, NULL, 'YES', 'bigint', NULL, NULL, 19, 0, NULL, NULL, NULL, 'bigint(21)', '', '', 'select', ''),
	('def', 'information_schema', 'INNODB_METRICS', 'AVG_COUNT_RESET', 10, NULL, 'YES', 'double', NULL, NULL, 12, NULL, NULL, NULL, NULL, 'double', '', '', 'select', ''),
	('def', 'information_schema', 'INNODB_METRICS', 'TIME_ENABLED', 11, NULL, 'YES', 'datetime', NULL, NULL, NULL, NULL, 0, NULL, NULL, 'datetime', '', '', 'select', ''),
	('def', 'information_schema', 'INNODB_METRICS', 'TIME_DISABLED', 12, NULL, 'YES', 'datetime', NULL, NULL, NULL, NULL, 0, NULL, NULL, 'datetime', '', '', 'select', ''),
	('def', 'information_schema', 'INNODB_METRICS', 'TIME_ELAPSED', 13, NULL, 'YES', 'bigint', NULL, NULL, 19, 0, NULL, NULL, NULL, 'bigint(21)', '', '', 'select', ''),
	('def', 'information_schema', 'INNODB_METRICS', 'TIME_RESET', 14, NULL, 'YES', 'datetime', NULL, NULL, NULL, NULL, 0, NULL, NULL, 'datetime', '', '', 'select', ''),
	('def', 'information_schema', 'INNODB_METRICS', 'STATUS', 15, '', 'NO', 'varchar', 193, 579, NULL, NULL, NULL, 'utf8', 'utf8_general_ci', 'varchar(193)', '', '', 'select', ''),
	('def', 'information_schema', 'INNODB_METRICS', 'TYPE', 16, '', 'NO', 'varchar', 193, 579, NULL, NULL, NULL, 'utf8', 'utf8_general_ci', 'varchar(193)', '', '', 'select', ''),
	('def', 'information_schema', 'INNODB_METRICS', 'COMMENT', 17, '', 'NO', 'varchar', 193, 579, NULL, NULL, NULL, 'utf8', 'utf8_general_ci', 'varchar(193)', '', '', 'select', ''),
	('def', 'information_schema', 'INNODB_CMP_RESET', 'page_size', 1, '0', 'NO', 'int', NULL, NULL, 10, 0, NULL, NULL, NULL, 'int(5)', '', '', 'select', ''),
	('def', 'information_schema', 'INNODB_CMP_RESET', 'compress_ops', 2, '0', 'NO', 'int', NULL, NULL, 10, 0, NULL, NULL, NULL, 'int(11)', '', '', 'select', ''),
	('def', 'information_schema', 'INNODB_CMP_RESET', 'compress_ops_ok', 3, '0', 'NO', 'int', NULL, NULL, 10, 0, NULL, NULL, NULL, 'int(11)', '', '', 'select', ''),
	('def', 'information_schema', 'INNODB_CMP_RESET', 'compress_time', 4, '0', 'NO', 'int', NULL, NULL, 10, 0, NULL, NULL, NULL, 'int(11)', '', '', 'select', ''),
	('def', 'information_schema', 'INNODB_CMP_RESET', 'uncompress_ops', 5, '0', 'NO', 'int', NULL, NULL, 10, 0, NULL, NULL, NULL, 'int(11)', '', '', 'select', ''),
	('def', 'information_schema', 'INNODB_CMP_RESET', 'uncompress_time', 6, '0', 'NO', 'int', NULL, NULL, 10, 0, NULL, NULL, NULL, 'int(11)', '', '', 'select', ''),
	('def', 'information_schema', 'INNODB_CMP_PER_INDEX', 'database_name', 1, '', 'NO', 'varchar', 192, 576, NULL, NULL, NULL, 'utf8', 'utf8_general_ci', 'varchar(192)', '', '', 'select', ''),
	('def', 'information_schema', 'INNODB_CMP_PER_INDEX', 'table_name', 2, '', 'NO', 'varchar', 192, 576, NULL, NULL, NULL, 'utf8', 'utf8_general_ci', 'varchar(192)', '', '', 'select', ''),
	('def', 'information_schema', 'INNODB_CMP_PER_INDEX', 'index_name', 3, '', 'NO', 'varchar', 192, 576, NULL, NULL, NULL, 'utf8', 'utf8_general_ci', 'varchar(192)', '', '', 'select', ''),
	('def', 'information_schema', 'INNODB_CMP_PER_INDEX', 'compress_ops', 4, '0', 'NO', 'int', NULL, NULL, 10, 0, NULL, NULL, NULL, 'int(11)', '', '', 'select', ''),
	('def', 'information_schema', 'INNODB_CMP_PER_INDEX', 'compress_ops_ok', 5, '0', 'NO', 'int', NULL, NULL, 10, 0, NULL, NULL, NULL, 'int(11)', '', '', 'select', ''),
	('def', 'information_schema', 'INNODB_CMP_PER_INDEX', 'compress_time', 6, '0', 'NO', 'int', NULL, NULL, 10, 0, NULL, NULL, NULL, 'int(11)', '', '', 'select', ''),
	('def', 'information_schema', 'INNODB_CMP_PER_INDEX', 'uncompress_ops', 7, '0', 'NO', 'int', NULL, NULL, 10, 0, NULL, NULL, NULL, 'int(11)', '', '', 'select', ''),
	('def', 'information_schema', 'INNODB_CMP_PER_INDEX', 'uncompress_time', 8, '0', 'NO', 'int', NULL, NULL, 10, 0, NULL, NULL, NULL, 'int(11)', '', '', 'select', ''),
	('def', 'information_schema', 'INNODB_CMPMEM_RESET', 'page_size', 1, '0', 'NO', 'int', NULL, NULL, 10, 0, NULL, NULL, NULL, 'int(5)', '', '', 'select', ''),
	('def', 'information_schema', 'INNODB_CMPMEM_RESET', 'buffer_pool_instance', 2, '0', 'NO', 'int', NULL, NULL, 10, 0, NULL, NULL, NULL, 'int(11)', '', '', 'select', ''),
	('def', 'information_schema', 'INNODB_CMPMEM_RESET', 'pages_used', 3, '0', 'NO', 'int', NULL, NULL, 10, 0, NULL, NULL, NULL, 'int(11)', '', '', 'select', ''),
	('def', 'information_schema', 'INNODB_CMPMEM_RESET', 'pages_free', 4, '0', 'NO', 'int', NULL, NULL, 10, 0, NULL, NULL, NULL, 'int(11)', '', '', 'select', ''),
	('def', 'information_schema', 'INNODB_CMPMEM_RESET', 'relocation_ops', 5, '0', 'NO', 'bigint', NULL, NULL, 19, 0, NULL, NULL, NULL, 'bigint(21)', '', '', 'select', ''),
	('def', 'information_schema', 'INNODB_CMPMEM_RESET', 'relocation_time', 6, '0', 'NO', 'int', NULL, NULL, 10, 0, NULL, NULL, NULL, 'int(11)', '', '', 'select', ''),
	('def', 'information_schema', 'INNODB_FT_DELETED', 'DOC_ID', 1, '0', 'NO', 'bigint', NULL, NULL, 20, 0, NULL, NULL, NULL, 'bigint(21) unsigned', '', '', 'select', ''),
	('def', 'information_schema', 'INNODB_BUFFER_PAGE_LRU', 'POOL_ID', 1, '0', 'NO', 'bigint', NULL, NULL, 20, 0, NULL, NULL, NULL, 'bigint(21) unsigned', '', '', 'select', ''),
	('def', 'information_schema', 'INNODB_BUFFER_PAGE_LRU', 'LRU_POSITION', 2, '0', 'NO', 'bigint', NULL, NULL, 20, 0, NULL, NULL, NULL, 'bigint(21) unsigned', '', '', 'select', ''),
	('def', 'information_schema', 'INNODB_BUFFER_PAGE_LRU', 'SPACE', 3, '0', 'NO', 'bigint', NULL, NULL, 20, 0, NULL, NULL, NULL, 'bigint(21) unsigned', '', '', 'select', ''),
	('def', 'information_schema', 'INNODB_BUFFER_PAGE_LRU', 'PAGE_NUMBER', 4, '0', 'NO', 'bigint', NULL, NULL, 20, 0, NULL, NULL, NULL, 'bigint(21) unsigned', '', '', 'select', ''),
	('def', 'information_schema', 'INNODB_BUFFER_PAGE_LRU', 'PAGE_TYPE', 5, NULL, 'YES', 'varchar', 64, 192, NULL, NULL, NULL, 'utf8', 'utf8_general_ci', 'varchar(64)', '', '', 'select', ''),
	('def', 'information_schema', 'INNODB_BUFFER_PAGE_LRU', 'FLUSH_TYPE', 6, '0', 'NO', 'bigint', NULL, NULL, 20, 0, NULL, NULL, NULL, 'bigint(21) unsigned', '', '', 'select', ''),
	('def', 'information_schema', 'INNODB_BUFFER_PAGE_LRU', 'FIX_COUNT', 7, '0', 'NO', 'bigint', NULL, NULL, 20, 0, NULL, NULL, NULL, 'bigint(21) unsigned', '', '', 'select', ''),
	('def', 'information_schema', 'INNODB_BUFFER_PAGE_LRU', 'IS_HASHED', 8, NULL, 'YES', 'varchar', 3, 9, NULL, NULL, NULL, 'utf8', 'utf8_general_ci', 'varchar(3)', '', '', 'select', ''),
	('def', 'information_schema', 'INNODB_BUFFER_PAGE_LRU', 'NEWEST_MODIFICATION', 9, '0', 'NO', 'bigint', NULL, NULL, 20, 0, NULL, NULL, NULL, 'bigint(21) unsigned', '', '', 'select', ''),
	('def', 'information_schema', 'INNODB_BUFFER_PAGE_LRU', 'OLDEST_MODIFICATION', 10, '0', 'NO', 'bigint', NULL, NULL, 20, 0, NULL, NULL, NULL, 'bigint(21) unsigned', '', '', 'select', ''),
	('def', 'information_schema', 'INNODB_BUFFER_PAGE_LRU', 'ACCESS_TIME', 11, '0', 'NO', 'bigint', NULL, NULL, 20, 0, NULL, NULL, NULL, 'bigint(21) unsigned', '', '', 'select', ''),
	('def', 'information_schema', 'INNODB_BUFFER_PAGE_LRU', 'TABLE_NAME', 12, NULL, 'YES', 'varchar', 1024, 3072, NULL, NULL, NULL, 'utf8', 'utf8_general_ci', 'varchar(1024)', '', '', 'select', ''),
	('def', 'information_schema', 'INNODB_BUFFER_PAGE_LRU', 'INDEX_NAME', 13, NULL, 'YES', 'varchar', 1024, 3072, NULL, NULL, NULL, 'utf8', 'utf8_general_ci', 'varchar(1024)', '', '', 'select', ''),
	('def', 'information_schema', 'INNODB_BUFFER_PAGE_LRU', 'NUMBER_RECORDS', 14, '0', 'NO', 'bigint', NULL, NULL, 20, 0, NULL, NULL, NULL, 'bigint(21) unsigned', '', '', 'select', ''),
	('def', 'information_schema', 'INNODB_BUFFER_PAGE_LRU', 'DATA_SIZE', 15, '0', 'NO', 'bigint', NULL, NULL, 20, 0, NULL, NULL, NULL, 'bigint(21) unsigned', '', '', 'select', ''),
	('def', 'information_schema', 'INNODB_BUFFER_PAGE_LRU', 'COMPRESSED_SIZE', 16, '0', 'NO', 'bigint', NULL, NULL, 20, 0, NULL, NULL, NULL, 'bigint(21) unsigned', '', '', 'select', ''),
	('def', 'information_schema', 'INNODB_BUFFER_PAGE_LRU', 'COMPRESSED', 17, NULL, 'YES', 'varchar', 3, 9, NULL, NULL, NULL, 'utf8', 'utf8_general_ci', 'varchar(3)', '', '', 'select', ''),
	('def', 'information_schema', 'INNODB_BUFFER_PAGE_LRU', 'IO_FIX', 18, NULL, 'YES', 'varchar', 64, 192, NULL, NULL, NULL, 'utf8', 'utf8_general_ci', 'varchar(64)', '', '', 'select', ''),
	('def', 'information_schema', 'INNODB_BUFFER_PAGE_LRU', 'IS_OLD', 19, NULL, 'YES', 'varchar', 3, 9, NULL, NULL, NULL, 'utf8', 'utf8_general_ci', 'varchar(3)', '', '', 'select', ''),
	('def', 'information_schema', 'INNODB_BUFFER_PAGE_LRU', 'FREE_PAGE_CLOCK', 20, '0', 'NO', 'bigint', NULL, NULL, 20, 0, NULL, NULL, NULL, 'bigint(21) unsigned', '', '', 'select', ''),
	('def', 'information_schema', 'INNODB_SYS_FOREIGN', 'ID', 1, '', 'NO', 'varchar', 193, 579, NULL, NULL, NULL, 'utf8', 'utf8_general_ci', 'varchar(193)', '', '', 'select', ''),
	('def', 'information_schema', 'INNODB_SYS_FOREIGN', 'FOR_NAME', 2, '', 'NO', 'varchar', 193, 579, NULL, NULL, NULL, 'utf8', 'utf8_general_ci', 'varchar(193)', '', '', 'select', ''),
	('def', 'information_schema', 'INNODB_SYS_FOREIGN', 'REF_NAME', 3, '', 'NO', 'varchar', 193, 579, NULL, NULL, NULL, 'utf8', 'utf8_general_ci', 'varchar(193)', '', '', 'select', ''),
	('def', 'information_schema', 'INNODB_SYS_FOREIGN', 'N_COLS', 4, '0', 'NO', 'int', NULL, NULL, 10, 0, NULL, NULL, NULL, 'int(11) unsigned', '', '', 'select', ''),
	('def', 'information_schema', 'INNODB_SYS_FOREIGN', 'TYPE', 5, '0', 'NO', 'int', NULL, NULL, 10, 0, NULL, NULL, NULL, 'int(11) unsigned', '', '', 'select', ''),
	('def', 'information_schema', 'INNODB_SYS_COLUMNS', 'TABLE_ID', 1, '0', 'NO', 'bigint', NULL, NULL, 20, 0, NULL, NULL, NULL, 'bigint(21) unsigned', '', '', 'select', ''),
	('def', 'information_schema', 'INNODB_SYS_COLUMNS', 'NAME', 2, '', 'NO', 'varchar', 193, 579, NULL, NULL, NULL, 'utf8', 'utf8_general_ci', 'varchar(193)', '', '', 'select', ''),
	('def', 'information_schema', 'INNODB_SYS_COLUMNS', 'POS', 3, '0', 'NO', 'bigint', NULL, NULL, 20, 0, NULL, NULL, NULL, 'bigint(21) unsigned', '', '', 'select', ''),
	('def', 'information_schema', 'INNODB_SYS_COLUMNS', 'MTYPE', 4, '0', 'NO', 'int', NULL, NULL, 10, 0, NULL, NULL, NULL, 'int(11)', '', '', 'select', ''),
	('def', 'information_schema', 'INNODB_SYS_COLUMNS', 'PRTYPE', 5, '0', 'NO', 'int', NULL, NULL, 10, 0, NULL, NULL, NULL, 'int(11)', '', '', 'select', ''),
	('def', 'information_schema', 'INNODB_SYS_COLUMNS', 'LEN', 6, '0', 'NO', 'int', NULL, NULL, 10, 0, NULL, NULL, NULL, 'int(11)', '', '', 'select', ''),
	('def', 'information_schema', 'INNODB_SYS_INDEXES', 'INDEX_ID', 1, '0', 'NO', 'bigint', NULL, NULL, 20, 0, NULL, NULL, NULL, 'bigint(21) unsigned', '', '', 'select', ''),
	('def', 'information_schema', 'INNODB_SYS_INDEXES', 'NAME', 2, '', 'NO', 'varchar', 193, 579, NULL, NULL, NULL, 'utf8', 'utf8_general_ci', 'varchar(193)', '', '', 'select', ''),
	('def', 'information_schema', 'INNODB_SYS_INDEXES', 'TABLE_ID', 3, '0', 'NO', 'bigint', NULL, NULL, 20, 0, NULL, NULL, NULL, 'bigint(21) unsigned', '', '', 'select', ''),
	('def', 'information_schema', 'INNODB_SYS_INDEXES', 'TYPE', 4, '0', 'NO', 'int', NULL, NULL, 10, 0, NULL, NULL, NULL, 'int(11)', '', '', 'select', ''),
	('def', 'information_schema', 'INNODB_SYS_INDEXES', 'N_FIELDS', 5, '0', 'NO', 'int', NULL, NULL, 10, 0, NULL, NULL, NULL, 'int(11)', '', '', 'select', ''),
	('def', 'information_schema', 'INNODB_SYS_INDEXES', 'PAGE_NO', 6, '0', 'NO', 'int', NULL, NULL, 10, 0, NULL, NULL, NULL, 'int(11)', '', '', 'select', ''),
	('def', 'information_schema', 'INNODB_SYS_INDEXES', 'SPACE', 7, '0', 'NO', 'int', NULL, NULL, 10, 0, NULL, NULL, NULL, 'int(11)', '', '', 'select', ''),
	('def', 'information_schema', 'INNODB_FT_DEFAULT_STOPWORD', 'value', 1, '', 'NO', 'varchar', 18, 54, NULL, NULL, NULL, 'utf8', 'utf8_general_ci', 'varchar(18)', '', '', 'select', ''),
	('def', 'information_schema', 'INNODB_SYS_FIELDS', 'INDEX_ID', 1, '0', 'NO', 'bigint', NULL, NULL, 20, 0, NULL, NULL, NULL, 'bigint(21) unsigned', '', '', 'select', ''),
	('def', 'information_schema', 'INNODB_SYS_FIELDS', 'NAME', 2, '', 'NO', 'varchar', 193, 579, NULL, NULL, NULL, 'utf8', 'utf8_general_ci', 'varchar(193)', '', '', 'select', ''),
	('def', 'information_schema', 'INNODB_SYS_FIELDS', 'POS', 3, '0', 'NO', 'int', NULL, NULL, 10, 0, NULL, NULL, NULL, 'int(11) unsigned', '', '', 'select', ''),
	('def', 'information_schema', 'INNODB_CMP_PER_INDEX_RESET', 'database_name', 1, '', 'NO', 'varchar', 192, 576, NULL, NULL, NULL, 'utf8', 'utf8_general_ci', 'varchar(192)', '', '', 'select', ''),
	('def', 'information_schema', 'INNODB_CMP_PER_INDEX_RESET', 'table_name', 2, '', 'NO', 'varchar', 192, 576, NULL, NULL, NULL, 'utf8', 'utf8_general_ci', 'varchar(192)', '', '', 'select', ''),
	('def', 'information_schema', 'INNODB_CMP_PER_INDEX_RESET', 'index_name', 3, '', 'NO', 'varchar', 192, 576, NULL, NULL, NULL, 'utf8', 'utf8_general_ci', 'varchar(192)', '', '', 'select', ''),
	('def', 'information_schema', 'INNODB_CMP_PER_INDEX_RESET', 'compress_ops', 4, '0', 'NO', 'int', NULL, NULL, 10, 0, NULL, NULL, NULL, 'int(11)', '', '', 'select', ''),
	('def', 'information_schema', 'INNODB_CMP_PER_INDEX_RESET', 'compress_ops_ok', 5, '0', 'NO', 'int', NULL, NULL, 10, 0, NULL, NULL, NULL, 'int(11)', '', '', 'select', ''),
	('def', 'information_schema', 'INNODB_CMP_PER_INDEX_RESET', 'compress_time', 6, '0', 'NO', 'int', NULL, NULL, 10, 0, NULL, NULL, NULL, 'int(11)', '', '', 'select', ''),
	('def', 'information_schema', 'INNODB_CMP_PER_INDEX_RESET', 'uncompress_ops', 7, '0', 'NO', 'int', NULL, NULL, 10, 0, NULL, NULL, NULL, 'int(11)', '', '', 'select', ''),
	('def', 'information_schema', 'INNODB_CMP_PER_INDEX_RESET', 'uncompress_time', 8, '0', 'NO', 'int', NULL, NULL, 10, 0, NULL, NULL, NULL, 'int(11)', '', '', 'select', ''),
	('def', 'information_schema', 'INNODB_BUFFER_PAGE', 'POOL_ID', 1, '0', 'NO', 'bigint', NULL, NULL, 20, 0, NULL, NULL, NULL, 'bigint(21) unsigned', '', '', 'select', ''),
	('def', 'information_schema', 'INNODB_BUFFER_PAGE', 'BLOCK_ID', 2, '0', 'NO', 'bigint', NULL, NULL, 20, 0, NULL, NULL, NULL, 'bigint(21) unsigned', '', '', 'select', ''),
	('def', 'information_schema', 'INNODB_BUFFER_PAGE', 'SPACE', 3, '0', 'NO', 'bigint', NULL, NULL, 20, 0, NULL, NULL, NULL, 'bigint(21) unsigned', '', '', 'select', ''),
	('def', 'information_schema', 'INNODB_BUFFER_PAGE', 'PAGE_NUMBER', 4, '0', 'NO', 'bigint', NULL, NULL, 20, 0, NULL, NULL, NULL, 'bigint(21) unsigned', '', '', 'select', ''),
	('def', 'information_schema', 'INNODB_BUFFER_PAGE', 'PAGE_TYPE', 5, NULL, 'YES', 'varchar', 64, 192, NULL, NULL, NULL, 'utf8', 'utf8_general_ci', 'varchar(64)', '', '', 'select', ''),
	('def', 'information_schema', 'INNODB_BUFFER_PAGE', 'FLUSH_TYPE', 6, '0', 'NO', 'bigint', NULL, NULL, 20, 0, NULL, NULL, NULL, 'bigint(21) unsigned', '', '', 'select', ''),
	('def', 'information_schema', 'INNODB_BUFFER_PAGE', 'FIX_COUNT', 7, '0', 'NO', 'bigint', NULL, NULL, 20, 0, NULL, NULL, NULL, 'bigint(21) unsigned', '', '', 'select', ''),
	('def', 'information_schema', 'INNODB_BUFFER_PAGE', 'IS_HASHED', 8, NULL, 'YES', 'varchar', 3, 9, NULL, NULL, NULL, 'utf8', 'utf8_general_ci', 'varchar(3)', '', '', 'select', ''),
	('def', 'information_schema', 'INNODB_BUFFER_PAGE', 'NEWEST_MODIFICATION', 9, '0', 'NO', 'bigint', NULL, NULL, 20, 0, NULL, NULL, NULL, 'bigint(21) unsigned', '', '', 'select', ''),
	('def', 'information_schema', 'INNODB_BUFFER_PAGE', 'OLDEST_MODIFICATION', 10, '0', 'NO', 'bigint', NULL, NULL, 20, 0, NULL, NULL, NULL, 'bigint(21) unsigned', '', '', 'select', ''),
	('def', 'information_schema', 'INNODB_BUFFER_PAGE', 'ACCESS_TIME', 11, '0', 'NO', 'bigint', NULL, NULL, 20, 0, NULL, NULL, NULL, 'bigint(21) unsigned', '', '', 'select', ''),
	('def', 'information_schema', 'INNODB_BUFFER_PAGE', 'TABLE_NAME', 12, NULL, 'YES', 'varchar', 1024, 3072, NULL, NULL, NULL, 'utf8', 'utf8_general_ci', 'varchar(1024)', '', '', 'select', ''),
	('def', 'information_schema', 'INNODB_BUFFER_PAGE', 'INDEX_NAME', 13, NULL, 'YES', 'varchar', 1024, 3072, NULL, NULL, NULL, 'utf8', 'utf8_general_ci', 'varchar(1024)', '', '', 'select', ''),
	('def', 'information_schema', 'INNODB_BUFFER_PAGE', 'NUMBER_RECORDS', 14, '0', 'NO', 'bigint', NULL, NULL, 20, 0, NULL, NULL, NULL, 'bigint(21) unsigned', '', '', 'select', ''),
	('def', 'information_schema', 'INNODB_BUFFER_PAGE', 'DATA_SIZE', 15, '0', 'NO', 'bigint', NULL, NULL, 20, 0, NULL, NULL, NULL, 'bigint(21) unsigned', '', '', 'select', ''),
	('def', 'information_schema', 'INNODB_BUFFER_PAGE', 'COMPRESSED_SIZE', 16, '0', 'NO', 'bigint', NULL, NULL, 20, 0, NULL, NULL, NULL, 'bigint(21) unsigned', '', '', 'select', ''),
	('def', 'information_schema', 'INNODB_BUFFER_PAGE', 'PAGE_STATE', 17, NULL, 'YES', 'varchar', 64, 192, NULL, NULL, NULL, 'utf8', 'utf8_general_ci', 'varchar(64)', '', '', 'select', ''),
	('def', 'information_schema', 'INNODB_BUFFER_PAGE', 'IO_FIX', 18, NULL, 'YES', 'varchar', 64, 192, NULL, NULL, NULL, 'utf8', 'utf8_general_ci', 'varchar(64)', '', '', 'select', ''),
	('def', 'information_schema', 'INNODB_BUFFER_PAGE', 'IS_OLD', 19, NULL, 'YES', 'varchar', 3, 9, NULL, NULL, NULL, 'utf8', 'utf8_general_ci', 'varchar(3)', '', '', 'select', ''),
	('def', 'information_schema', 'INNODB_BUFFER_PAGE', 'FREE_PAGE_CLOCK', 20, '0', 'NO', 'bigint', NULL, NULL, 20, 0, NULL, NULL, NULL, 'bigint(21) unsigned', '', '', 'select', ''),
	('def', 'information_schema', 'INNODB_CMPMEM', 'page_size', 1, '0', 'NO', 'int', NULL, NULL, 10, 0, NULL, NULL, NULL, 'int(5)', '', '', 'select', ''),
	('def', 'information_schema', 'INNODB_CMPMEM', 'buffer_pool_instance', 2, '0', 'NO', 'int', NULL, NULL, 10, 0, NULL, NULL, NULL, 'int(11)', '', '', 'select', ''),
	('def', 'information_schema', 'INNODB_CMPMEM', 'pages_used', 3, '0', 'NO', 'int', NULL, NULL, 10, 0, NULL, NULL, NULL, 'int(11)', '', '', 'select', ''),
	('def', 'information_schema', 'INNODB_CMPMEM', 'pages_free', 4, '0', 'NO', 'int', NULL, NULL, 10, 0, NULL, NULL, NULL, 'int(11)', '', '', 'select', ''),
	('def', 'information_schema', 'INNODB_CMPMEM', 'relocation_ops', 5, '0', 'NO', 'bigint', NULL, NULL, 19, 0, NULL, NULL, NULL, 'bigint(21)', '', '', 'select', ''),
	('def', 'information_schema', 'INNODB_CMPMEM', 'relocation_time', 6, '0', 'NO', 'int', NULL, NULL, 10, 0, NULL, NULL, NULL, 'int(11)', '', '', 'select', ''),
	('def', 'information_schema', 'INNODB_FT_INDEX_TABLE', 'WORD', 1, '', 'NO', 'varchar', 337, 1011, NULL, NULL, NULL, 'utf8', 'utf8_general_ci', 'varchar(337)', '', '', 'select', ''),
	('def', 'information_schema', 'INNODB_FT_INDEX_TABLE', 'FIRST_DOC_ID', 2, '0', 'NO', 'bigint', NULL, NULL, 20, 0, NULL, NULL, NULL, 'bigint(21) unsigned', '', '', 'select', ''),
	('def', 'information_schema', 'INNODB_FT_INDEX_TABLE', 'LAST_DOC_ID', 3, '0', 'NO', 'bigint', NULL, NULL, 20, 0, NULL, NULL, NULL, 'bigint(21) unsigned', '', '', 'select', ''),
	('def', 'information_schema', 'INNODB_FT_INDEX_TABLE', 'DOC_COUNT', 4, '0', 'NO', 'bigint', NULL, NULL, 20, 0, NULL, NULL, NULL, 'bigint(21) unsigned', '', '', 'select', ''),
	('def', 'information_schema', 'INNODB_FT_INDEX_TABLE', 'DOC_ID', 5, '0', 'NO', 'bigint', NULL, NULL, 20, 0, NULL, NULL, NULL, 'bigint(21) unsigned', '', '', 'select', ''),
	('def', 'information_schema', 'INNODB_FT_INDEX_TABLE', 'POSITION', 6, '0', 'NO', 'bigint', NULL, NULL, 20, 0, NULL, NULL, NULL, 'bigint(21) unsigned', '', '', 'select', ''),
	('def', 'information_schema', 'INNODB_FT_BEING_DELETED', 'DOC_ID', 1, '0', 'NO', 'bigint', NULL, NULL, 20, 0, NULL, NULL, NULL, 'bigint(21) unsigned', '', '', 'select', ''),
	('def', 'information_schema', 'INNODB_SYS_TABLESPACES', 'SPACE', 1, '0', 'NO', 'int', NULL, NULL, 10, 0, NULL, NULL, NULL, 'int(11) unsigned', '', '', 'select', ''),
	('def', 'information_schema', 'INNODB_SYS_TABLESPACES', 'NAME', 2, '', 'NO', 'varchar', 655, 1965, NULL, NULL, NULL, 'utf8', 'utf8_general_ci', 'varchar(655)', '', '', 'select', ''),
	('def', 'information_schema', 'INNODB_SYS_TABLESPACES', 'FLAG', 3, '0', 'NO', 'int', NULL, NULL, 10, 0, NULL, NULL, NULL, 'int(11) unsigned', '', '', 'select', ''),
	('def', 'information_schema', 'INNODB_SYS_TABLESPACES', 'FILE_FORMAT', 4, NULL, 'YES', 'varchar', 10, 30, NULL, NULL, NULL, 'utf8', 'utf8_general_ci', 'varchar(10)', '', '', 'select', ''),
	('def', 'information_schema', 'INNODB_SYS_TABLESPACES', 'ROW_FORMAT', 5, NULL, 'YES', 'varchar', 22, 66, NULL, NULL, NULL, 'utf8', 'utf8_general_ci', 'varchar(22)', '', '', 'select', ''),
	('def', 'information_schema', 'INNODB_SYS_TABLESPACES', 'PAGE_SIZE', 6, '0', 'NO', 'int', NULL, NULL, 10, 0, NULL, NULL, NULL, 'int(11) unsigned', '', '', 'select', ''),
	('def', 'information_schema', 'INNODB_SYS_TABLESPACES', 'ZIP_PAGE_SIZE', 7, '0', 'NO', 'int', NULL, NULL, 10, 0, NULL, NULL, NULL, 'int(11) unsigned', '', '', 'select', ''),
	('def', 'information_schema', 'INNODB_FT_INDEX_CACHE', 'WORD', 1, '', 'NO', 'varchar', 337, 1011, NULL, NULL, NULL, 'utf8', 'utf8_general_ci', 'varchar(337)', '', '', 'select', ''),
	('def', 'information_schema', 'INNODB_FT_INDEX_CACHE', 'FIRST_DOC_ID', 2, '0', 'NO', 'bigint', NULL, NULL, 20, 0, NULL, NULL, NULL, 'bigint(21) unsigned', '', '', 'select', ''),
	('def', 'information_schema', 'INNODB_FT_INDEX_CACHE', 'LAST_DOC_ID', 3, '0', 'NO', 'bigint', NULL, NULL, 20, 0, NULL, NULL, NULL, 'bigint(21) unsigned', '', '', 'select', ''),
	('def', 'information_schema', 'INNODB_FT_INDEX_CACHE', 'DOC_COUNT', 4, '0', 'NO', 'bigint', NULL, NULL, 20, 0, NULL, NULL, NULL, 'bigint(21) unsigned', '', '', 'select', ''),
	('def', 'information_schema', 'INNODB_FT_INDEX_CACHE', 'DOC_ID', 5, '0', 'NO', 'bigint', NULL, NULL, 20, 0, NULL, NULL, NULL, 'bigint(21) unsigned', '', '', 'select', ''),
	('def', 'information_schema', 'INNODB_FT_INDEX_CACHE', 'POSITION', 6, '0', 'NO', 'bigint', NULL, NULL, 20, 0, NULL, NULL, NULL, 'bigint(21) unsigned', '', '', 'select', ''),
	('def', 'information_schema', 'INNODB_SYS_FOREIGN_COLS', 'ID', 1, '', 'NO', 'varchar', 193, 579, NULL, NULL, NULL, 'utf8', 'utf8_general_ci', 'varchar(193)', '', '', 'select', ''),
	('def', 'information_schema', 'INNODB_SYS_FOREIGN_COLS', 'FOR_COL_NAME', 2, '', 'NO', 'varchar', 193, 579, NULL, NULL, NULL, 'utf8', 'utf8_general_ci', 'varchar(193)', '', '', 'select', ''),
	('def', 'information_schema', 'INNODB_SYS_FOREIGN_COLS', 'REF_COL_NAME', 3, '', 'NO', 'varchar', 193, 579, NULL, NULL, NULL, 'utf8', 'utf8_general_ci', 'varchar(193)', '', '', 'select', ''),
	('def', 'information_schema', 'INNODB_SYS_FOREIGN_COLS', 'POS', 4, '0', 'NO', 'int', NULL, NULL, 10, 0, NULL, NULL, NULL, 'int(11) unsigned', '', '', 'select', ''),
	('def', 'information_schema', 'INNODB_SYS_TABLES', 'TABLE_ID', 1, '0', 'NO', 'bigint', NULL, NULL, 20, 0, NULL, NULL, NULL, 'bigint(21) unsigned', '', '', 'select', ''),
	('def', 'information_schema', 'INNODB_SYS_TABLES', 'NAME', 2, '', 'NO', 'varchar', 655, 1965, NULL, NULL, NULL, 'utf8', 'utf8_general_ci', 'varchar(655)', '', '', 'select', ''),
	('def', 'information_schema', 'INNODB_SYS_TABLES', 'FLAG', 3, '0', 'NO', 'int', NULL, NULL, 10, 0, NULL, NULL, NULL, 'int(11)', '', '', 'select', ''),
	('def', 'information_schema', 'INNODB_SYS_TABLES', 'N_COLS', 4, '0', 'NO', 'int', NULL, NULL, 10, 0, NULL, NULL, NULL, 'int(11)', '', '', 'select', ''),
	('def', 'information_schema', 'INNODB_SYS_TABLES', 'SPACE', 5, '0', 'NO', 'int', NULL, NULL, 10, 0, NULL, NULL, NULL, 'int(11)', '', '', 'select', ''),
	('def', 'information_schema', 'INNODB_SYS_TABLES', 'FILE_FORMAT', 6, NULL, 'YES', 'varchar', 10, 30, NULL, NULL, NULL, 'utf8', 'utf8_general_ci', 'varchar(10)', '', '', 'select', ''),
	('def', 'information_schema', 'INNODB_SYS_TABLES', 'ROW_FORMAT', 7, NULL, 'YES', 'varchar', 12, 36, NULL, NULL, NULL, 'utf8', 'utf8_general_ci', 'varchar(12)', '', '', 'select', ''),
	('def', 'information_schema', 'INNODB_SYS_TABLES', 'ZIP_PAGE_SIZE', 8, '0', 'NO', 'int', NULL, NULL, 10, 0, NULL, NULL, NULL, 'int(11) unsigned', '', '', 'select', ''),
	('def', 'information_schema', 'INNODB_BUFFER_POOL_STATS', 'POOL_ID', 1, '0', 'NO', 'bigint', NULL, NULL, 20, 0, NULL, NULL, NULL, 'bigint(21) unsigned', '', '', 'select', ''),
	('def', 'information_schema', 'INNODB_BUFFER_POOL_STATS', 'POOL_SIZE', 2, '0', 'NO', 'bigint', NULL, NULL, 20, 0, NULL, NULL, NULL, 'bigint(21) unsigned', '', '', 'select', ''),
	('def', 'information_schema', 'INNODB_BUFFER_POOL_STATS', 'FREE_BUFFERS', 3, '0', 'NO', 'bigint', NULL, NULL, 20, 0, NULL, NULL, NULL, 'bigint(21) unsigned', '', '', 'select', ''),
	('def', 'information_schema', 'INNODB_BUFFER_POOL_STATS', 'DATABASE_PAGES', 4, '0', 'NO', 'bigint', NULL, NULL, 20, 0, NULL, NULL, NULL, 'bigint(21) unsigned', '', '', 'select', ''),
	('def', 'information_schema', 'INNODB_BUFFER_POOL_STATS', 'OLD_DATABASE_PAGES', 5, '0', 'NO', 'bigint', NULL, NULL, 20, 0, NULL, NULL, NULL, 'bigint(21) unsigned', '', '', 'select', ''),
	('def', 'information_schema', 'INNODB_BUFFER_POOL_STATS', 'MODIFIED_DATABASE_PAGES', 6, '0', 'NO', 'bigint', NULL, NULL, 20, 0, NULL, NULL, NULL, 'bigint(21) unsigned', '', '', 'select', ''),
	('def', 'information_schema', 'INNODB_BUFFER_POOL_STATS', 'PENDING_DECOMPRESS', 7, '0', 'NO', 'bigint', NULL, NULL, 20, 0, NULL, NULL, NULL, 'bigint(21) unsigned', '', '', 'select', ''),
	('def', 'information_schema', 'INNODB_BUFFER_POOL_STATS', 'PENDING_READS', 8, '0', 'NO', 'bigint', NULL, NULL, 20, 0, NULL, NULL, NULL, 'bigint(21) unsigned', '', '', 'select', ''),
	('def', 'information_schema', 'INNODB_BUFFER_POOL_STATS', 'PENDING_FLUSH_LRU', 9, '0', 'NO', 'bigint', NULL, NULL, 20, 0, NULL, NULL, NULL, 'bigint(21) unsigned', '', '', 'select', ''),
	('def', 'information_schema', 'INNODB_BUFFER_POOL_STATS', 'PENDING_FLUSH_LIST', 10, '0', 'NO', 'bigint', NULL, NULL, 20, 0, NULL, NULL, NULL, 'bigint(21) unsigned', '', '', 'select', ''),
	('def', 'information_schema', 'INNODB_BUFFER_POOL_STATS', 'PAGES_MADE_YOUNG', 11, '0', 'NO', 'bigint', NULL, NULL, 20, 0, NULL, NULL, NULL, 'bigint(21) unsigned', '', '', 'select', ''),
	('def', 'information_schema', 'INNODB_BUFFER_POOL_STATS', 'PAGES_NOT_MADE_YOUNG', 12, '0', 'NO', 'bigint', NULL, NULL, 20, 0, NULL, NULL, NULL, 'bigint(21) unsigned', '', '', 'select', ''),
	('def', 'information_schema', 'INNODB_BUFFER_POOL_STATS', 'PAGES_MADE_YOUNG_RATE', 13, '0', 'NO', 'double', NULL, NULL, 12, NULL, NULL, NULL, NULL, 'double', '', '', 'select', ''),
	('def', 'information_schema', 'INNODB_BUFFER_POOL_STATS', 'PAGES_MADE_NOT_YOUNG_RATE', 14, '0', 'NO', 'double', NULL, NULL, 12, NULL, NULL, NULL, NULL, 'double', '', '', 'select', ''),
	('def', 'information_schema', 'INNODB_BUFFER_POOL_STATS', 'NUMBER_PAGES_READ', 15, '0', 'NO', 'bigint', NULL, NULL, 20, 0, NULL, NULL, NULL, 'bigint(21) unsigned', '', '', 'select', ''),
	('def', 'information_schema', 'INNODB_BUFFER_POOL_STATS', 'NUMBER_PAGES_CREATED', 16, '0', 'NO', 'bigint', NULL, NULL, 20, 0, NULL, NULL, NULL, 'bigint(21) unsigned', '', '', 'select', ''),
	('def', 'information_schema', 'INNODB_BUFFER_POOL_STATS', 'NUMBER_PAGES_WRITTEN', 17, '0', 'NO', 'bigint', NULL, NULL, 20, 0, NULL, NULL, NULL, 'bigint(21) unsigned', '', '', 'select', ''),
	('def', 'information_schema', 'INNODB_BUFFER_POOL_STATS', 'PAGES_READ_RATE', 18, '0', 'NO', 'double', NULL, NULL, 12, NULL, NULL, NULL, NULL, 'double', '', '', 'select', ''),
	('def', 'information_schema', 'INNODB_BUFFER_POOL_STATS', 'PAGES_CREATE_RATE', 19, '0', 'NO', 'double', NULL, NULL, 12, NULL, NULL, NULL, NULL, 'double', '', '', 'select', ''),
	('def', 'information_schema', 'INNODB_BUFFER_POOL_STATS', 'PAGES_WRITTEN_RATE', 20, '0', 'NO', 'double', NULL, NULL, 12, NULL, NULL, NULL, NULL, 'double', '', '', 'select', ''),
	('def', 'information_schema', 'INNODB_BUFFER_POOL_STATS', 'NUMBER_PAGES_GET', 21, '0', 'NO', 'bigint', NULL, NULL, 20, 0, NULL, NULL, NULL, 'bigint(21) unsigned', '', '', 'select', ''),
	('def', 'information_schema', 'INNODB_BUFFER_POOL_STATS', 'HIT_RATE', 22, '0', 'NO', 'bigint', NULL, NULL, 20, 0, NULL, NULL, NULL, 'bigint(21) unsigned', '', '', 'select', ''),
	('def', 'information_schema', 'INNODB_BUFFER_POOL_STATS', 'YOUNG_MAKE_PER_THOUSAND_GETS', 23, '0', 'NO', 'bigint', NULL, NULL, 20, 0, NULL, NULL, NULL, 'bigint(21) unsigned', '', '', 'select', ''),
	('def', 'information_schema', 'INNODB_BUFFER_POOL_STATS', 'NOT_YOUNG_MAKE_PER_THOUSAND_GETS', 24, '0', 'NO', 'bigint', NULL, NULL, 20, 0, NULL, NULL, NULL, 'bigint(21) unsigned', '', '', 'select', ''),
	('def', 'information_schema', 'INNODB_BUFFER_POOL_STATS', 'NUMBER_PAGES_READ_AHEAD', 25, '0', 'NO', 'bigint', NULL, NULL, 20, 0, NULL, NULL, NULL, 'bigint(21) unsigned', '', '', 'select', ''),
	('def', 'information_schema', 'INNODB_BUFFER_POOL_STATS', 'NUMBER_READ_AHEAD_EVICTED', 26, '0', 'NO', 'bigint', NULL, NULL, 20, 0, NULL, NULL, NULL, 'bigint(21) unsigned', '', '', 'select', ''),
	('def', 'information_schema', 'INNODB_BUFFER_POOL_STATS', 'READ_AHEAD_RATE', 27, '0', 'NO', 'double', NULL, NULL, 12, NULL, NULL, NULL, NULL, 'double', '', '', 'select', ''),
	('def', 'information_schema', 'INNODB_BUFFER_POOL_STATS', 'READ_AHEAD_EVICTED_RATE', 28, '0', 'NO', 'double', NULL, NULL, 12, NULL, NULL, NULL, NULL, 'double', '', '', 'select', ''),
	('def', 'information_schema', 'INNODB_BUFFER_POOL_STATS', 'LRU_IO_TOTAL', 29, '0', 'NO', 'bigint', NULL, NULL, 20, 0, NULL, NULL, NULL, 'bigint(21) unsigned', '', '', 'select', ''),
	('def', 'information_schema', 'INNODB_BUFFER_POOL_STATS', 'LRU_IO_CURRENT', 30, '0', 'NO', 'bigint', NULL, NULL, 20, 0, NULL, NULL, NULL, 'bigint(21) unsigned', '', '', 'select', ''),
	('def', 'information_schema', 'INNODB_BUFFER_POOL_STATS', 'UNCOMPRESS_TOTAL', 31, '0', 'NO', 'bigint', NULL, NULL, 20, 0, NULL, NULL, NULL, 'bigint(21) unsigned', '', '', 'select', ''),
	('def', 'information_schema', 'INNODB_BUFFER_POOL_STATS', 'UNCOMPRESS_CURRENT', 32, '0', 'NO', 'bigint', NULL, NULL, 20, 0, NULL, NULL, NULL, 'bigint(21) unsigned', '', '', 'select', ''),
	('def', 'information_schema', 'INNODB_FT_CONFIG', 'KEY', 1, '', 'NO', 'varchar', 193, 579, NULL, NULL, NULL, 'utf8', 'utf8_general_ci', 'varchar(193)', '', '', 'select', ''),
	('def', 'information_schema', 'INNODB_FT_CONFIG', 'VALUE', 2, '', 'NO', 'varchar', 193, 579, NULL, NULL, NULL, 'utf8', 'utf8_general_ci', 'varchar(193)', '', '', 'select', ''),
	('def', 'selector', 'evento_quesito', 'evt_id', 1, NULL, 'NO', 'int', NULL, NULL, 10, 0, NULL, NULL, NULL, 'int(11)', 'PRI', '', 'select,insert,update,references', ''),
	('def', 'selector', 'evento_quesito', 'qst_id', 2, NULL, 'NO', 'int', NULL, NULL, 10, 0, NULL, NULL, NULL, 'int(11)', 'PRI', '', 'select,insert,update,references', ''),
	('def', 'selector', 'evento_quesito', 'peso', 3, '1.000', 'NO', 'decimal', NULL, NULL, 6, 3, NULL, NULL, NULL, 'decimal(6,3) unsigned', '', '', 'select,insert,update,references', ''),
	('def', 'selector', 'evento_quesito', 'ts_new', 4, 'CURRENT_TIMESTAMP', 'NO', 'timestamp', NULL, NULL, NULL, NULL, 0, NULL, NULL, 'timestamp', '', '', 'select,insert,update,references', ''),
	('def', 'selector', 'evento_quesito', 'ts_upd', 5, 'CURRENT_TIMESTAMP', 'NO', 'timestamp', NULL, NULL, NULL, NULL, 0, NULL, NULL, 'timestamp', '', 'on update CURRENT_TIMESTAMP', 'select,insert,update,references', ''),
	('def', 'selector', 'evento_usuario', 'evt_id', 1, NULL, 'NO', 'int', NULL, NULL, 10, 0, NULL, NULL, NULL, 'int(11)', 'PRI', '', 'select,insert,update,references', ''),
	('def', 'selector', 'evento_usuario', 'usr_id', 2, NULL, 'NO', 'int', NULL, NULL, 10, 0, NULL, NULL, NULL, 'int(11)', 'PRI', '', 'select,insert,update,references', ''),
	('def', 'selector', 'evento_usuario', 'funcao', 3, '2', 'NO', 'enum', 1, 1, NULL, NULL, NULL, 'latin1', 'latin1_swedish_ci', 'enum(\'0\',\'1\',\'2\')', 'PRI', '', 'select,insert,update,references', ''),
	('def', 'selector', 'evento_usuario', 'ts_new', 4, 'CURRENT_TIMESTAMP', 'NO', 'timestamp', NULL, NULL, NULL, NULL, 0, NULL, NULL, 'timestamp', '', '', 'select,insert,update,references', ''),
	('def', 'selector', 'evento_usuario', 'ts_upd', 5, 'CURRENT_TIMESTAMP', 'NO', 'timestamp', NULL, NULL, NULL, NULL, 0, NULL, NULL, 'timestamp', '', 'on update CURRENT_TIMESTAMP', 'select,insert,update,references', ''),
	('def', 'selector', 'eventos', 'id', 1, NULL, 'NO', 'int', NULL, NULL, 10, 0, NULL, NULL, NULL, 'int(11)', 'PRI', 'auto_increment', 'select,insert,update,references', ''),
	('def', 'selector', 'eventos', 'descricao', 2, '', 'NO', 'varchar', 50, 50, NULL, NULL, NULL, 'latin1', 'latin1_swedish_ci', 'varchar(50)', '', '', 'select,insert,update,references', ''),
	('def', 'selector', 'eventos', 'resumo', 3, '', 'NO', 'varchar', 200, 200, NULL, NULL, NULL, 'latin1', 'latin1_swedish_ci', 'varchar(200)', '', '', 'select,insert,update,references', ''),
	('def', 'selector', 'eventos', 'qtd_cand', 4, '0', 'NO', 'int', NULL, NULL, 10, 0, NULL, NULL, NULL, 'int(10) unsigned', '', '', 'select,insert,update,references', ''),
	('def', 'selector', 'eventos', 'qtd_aprov', 5, '0', 'NO', 'int', NULL, NULL, 10, 0, NULL, NULL, NULL, 'int(10) unsigned', '', '', 'select,insert,update,references', ''),
	('def', 'selector', 'eventos', 'ts_ini', 6, 'CURRENT_TIMESTAMP', 'NO', 'timestamp', NULL, NULL, NULL, NULL, 0, NULL, NULL, 'timestamp', '', '', 'select,insert,update,references', ''),
	('def', 'selector', 'eventos', 'ts_fim', 7, 'CURRENT_TIMESTAMP', 'NO', 'timestamp', NULL, NULL, NULL, NULL, 0, NULL, NULL, 'timestamp', '', '', 'select,insert,update,references', ''),
	('def', 'selector', 'eventos', 'nota_min', 8, '0.000000000000000', 'NO', 'decimal', NULL, NULL, 25, 15, NULL, NULL, NULL, 'decimal(25,15) unsigned', '', '', 'select,insert,update,references', ''),
	('def', 'selector', 'eventos', 'nota_max', 9, '0.000000000000000', 'NO', 'decimal', NULL, NULL, 25, 15, NULL, NULL, NULL, 'decimal(25,15) unsigned', '', '', 'select,insert,update,references', ''),
	('def', 'selector', 'eventos', 'nota_decimais', 10, '0', 'NO', 'tinyint', NULL, NULL, 3, 0, NULL, NULL, NULL, 'tinyint(2) unsigned', '', '', 'select,insert,update,references', ''),
	('def', 'selector', 'eventos', 'score_decimais', 11, '0', 'NO', 'tinyint', NULL, NULL, 3, 0, NULL, NULL, NULL, 'tinyint(2) unsigned', '', '', 'select,insert,update,references', ''),
	('def', 'selector', 'eventos', 'editar', 12, 'N', 'NO', 'enum', 1, 1, NULL, NULL, NULL, 'latin1', 'latin1_swedish_ci', 'enum(\'Y\',\'N\')', '', '', 'select,insert,update,references', ''),
	('def', 'selector', 'eventos', 'votar', 13, 'N', 'NO', 'enum', 1, 1, NULL, NULL, NULL, 'latin1', 'latin1_swedish_ci', 'enum(\'Y\',\'N\')', '', '', 'select,insert,update,references', ''),
	('def', 'selector', 'eventos', 'ts_new', 14, 'CURRENT_TIMESTAMP', 'NO', 'timestamp', NULL, NULL, NULL, NULL, 0, NULL, NULL, 'timestamp', '', '', 'select,insert,update,references', ''),
	('def', 'selector', 'eventos', 'ts_upd', 15, 'CURRENT_TIMESTAMP', 'NO', 'timestamp', NULL, NULL, NULL, NULL, 0, NULL, NULL, 'timestamp', '', 'on update CURRENT_TIMESTAMP', 'select,insert,update,references', ''),
	('def', 'selector', 'links', 'id', 1, NULL, 'NO', 'int', NULL, NULL, 10, 0, NULL, NULL, NULL, 'int(11)', 'PRI', 'auto_increment', 'select,insert,update,references', ''),
	('def', 'selector', 'links', 'title', 2, NULL, 'NO', 'varchar', 150, 150, NULL, NULL, NULL, 'latin1', 'latin1_swedish_ci', 'varchar(150)', '', '', 'select,insert,update,references', ''),
	('def', 'selector', 'links', 'url', 3, NULL, 'NO', 'varchar', 255, 255, NULL, NULL, NULL, 'latin1', 'latin1_swedish_ci', 'varchar(255)', '', '', 'select,insert,update,references', ''),
	('def', 'selector', 'links', 'description', 4, NULL, 'NO', 'text', 65535, 65535, NULL, NULL, NULL, 'latin1', 'latin1_swedish_ci', 'text', '', '', 'select,insert,update,references', ''),
	('def', 'selector', 'links', 'usr_id', 5, NULL, 'YES', 'int', NULL, NULL, 10, 0, NULL, NULL, NULL, 'int(11)', 'MUL', '', 'select,insert,update,references', ''),
	('def', 'selector', 'links', 'created_at', 6, 'CURRENT_TIMESTAMP', 'YES', 'timestamp', NULL, NULL, NULL, NULL, 0, NULL, NULL, 'timestamp', '', '', 'select,insert,update,references', ''),
	('def', 'selector', 'notas', 'evt_id', 1, NULL, 'NO', 'int', NULL, NULL, 10, 0, NULL, NULL, NULL, 'int(11)', 'PRI', '', 'select,insert,update,references', ''),
	('def', 'selector', 'notas', 'qst_id', 2, NULL, 'NO', 'int', NULL, NULL, 10, 0, NULL, NULL, NULL, 'int(11)', 'PRI', '', 'select,insert,update,references', ''),
	('def', 'selector', 'notas', 'avl_id', 3, NULL, 'NO', 'int', NULL, NULL, 10, 0, NULL, NULL, NULL, 'int(11)', 'PRI', '', 'select,insert,update,references', ''),
	('def', 'selector', 'notas', 'cdt_id', 4, NULL, 'NO', 'int', NULL, NULL, 10, 0, NULL, NULL, NULL, 'int(11)', 'PRI', '', 'select,insert,update,references', ''),
	('def', 'selector', 'notas', 'nota', 5, '0.000000000000000', 'NO', 'decimal', NULL, NULL, 25, 15, NULL, NULL, NULL, 'decimal(25,15) unsigned', '', '', 'select,insert,update,references', ''),
	('def', 'selector', 'notas', 'ts_new', 6, 'CURRENT_TIMESTAMP', 'NO', 'timestamp', NULL, NULL, NULL, NULL, 0, NULL, NULL, 'timestamp', '', '', 'select,insert,update,references', ''),
	('def', 'selector', 'notas', 'ts_upd', 7, 'CURRENT_TIMESTAMP', 'NO', 'timestamp', NULL, NULL, NULL, NULL, 0, NULL, NULL, 'timestamp', '', 'on update CURRENT_TIMESTAMP', 'select,insert,update,references', ''),
	('def', 'selector', 'quesitos', 'id', 1, NULL, 'NO', 'int', NULL, NULL, 10, 0, NULL, NULL, NULL, 'int(11)', 'PRI', 'auto_increment', 'select,insert,update,references', ''),
	('def', 'selector', 'quesitos', 'descricao', 2, NULL, 'NO', 'char', 20, 20, NULL, NULL, NULL, 'latin1', 'latin1_swedish_ci', 'char(20)', 'UNI', '', 'select,insert,update,references', ''),
	('def', 'selector', 'quesitos', 'ts_new', 3, 'CURRENT_TIMESTAMP', 'NO', 'timestamp', NULL, NULL, NULL, NULL, 0, NULL, NULL, 'timestamp', '', '', 'select,insert,update,references', ''),
	('def', 'selector', 'quesitos', 'ts_upd', 4, 'CURRENT_TIMESTAMP', 'NO', 'timestamp', NULL, NULL, NULL, NULL, 0, NULL, NULL, 'timestamp', '', 'on update CURRENT_TIMESTAMP', 'select,insert,update,references', ''),
	('def', 'selector', 'resultados', 'evt_id', 1, NULL, 'NO', 'int', NULL, NULL, 10, 0, NULL, NULL, NULL, 'int(11)', 'PRI', '', 'select,insert,update,references', ''),
	('def', 'selector', 'resultados', 'qst_id', 2, NULL, 'NO', 'int', NULL, NULL, 10, 0, NULL, NULL, NULL, 'int(11)', 'PRI', '', 'select,insert,update,references', ''),
	('def', 'selector', 'resultados', 'cdt_id', 3, NULL, 'NO', 'int', NULL, NULL, 10, 0, NULL, NULL, NULL, 'int(11)', 'PRI', '', 'select,insert,update,references', ''),
	('def', 'selector', 'resultados', 'media', 4, '0.000000000000000', 'NO', 'decimal', NULL, NULL, 25, 15, NULL, NULL, NULL, 'decimal(25,15) unsigned', '', '', 'select,insert,update,references', ''),
	('def', 'selector', 'resultados', 'peso', 5, '0.000', 'NO', 'decimal', NULL, NULL, 6, 3, NULL, NULL, NULL, 'decimal(6,3) unsigned', '', '', 'select,insert,update,references', ''),
	('def', 'selector', 'resultados', 'score', 6, '0.000000000000000', 'NO', 'decimal', NULL, NULL, 25, 15, NULL, NULL, NULL, 'decimal(25,15) unsigned', '', '', 'select,insert,update,references', ''),
	('def', 'selector', 'resultados', 'ts_new', 7, 'CURRENT_TIMESTAMP', 'NO', 'timestamp', NULL, NULL, NULL, NULL, 0, NULL, NULL, 'timestamp', '', '', 'select,insert,update,references', ''),
	('def', 'selector', 'resultados', 'ts_upd', 8, 'CURRENT_TIMESTAMP', 'NO', 'timestamp', NULL, NULL, NULL, NULL, 0, NULL, NULL, 'timestamp', '', 'on update CURRENT_TIMESTAMP', 'select,insert,update,references', ''),
	('def', 'selector', 'sessions', 'session_id', 1, NULL, 'NO', 'varchar', 128, 512, NULL, NULL, NULL, 'utf8mb4', 'utf8mb4_bin', 'varchar(128)', 'PRI', '', 'select,insert,update,references', ''),
	('def', 'selector', 'sessions', 'expires', 2, NULL, 'NO', 'int', NULL, NULL, 10, 0, NULL, NULL, NULL, 'int(11) unsigned', '', '', 'select,insert,update,references', ''),
	('def', 'selector', 'sessions', 'data', 3, NULL, 'YES', 'mediumtext', 16777215, 16777215, NULL, NULL, NULL, 'utf8mb4', 'utf8mb4_bin', 'mediumtext', '', '', 'select,insert,update,references', ''),
	('def', 'selector', 'usuarios', 'id', 1, NULL, 'NO', 'int', NULL, NULL, 10, 0, NULL, NULL, NULL, 'int(11)', 'PRI', 'auto_increment', 'select,insert,update,references', ''),
	('def', 'selector', 'usuarios', 'email', 2, NULL, 'NO', 'varchar', 100, 100, NULL, NULL, NULL, 'latin1', 'latin1_swedish_ci', 'varchar(100)', 'UNI', '', 'select,insert,update,references', ''),
	('def', 'selector', 'usuarios', 'senha', 3, NULL, 'NO', 'varchar', 100, 100, NULL, NULL, NULL, 'latin1', 'latin1_swedish_ci', 'varchar(100)', '', '', 'select,insert,update,references', ''),
	('def', 'selector', 'usuarios', 'nome', 4, NULL, 'NO', 'varchar', 50, 50, NULL, NULL, NULL, 'latin1', 'latin1_swedish_ci', 'varchar(50)', '', '', 'select,insert,update,references', ''),
	('def', 'selector', 'usuarios', 'admin', 5, 'N', 'NO', 'enum', 1, 1, NULL, NULL, NULL, 'latin1', 'latin1_swedish_ci', 'enum(\'Y\',\'N\')', '', '', 'select,insert,update,references', ''),
	('def', 'selector', 'usuarios', 'ts_new', 6, 'CURRENT_TIMESTAMP', 'NO', 'timestamp', NULL, NULL, NULL, NULL, 0, NULL, NULL, 'timestamp', '', '', 'select,insert,update,references', ''),
	('def', 'selector', 'usuarios', 'ts_upd', 7, 'CURRENT_TIMESTAMP', 'NO', 'timestamp', NULL, NULL, NULL, NULL, 0, NULL, NULL, 'timestamp', '', 'on update CURRENT_TIMESTAMP', 'select,insert,update,references', '');
/*!40000 ALTER TABLE `COLUMNS` ENABLE KEYS */;

-- Copiando estrutura para tabela information_schema.COLUMN_PRIVILEGES
CREATE TEMPORARY TABLE IF NOT EXISTS `COLUMN_PRIVILEGES` (
  `GRANTEE` varchar(81) NOT NULL DEFAULT '',
  `TABLE_CATALOG` varchar(512) NOT NULL DEFAULT '',
  `TABLE_SCHEMA` varchar(64) NOT NULL DEFAULT '',
  `TABLE_NAME` varchar(64) NOT NULL DEFAULT '',
  `COLUMN_NAME` varchar(64) NOT NULL DEFAULT '',
  `PRIVILEGE_TYPE` varchar(64) NOT NULL DEFAULT '',
  `IS_GRANTABLE` varchar(3) NOT NULL DEFAULT ''
) ENGINE=MEMORY DEFAULT CHARSET=utf8;

-- Copiando dados para a tabela information_schema.COLUMN_PRIVILEGES: -1 rows
/*!40000 ALTER TABLE `COLUMN_PRIVILEGES` DISABLE KEYS */;
/*!40000 ALTER TABLE `COLUMN_PRIVILEGES` ENABLE KEYS */;

-- Copiando estrutura para tabela information_schema.ENGINES
CREATE TEMPORARY TABLE IF NOT EXISTS `ENGINES` (
  `ENGINE` varchar(64) NOT NULL DEFAULT '',
  `SUPPORT` varchar(8) NOT NULL DEFAULT '',
  `COMMENT` varchar(80) NOT NULL DEFAULT '',
  `TRANSACTIONS` varchar(3) DEFAULT NULL,
  `XA` varchar(3) DEFAULT NULL,
  `SAVEPOINTS` varchar(3) DEFAULT NULL
) ENGINE=MEMORY DEFAULT CHARSET=utf8;

-- Copiando dados para a tabela information_schema.ENGINES: -1 rows
/*!40000 ALTER TABLE `ENGINES` DISABLE KEYS */;
INSERT INTO `ENGINES` (`ENGINE`, `SUPPORT`, `COMMENT`, `TRANSACTIONS`, `XA`, `SAVEPOINTS`) VALUES
	('FEDERATED', 'NO', 'Federated MySQL storage engine', NULL, NULL, NULL),
	('MRG_MYISAM', 'YES', 'Collection of identical MyISAM tables', 'NO', 'NO', 'NO'),
	('MyISAM', 'YES', 'MyISAM storage engine', 'NO', 'NO', 'NO'),
	('BLACKHOLE', 'YES', '/dev/null storage engine (anything you write to it disappears)', 'NO', 'NO', 'NO'),
	('CSV', 'YES', 'CSV storage engine', 'NO', 'NO', 'NO'),
	('MEMORY', 'YES', 'Hash based, stored in memory, useful for temporary tables', 'NO', 'NO', 'NO'),
	('ARCHIVE', 'YES', 'Archive storage engine', 'NO', 'NO', 'NO'),
	('InnoDB', 'DEFAULT', 'Supports transactions, row-level locking, and foreign keys', 'YES', 'YES', 'YES'),
	('PERFORMANCE_SCHEMA', 'YES', 'Performance Schema', 'NO', 'NO', 'NO');
/*!40000 ALTER TABLE `ENGINES` ENABLE KEYS */;

-- Copiando estrutura para tabela information_schema.EVENTS
CREATE TEMPORARY TABLE IF NOT EXISTS `EVENTS` (
  `EVENT_CATALOG` varchar(64) NOT NULL DEFAULT '',
  `EVENT_SCHEMA` varchar(64) NOT NULL DEFAULT '',
  `EVENT_NAME` varchar(64) NOT NULL DEFAULT '',
  `DEFINER` varchar(77) NOT NULL DEFAULT '',
  `TIME_ZONE` varchar(64) NOT NULL DEFAULT '',
  `EVENT_BODY` varchar(8) NOT NULL DEFAULT '',
  `EVENT_DEFINITION` longtext NOT NULL,
  `EVENT_TYPE` varchar(9) NOT NULL DEFAULT '',
  `EXECUTE_AT` datetime DEFAULT NULL,
  `INTERVAL_VALUE` varchar(256) DEFAULT NULL,
  `INTERVAL_FIELD` varchar(18) DEFAULT NULL,
  `SQL_MODE` varchar(8192) NOT NULL DEFAULT '',
  `STARTS` datetime DEFAULT NULL,
  `ENDS` datetime DEFAULT NULL,
  `STATUS` varchar(18) NOT NULL DEFAULT '',
  `ON_COMPLETION` varchar(12) NOT NULL DEFAULT '',
  `CREATED` datetime NOT NULL DEFAULT '0000-00-00 00:00:00',
  `LAST_ALTERED` datetime NOT NULL DEFAULT '0000-00-00 00:00:00',
  `LAST_EXECUTED` datetime DEFAULT NULL,
  `EVENT_COMMENT` varchar(64) NOT NULL DEFAULT '',
  `ORIGINATOR` bigint(10) NOT NULL DEFAULT '0',
  `CHARACTER_SET_CLIENT` varchar(32) NOT NULL DEFAULT '',
  `COLLATION_CONNECTION` varchar(32) NOT NULL DEFAULT '',
  `DATABASE_COLLATION` varchar(32) NOT NULL DEFAULT ''
) ENGINE=MyISAM DEFAULT CHARSET=utf8;

-- Copiando dados para a tabela information_schema.EVENTS: -1 rows
/*!40000 ALTER TABLE `EVENTS` DISABLE KEYS */;
/*!40000 ALTER TABLE `EVENTS` ENABLE KEYS */;

-- Copiando estrutura para tabela information_schema.FILES
CREATE TEMPORARY TABLE IF NOT EXISTS `FILES` (
  `FILE_ID` bigint(4) NOT NULL DEFAULT '0',
  `FILE_NAME` varchar(64) DEFAULT NULL,
  `FILE_TYPE` varchar(20) NOT NULL DEFAULT '',
  `TABLESPACE_NAME` varchar(64) DEFAULT NULL,
  `TABLE_CATALOG` varchar(64) NOT NULL DEFAULT '',
  `TABLE_SCHEMA` varchar(64) DEFAULT NULL,
  `TABLE_NAME` varchar(64) DEFAULT NULL,
  `LOGFILE_GROUP_NAME` varchar(64) DEFAULT NULL,
  `LOGFILE_GROUP_NUMBER` bigint(4) DEFAULT NULL,
  `ENGINE` varchar(64) NOT NULL DEFAULT '',
  `FULLTEXT_KEYS` varchar(64) DEFAULT NULL,
  `DELETED_ROWS` bigint(4) DEFAULT NULL,
  `UPDATE_COUNT` bigint(4) DEFAULT NULL,
  `FREE_EXTENTS` bigint(4) DEFAULT NULL,
  `TOTAL_EXTENTS` bigint(4) DEFAULT NULL,
  `EXTENT_SIZE` bigint(4) NOT NULL DEFAULT '0',
  `INITIAL_SIZE` bigint(21) unsigned DEFAULT NULL,
  `MAXIMUM_SIZE` bigint(21) unsigned DEFAULT NULL,
  `AUTOEXTEND_SIZE` bigint(21) unsigned DEFAULT NULL,
  `CREATION_TIME` datetime DEFAULT NULL,
  `LAST_UPDATE_TIME` datetime DEFAULT NULL,
  `LAST_ACCESS_TIME` datetime DEFAULT NULL,
  `RECOVER_TIME` bigint(4) DEFAULT NULL,
  `TRANSACTION_COUNTER` bigint(4) DEFAULT NULL,
  `VERSION` bigint(21) unsigned DEFAULT NULL,
  `ROW_FORMAT` varchar(10) DEFAULT NULL,
  `TABLE_ROWS` bigint(21) unsigned DEFAULT NULL,
  `AVG_ROW_LENGTH` bigint(21) unsigned DEFAULT NULL,
  `DATA_LENGTH` bigint(21) unsigned DEFAULT NULL,
  `MAX_DATA_LENGTH` bigint(21) unsigned DEFAULT NULL,
  `INDEX_LENGTH` bigint(21) unsigned DEFAULT NULL,
  `DATA_FREE` bigint(21) unsigned DEFAULT NULL,
  `CREATE_TIME` datetime DEFAULT NULL,
  `UPDATE_TIME` datetime DEFAULT NULL,
  `CHECK_TIME` datetime DEFAULT NULL,
  `CHECKSUM` bigint(21) unsigned DEFAULT NULL,
  `STATUS` varchar(20) NOT NULL DEFAULT '',
  `EXTRA` varchar(255) DEFAULT NULL
) ENGINE=MEMORY DEFAULT CHARSET=utf8;

-- Copiando dados para a tabela information_schema.FILES: -1 rows
/*!40000 ALTER TABLE `FILES` DISABLE KEYS */;
/*!40000 ALTER TABLE `FILES` ENABLE KEYS */;

-- Copiando estrutura para tabela information_schema.GLOBAL_STATUS
CREATE TEMPORARY TABLE IF NOT EXISTS `GLOBAL_STATUS` (
  `VARIABLE_NAME` varchar(64) NOT NULL DEFAULT '',
  `VARIABLE_VALUE` varchar(1024) DEFAULT NULL
) ENGINE=MEMORY DEFAULT CHARSET=utf8;

-- Copiando dados para a tabela information_schema.GLOBAL_STATUS: -1 rows
/*!40000 ALTER TABLE `GLOBAL_STATUS` DISABLE KEYS */;
INSERT INTO `GLOBAL_STATUS` (`VARIABLE_NAME`, `VARIABLE_VALUE`) VALUES
	('ABORTED_CLIENTS', '16615'),
	('ABORTED_CONNECTS', '67976'),
	('BINLOG_CACHE_DISK_USE', '0'),
	('BINLOG_CACHE_USE', '0'),
	('BINLOG_STMT_CACHE_DISK_USE', '0'),
	('BINLOG_STMT_CACHE_USE', '0'),
	('BYTES_RECEIVED', '162912071714'),
	('BYTES_SENT', '3429733280719'),
	('COM_ADMIN_COMMANDS', '735872'),
	('COM_ASSIGN_TO_KEYCACHE', '0'),
	('COM_ALTER_DB', '1'),
	('COM_ALTER_DB_UPGRADE', '0'),
	('COM_ALTER_EVENT', '0'),
	('COM_ALTER_FUNCTION', '0'),
	('COM_ALTER_PROCEDURE', '0'),
	('COM_ALTER_SERVER', '0'),
	('COM_ALTER_TABLE', '16813'),
	('COM_ALTER_TABLESPACE', '0'),
	('COM_ALTER_USER', '0'),
	('COM_ANALYZE', '23'),
	('COM_BEGIN', '121856'),
	('COM_BINLOG', '0'),
	('COM_CALL_PROCEDURE', '9925'),
	('COM_CHANGE_DB', '5687056'),
	('COM_CHANGE_MASTER', '0'),
	('COM_CHECK', '23'),
	('COM_CHECKSUM', '148'),
	('COM_COMMIT', '459394'),
	('COM_CREATE_DB', '182'),
	('COM_CREATE_EVENT', '0'),
	('COM_CREATE_FUNCTION', '7'),
	('COM_CREATE_INDEX', '98'),
	('COM_CREATE_PROCEDURE', '1'),
	('COM_CREATE_SERVER', '0'),
	('COM_CREATE_TABLE', '259660'),
	('COM_CREATE_TRIGGER', '10'),
	('COM_CREATE_UDF', '0'),
	('COM_CREATE_USER', '0'),
	('COM_CREATE_VIEW', '62'),
	('COM_DEALLOC_SQL', '0'),
	('COM_DELETE', '1848713'),
	('COM_DELETE_MULTI', '24844'),
	('COM_DO', '93'),
	('COM_DROP_DB', '153'),
	('COM_DROP_EVENT', '0'),
	('COM_DROP_FUNCTION', '0'),
	('COM_DROP_INDEX', '0'),
	('COM_DROP_PROCEDURE', '1'),
	('COM_DROP_SERVER', '0'),
	('COM_DROP_TABLE', '8639'),
	('COM_DROP_TRIGGER', '10'),
	('COM_DROP_USER', '510'),
	('COM_DROP_VIEW', '14'),
	('COM_EMPTY_QUERY', '96'),
	('COM_EXECUTE_SQL', '0'),
	('COM_FLUSH', '637'),
	('COM_GET_DIAGNOSTICS', '0'),
	('COM_GRANT', '615'),
	('COM_HA_CLOSE', '0'),
	('COM_HA_OPEN', '0'),
	('COM_HA_READ', '0'),
	('COM_HELP', '2'),
	('COM_INSERT', '4581533'),
	('COM_INSERT_SELECT', '203973'),
	('COM_INSTALL_PLUGIN', '0'),
	('COM_KILL', '896'),
	('COM_LOAD', '85'),
	('COM_LOCK_TABLES', '15880'),
	('COM_OPTIMIZE', '615'),
	('COM_PRELOAD_KEYS', '0'),
	('COM_PREPARE_SQL', '0'),
	('COM_PURGE', '0'),
	('COM_PURGE_BEFORE_DATE', '0'),
	('COM_RELEASE_SAVEPOINT', '9875'),
	('COM_RENAME_TABLE', '22'),
	('COM_RENAME_USER', '0'),
	('COM_REPAIR', '24'),
	('COM_REPLACE', '53034'),
	('COM_REPLACE_SELECT', '116'),
	('COM_RESET', '0'),
	('COM_RESIGNAL', '0'),
	('COM_REVOKE', '167'),
	('COM_REVOKE_ALL', '0'),
	('COM_ROLLBACK', '16848'),
	('COM_ROLLBACK_TO_SAVEPOINT', '0'),
	('COM_SAVEPOINT', '9875'),
	('COM_SELECT', '378122085'),
	('COM_SET_OPTION', '131708383'),
	('COM_SIGNAL', '0'),
	('COM_SHOW_BINLOG_EVENTS', '0'),
	('COM_SHOW_BINLOGS', '321'),
	('COM_SHOW_CHARSETS', '1976'),
	('COM_SHOW_COLLATIONS', '9676'),
	('COM_SHOW_CREATE_DB', '36'),
	('COM_SHOW_CREATE_EVENT', '9'),
	('COM_SHOW_CREATE_FUNC', '55'),
	('COM_SHOW_CREATE_PROC', '435'),
	('COM_SHOW_CREATE_TABLE', '291284'),
	('COM_SHOW_CREATE_TRIGGER', '408'),
	('COM_SHOW_DATABASES', '228'),
	('COM_SHOW_ENGINE_LOGS', '0'),
	('COM_SHOW_ENGINE_MUTEX', '0'),
	('COM_SHOW_ENGINE_STATUS', '0'),
	('COM_SHOW_EVENTS', '5152'),
	('COM_SHOW_ERRORS', '0'),
	('COM_SHOW_FIELDS', '4407766'),
	('COM_SHOW_FUNCTION_CODE', '0'),
	('COM_SHOW_FUNCTION_STATUS', '5321'),
	('COM_SHOW_GRANTS', '407'),
	('COM_SHOW_KEYS', '64927'),
	('COM_SHOW_MASTER_STATUS', '627'),
	('COM_SHOW_OPEN_TABLES', '20'),
	('COM_SHOW_PLUGINS', '67'),
	('COM_SHOW_PRIVILEGES', '0'),
	('COM_SHOW_PROCEDURE_CODE', '0'),
	('COM_SHOW_PROCEDURE_STATUS', '5333'),
	('COM_SHOW_PROCESSLIST', '164'),
	('COM_SHOW_PROFILE', '0'),
	('COM_SHOW_PROFILES', '0'),
	('COM_SHOW_RELAYLOG_EVENTS', '0'),
	('COM_SHOW_SLAVE_HOSTS', '0'),
	('COM_SHOW_SLAVE_STATUS', '628'),
	('COM_SHOW_STATUS', '37423'),
	('COM_SHOW_STORAGE_ENGINES', '236'),
	('COM_SHOW_TABLE_STATUS', '173088'),
	('COM_SHOW_TABLES', '1385805'),
	('COM_SHOW_TRIGGERS', '152183'),
	('COM_SHOW_VARIABLES', '68271'),
	('COM_SHOW_WARNINGS', '1688'),
	('COM_SLAVE_START', '0'),
	('COM_SLAVE_STOP', '0'),
	('COM_STMT_CLOSE', '1750696'),
	('COM_STMT_EXECUTE', '1790045'),
	('COM_STMT_FETCH', '0'),
	('COM_STMT_PREPARE', '1758742'),
	('COM_STMT_REPREPARE', '8'),
	('COM_STMT_RESET', '1084'),
	('COM_STMT_SEND_LONG_DATA', '14920'),
	('COM_TRUNCATE', '2746'),
	('COM_UNINSTALL_PLUGIN', '0'),
	('COM_UNLOCK_TABLES', '16405'),
	('COM_UPDATE', '12499618'),
	('COM_UPDATE_MULTI', '3369'),
	('COM_XA_COMMIT', '0'),
	('COM_XA_END', '0'),
	('COM_XA_PREPARE', '0'),
	('COM_XA_RECOVER', '0'),
	('COM_XA_ROLLBACK', '0'),
	('COM_XA_START', '0'),
	('COMPRESSION', 'OFF'),
	('CONNECTION_ERRORS_ACCEPT', '0'),
	('CONNECTION_ERRORS_INTERNAL', '0'),
	('CONNECTION_ERRORS_MAX_CONNECTIONS', '0'),
	('CONNECTION_ERRORS_PEER_ADDRESS', '0'),
	('CONNECTION_ERRORS_SELECT', '0'),
	('CONNECTION_ERRORS_TCPWRAP', '0'),
	('CONNECTIONS', '10265582'),
	('CREATED_TMP_DISK_TABLES', '24307060'),
	('CREATED_TMP_FILES', '247827'),
	('CREATED_TMP_TABLES', '35669585'),
	('DELAYED_ERRORS', '0'),
	('DELAYED_INSERT_THREADS', '0'),
	('DELAYED_WRITES', '0'),
	('FLUSH_COMMANDS', '1'),
	('HANDLER_COMMIT', '389847761'),
	('HANDLER_DELETE', '2085217'),
	('HANDLER_DISCOVER', '0'),
	('HANDLER_EXTERNAL_LOCK', '1054541395'),
	('HANDLER_MRR_INIT', '0'),
	('HANDLER_PREPARE', '0'),
	('HANDLER_READ_FIRST', '27694971'),
	('HANDLER_READ_KEY', '31899240951'),
	('HANDLER_READ_LAST', '2866433'),
	('HANDLER_READ_NEXT', '71417559141'),
	('HANDLER_READ_PREV', '2001568927'),
	('HANDLER_READ_RND', '3614378138'),
	('HANDLER_READ_RND_NEXT', '300971720517'),
	('HANDLER_ROLLBACK', '33750'),
	('HANDLER_SAVEPOINT', '8404'),
	('HANDLER_SAVEPOINT_ROLLBACK', '0'),
	('HANDLER_UPDATE', '385587232'),
	('HANDLER_WRITE', '12152212233'),
	('INNODB_BUFFER_POOL_DUMP_STATUS', 'not started'),
	('INNODB_BUFFER_POOL_LOAD_STATUS', 'not started'),
	('INNODB_BUFFER_POOL_PAGES_DATA', '1248079'),
	('INNODB_BUFFER_POOL_BYTES_DATA', '20625113088'),
	('INNODB_BUFFER_POOL_PAGES_DIRTY', '3982'),
	('INNODB_BUFFER_POOL_BYTES_DIRTY', '65208320'),
	('INNODB_BUFFER_POOL_PAGES_FLUSHED', '10824861'),
	('INNODB_BUFFER_POOL_PAGES_FREE', '16394'),
	('INNODB_BUFFER_POOL_PAGES_MISC', '46239'),
	('INNODB_BUFFER_POOL_PAGES_TOTAL', '1310712'),
	('INNODB_BUFFER_POOL_READ_AHEAD_RND', '0'),
	('INNODB_BUFFER_POOL_READ_AHEAD', '1042671'),
	('INNODB_BUFFER_POOL_READ_AHEAD_EVICTED', '0'),
	('INNODB_BUFFER_POOL_READ_REQUESTS', '168735552673'),
	('INNODB_BUFFER_POOL_READS', '2593467'),
	('INNODB_BUFFER_POOL_WAIT_FREE', '0'),
	('INNODB_BUFFER_POOL_WRITE_REQUESTS', '709124420'),
	('INNODB_DATA_FSYNCS', '4245573'),
	('INNODB_DATA_PENDING_FSYNCS', '0'),
	('INNODB_DATA_PENDING_READS', '0'),
	('INNODB_DATA_PENDING_WRITES', '0'),
	('INNODB_DATA_READ', '59488020480'),
	('INNODB_DATA_READS', '3932071'),
	('INNODB_DATA_WRITES', '25757113'),
	('INNODB_DATA_WRITTEN', '488543722496'),
	('INNODB_DBLWR_PAGES_WRITTEN', '10824861'),
	('INNODB_DBLWR_WRITES', '821411'),
	('INNODB_HAVE_ATOMIC_BUILTINS', 'ON'),
	('INNODB_LOG_WAITS', '524'),
	('INNODB_LOG_WRITE_REQUESTS', '265488202'),
	('INNODB_LOG_WRITES', '14030696'),
	('INNODB_OS_LOG_FSYNCS', '229645'),
	('INNODB_OS_LOG_PENDING_FSYNCS', '0'),
	('INNODB_OS_LOG_PENDING_WRITES', '0'),
	('INNODB_OS_LOG_WRITTEN', '134713669632'),
	('INNODB_PAGE_SIZE', '16384'),
	('INNODB_PAGES_CREATED', '386443'),
	('INNODB_PAGES_READ', '3662389'),
	('INNODB_PAGES_WRITTEN', '10824861'),
	('INNODB_ROW_LOCK_CURRENT_WAITS', '0'),
	('INNODB_ROW_LOCK_TIME', '1041382'),
	('INNODB_ROW_LOCK_TIME_AVG', '34'),
	('INNODB_ROW_LOCK_TIME_MAX', '12862'),
	('INNODB_ROW_LOCK_WAITS', '30438'),
	('INNODB_ROWS_DELETED', '1781187'),
	('INNODB_ROWS_INSERTED', '5204130'),
	('INNODB_ROWS_READ', '146365066888'),
	('INNODB_ROWS_UPDATED', '263225523'),
	('INNODB_NUM_OPEN_FILES', '15000'),
	('INNODB_TRUNCATED_STATUS_WRITES', '0'),
	('INNODB_AVAILABLE_UNDO_LOGS', '128'),
	('KEY_BLOCKS_NOT_FLUSHED', '0'),
	('KEY_BLOCKS_UNUSED', '2777'),
	('KEY_BLOCKS_USED', '26792'),
	('KEY_READ_REQUESTS', '26926265899'),
	('KEY_READS', '2749877'),
	('KEY_WRITE_REQUESTS', '8938017772'),
	('KEY_WRITES', '3994068'),
	('LAST_QUERY_COST', '0.000000'),
	('LAST_QUERY_PARTIAL_PLANS', '0'),
	('MAX_USED_CONNECTIONS', '1059'),
	('NOT_FLUSHED_DELAYED_ROWS', '0'),
	('OPEN_FILES', '4274'),
	('OPEN_STREAMS', '0'),
	('OPEN_TABLE_DEFINITIONS', '13542'),
	('OPEN_TABLES', '15000'),
	('OPENED_FILES', '100978476'),
	('OPENED_TABLE_DEFINITIONS', '2584609'),
	('OPENED_TABLES', '1830347'),
	('PERFORMANCE_SCHEMA_ACCOUNTS_LOST', '6982874'),
	('PERFORMANCE_SCHEMA_COND_CLASSES_LOST', '0'),
	('PERFORMANCE_SCHEMA_COND_INSTANCES_LOST', '0'),
	('PERFORMANCE_SCHEMA_DIGEST_LOST', '177501643'),
	('PERFORMANCE_SCHEMA_FILE_CLASSES_LOST', '0'),
	('PERFORMANCE_SCHEMA_FILE_HANDLES_LOST', '0'),
	('PERFORMANCE_SCHEMA_FILE_INSTANCES_LOST', '100250899'),
	('PERFORMANCE_SCHEMA_HOSTS_LOST', '1591571'),
	('PERFORMANCE_SCHEMA_LOCKER_LOST', '0'),
	('PERFORMANCE_SCHEMA_MUTEX_CLASSES_LOST', '0'),
	('PERFORMANCE_SCHEMA_MUTEX_INSTANCES_LOST', '0'),
	('PERFORMANCE_SCHEMA_RWLOCK_CLASSES_LOST', '0'),
	('PERFORMANCE_SCHEMA_RWLOCK_INSTANCES_LOST', '0'),
	('PERFORMANCE_SCHEMA_SESSION_CONNECT_ATTRS_LOST', '0'),
	('PERFORMANCE_SCHEMA_SOCKET_CLASSES_LOST', '0'),
	('PERFORMANCE_SCHEMA_SOCKET_INSTANCES_LOST', '0'),
	('PERFORMANCE_SCHEMA_STAGE_CLASSES_LOST', '0'),
	('PERFORMANCE_SCHEMA_STATEMENT_CLASSES_LOST', '0'),
	('PERFORMANCE_SCHEMA_TABLE_HANDLES_LOST', '0'),
	('PERFORMANCE_SCHEMA_TABLE_INSTANCES_LOST', '1037657'),
	('PERFORMANCE_SCHEMA_THREAD_CLASSES_LOST', '0'),
	('PERFORMANCE_SCHEMA_THREAD_INSTANCES_LOST', '0'),
	('PERFORMANCE_SCHEMA_USERS_LOST', '6466736'),
	('PREPARED_STMT_COUNT', '1'),
	('QCACHE_FREE_BLOCKS', '1'),
	('QCACHE_FREE_MEMORY', '1031352'),
	('QCACHE_HITS', '0'),
	('QCACHE_INSERTS', '0'),
	('QCACHE_LOWMEM_PRUNES', '0'),
	('QCACHE_NOT_CACHED', '377424599'),
	('QCACHE_QUERIES_IN_CACHE', '0'),
	('QCACHE_TOTAL_BLOCKS', '1'),
	('QUERIES', '619808550'),
	('QUESTIONS', '448665214'),
	('SELECT_FULL_JOIN', '840082'),
	('SELECT_FULL_RANGE_JOIN', '14017'),
	('SELECT_RANGE', '31014439'),
	('SELECT_RANGE_CHECK', '24265'),
	('SELECT_SCAN', '43605678'),
	('SLAVE_HEARTBEAT_PERIOD', ''),
	('SLAVE_LAST_HEARTBEAT', ''),
	('SLAVE_OPEN_TEMP_TABLES', '0'),
	('SLAVE_RECEIVED_HEARTBEATS', ''),
	('SLAVE_RETRIED_TRANSACTIONS', ''),
	('SLAVE_RUNNING', 'OFF'),
	('SLOW_LAUNCH_THREADS', '0'),
	('SLOW_QUERIES', '2016'),
	('SORT_MERGE_PASSES', '143507'),
	('SORT_RANGE', '36632136'),
	('SORT_ROWS', '9988668516'),
	('SORT_SCAN', '30538107'),
	('SSL_ACCEPT_RENEGOTIATES', '0'),
	('SSL_ACCEPTS', '0'),
	('SSL_CALLBACK_CACHE_HITS', '0'),
	('SSL_CIPHER', ''),
	('SSL_CIPHER_LIST', ''),
	('SSL_CLIENT_CONNECTS', '0'),
	('SSL_CONNECT_RENEGOTIATES', '0'),
	('SSL_CTX_VERIFY_DEPTH', '0'),
	('SSL_CTX_VERIFY_MODE', '0'),
	('SSL_DEFAULT_TIMEOUT', '0'),
	('SSL_FINISHED_ACCEPTS', '0'),
	('SSL_FINISHED_CONNECTS', '0'),
	('SSL_SERVER_NOT_AFTER', ''),
	('SSL_SERVER_NOT_BEFORE', ''),
	('SSL_SESSION_CACHE_HITS', '0'),
	('SSL_SESSION_CACHE_MISSES', '0'),
	('SSL_SESSION_CACHE_MODE', 'NONE'),
	('SSL_SESSION_CACHE_OVERFLOWS', '0'),
	('SSL_SESSION_CACHE_SIZE', '0'),
	('SSL_SESSION_CACHE_TIMEOUTS', '0'),
	('SSL_SESSIONS_REUSED', '0'),
	('SSL_USED_SESSION_CACHE_ENTRIES', '0'),
	('SSL_VERIFY_DEPTH', '0'),
	('SSL_VERIFY_MODE', '0'),
	('SSL_VERSION', ''),
	('TABLE_LOCKS_IMMEDIATE', '526147211'),
	('TABLE_LOCKS_WAITED', '348331'),
	('TABLE_OPEN_CACHE_HITS', '532349669'),
	('TABLE_OPEN_CACHE_MISSES', '1821082'),
	('TABLE_OPEN_CACHE_OVERFLOWS', '1770308'),
	('TC_LOG_MAX_PAGES_USED', '0'),
	('TC_LOG_PAGE_SIZE', '0'),
	('TC_LOG_PAGE_WAITS', '0'),
	('THREADS_CACHED', '397'),
	('THREADS_CONNECTED', '240'),
	('THREADS_CREATED', '1059'),
	('THREADS_RUNNING', '8'),
	('UPTIME', '119227'),
	('UPTIME_SINCE_FLUSH_STATUS', '119227');
/*!40000 ALTER TABLE `GLOBAL_STATUS` ENABLE KEYS */;

-- Copiando estrutura para tabela information_schema.GLOBAL_VARIABLES
CREATE TEMPORARY TABLE IF NOT EXISTS `GLOBAL_VARIABLES` (
  `VARIABLE_NAME` varchar(64) NOT NULL DEFAULT '',
  `VARIABLE_VALUE` varchar(1024) DEFAULT NULL
) ENGINE=MEMORY DEFAULT CHARSET=utf8;

-- Copiando dados para a tabela information_schema.GLOBAL_VARIABLES: -1 rows
/*!40000 ALTER TABLE `GLOBAL_VARIABLES` DISABLE KEYS */;
INSERT INTO `GLOBAL_VARIABLES` (`VARIABLE_NAME`, `VARIABLE_VALUE`) VALUES
	('MAX_PREPARED_STMT_COUNT', '16382'),
	('OPTIMIZER_PRUNE_LEVEL', '1'),
	('HAVE_CRYPT', 'YES'),
	('INNODB_COMPRESSION_PAD_PCT_MAX', '50'),
	('PERFORMANCE_SCHEMA_EVENTS_STAGES_HISTORY_SIZE', '10'),
	('SLAVE_CHECKPOINT_PERIOD', '300'),
	('LOCK_WAIT_TIMEOUT', '31536000'),
	('INNODB_FLUSH_LOG_AT_TIMEOUT', '1'),
	('END_MARKERS_IN_JSON', 'OFF'),
	('RPL_STOP_SLAVE_TIMEOUT', '31536000'),
	('PERFORMANCE_SCHEMA', 'ON'),
	('QUERY_CACHE_TYPE', 'OFF'),
	('CONCURRENT_INSERT', 'AUTO'),
	('INNODB_CMP_PER_INDEX_ENABLED', 'OFF'),
	('PERFORMANCE_SCHEMA_MAX_COND_INSTANCES', '44100'),
	('INNODB_ONLINE_ALTER_LOG_MAX_SIZE', '134217728'),
	('PROFILING_HISTORY_SIZE', '15'),
	('INNODB_STATS_TRANSIENT_SAMPLE_PAGES', '8'),
	('PERFORMANCE_SCHEMA_MAX_MUTEX_INSTANCES', '81000'),
	('SLOW_LAUNCH_TIME', '2'),
	('PERFORMANCE_SCHEMA_MAX_COND_CLASSES', '80'),
	('PERFORMANCE_SCHEMA_DIGESTS_SIZE', '10000'),
	('PERFORMANCE_SCHEMA_MAX_STAGE_CLASSES', '150'),
	('RELAY_LOG_INDEX', ''),
	('GTID_OWNED', ''),
	('EXPLICIT_DEFAULTS_FOR_TIMESTAMP', 'ON'),
	('SLAVE_TYPE_CONVERSIONS', ''),
	('INNODB_STATS_INCLUDE_DELETE_MARKED', 'OFF'),
	('INNODB_FT_NUM_WORD_OPTIMIZE', '2000'),
	('PERFORMANCE_SCHEMA_MAX_MUTEX_CLASSES', '200'),
	('SLAVE_ROWS_SEARCH_ALGORITHMS', 'TABLE_SCAN,INDEX_SCAN'),
	('MAX_HEAP_TABLE_SIZE', '67108864'),
	('FT_BOOLEAN_SYNTAX', '+ -><()~*:""&|'),
	('REPORT_HOST', ''),
	('PERFORMANCE_SCHEMA_EVENTS_WAITS_HISTORY_SIZE', '10'),
	('INNODB_SORT_BUFFER_SIZE', '1048576'),
	('PERFORMANCE_SCHEMA_EVENTS_WAITS_HISTORY_LONG_SIZE', '10000'),
	('INNODB_ROLLBACK_SEGMENTS', '128'),
	('PERFORMANCE_SCHEMA_MAX_RWLOCK_INSTANCES', '32400'),
	('LARGE_FILES_SUPPORT', 'ON'),
	('PERFORMANCE_SCHEMA_EVENTS_STATEMENTS_HISTORY_LONG_SIZE', '10000'),
	('ENFORCE_GTID_CONSISTENCY', 'OFF'),
	('NET_BUFFER_LENGTH', '1048576'),
	('BIND_ADDRESS', '*'),
	('SKIP_SHOW_DATABASE', 'OFF'),
	('RELAY_LOG_INFO_REPOSITORY', 'FILE'),
	('GROUP_CONCAT_MAX_LEN', '1024'),
	('TX_ISOLATION', 'REPEATABLE-READ'),
	('RANGE_ALLOC_BLOCK_SIZE', '4096'),
	('SQL_LOG_OFF', 'OFF'),
	('THREAD_HANDLING', 'one-thread-per-connection'),
	('INNODB_TMPDIR', ''),
	('AUTO_INCREMENT_OFFSET', '1'),
	('TRANSACTION_PREALLOC_SIZE', '4096'),
	('PERFORMANCE_SCHEMA_MAX_TABLE_HANDLES', '30000'),
	('INNODB_API_BK_COMMIT_INTERVAL', '5'),
	('FT_QUERY_EXPANSION_LIMIT', '20'),
	('BINLOG_MAX_FLUSH_QUEUE_TIME', '0'),
	('LOW_PRIORITY_UPDATES', 'OFF'),
	('PERFORMANCE_SCHEMA_SETUP_ACTORS_SIZE', '100'),
	('REPORT_PASSWORD', ''),
	('COMPLETION_TYPE', 'NO_CHAIN'),
	('MAX_INSERT_DELAYED_THREADS', '20'),
	('DELAY_KEY_WRITE', 'ON'),
	('SQL_BIG_SELECTS', 'ON'),
	('SQL_MODE', 'NO_ENGINE_SUBSTITUTION'),
	('TRANSACTION_ALLOC_BLOCK_SIZE', '8192'),
	('LOG_WARNINGS', '1'),
	('INNODB_FLUSHING_AVG_LOOPS', '30'),
	('SLOW_QUERY_LOG_FILE', '/var/lib/mysql/ubwmysql37-slow.log'),
	('SYNC_FRM', 'ON'),
	('CHARACTER_SET_CONNECTION', 'latin1'),
	('BINLOGGING_IMPOSSIBLE_MODE', 'IGNORE_ERROR'),
	('COLLATION_CONNECTION', 'latin1_swedish_ci'),
	('GENERAL_LOG_FILE', '/var/lib/mysql/ubwmysql37.log'),
	('MAX_BINLOG_SIZE', '1073741824'),
	('INNODB_IO_CAPACITY_MAX', '2000'),
	('EVENT_SCHEDULER', 'ON'),
	('INNODB_IO_CAPACITY', '200'),
	('MAX_ERROR_COUNT', '64'),
	('INNODB_FT_ENABLE_DIAG_PRINT', 'OFF'),
	('FT_MAX_WORD_LEN', '84'),
	('HAVE_SYMLINK', 'YES'),
	('PERFORMANCE_SCHEMA_ACCOUNTS_SIZE', '100'),
	('MYISAM_RECOVER_OPTIONS', 'OFF'),
	('DELAYED_INSERT_TIMEOUT', '300'),
	('INNODB_TABLE_LOCKS', 'ON'),
	('BINLOG_FORMAT', 'STATEMENT'),
	('INNODB_AUTOEXTEND_INCREMENT', '64'),
	('PERFORMANCE_SCHEMA_MAX_SOCKET_CLASSES', '10'),
	('MYISAM_DATA_POINTER_SIZE', '6'),
	('LOG_SLAVE_UPDATES', 'OFF'),
	('INNODB_THREAD_SLEEP_DELAY', '10000'),
	('AUTOMATIC_SP_PRIVILEGES', 'ON'),
	('SQL_AUTO_IS_NULL', 'OFF'),
	('DELAYED_INSERT_LIMIT', '100'),
	('SLAVE_TRANSACTION_RETRIES', '10'),
	('BACK_LOG', '900'),
	('SSL_CAPATH', ''),
	('GENERAL_LOG', 'OFF'),
	('DELAYED_QUEUE_SIZE', '1000'),
	('INNODB_STATUS_OUTPUT_LOCKS', 'OFF'),
	('FT_STOPWORD_FILE', '(built-in)'),
	('QUERY_CACHE_MIN_RES_UNIT', '4096'),
	('CHARACTER_SET_RESULTS', 'latin1'),
	('SORT_BUFFER_SIZE', '1048576'),
	('MASTER_INFO_REPOSITORY', 'FILE'),
	('INNODB_ROLLBACK_ON_TIMEOUT', 'OFF'),
	('LOG_QUERIES_NOT_USING_INDEXES', 'OFF'),
	('INNODB_NUMA_INTERLEAVE', 'OFF'),
	('INIT_SLAVE', ''),
	('INNODB_ADDITIONAL_MEM_POOL_SIZE', '8388608'),
	('PERFORMANCE_SCHEMA_EVENTS_STAGES_HISTORY_LONG_SIZE', '10000'),
	('READ_RND_BUFFER_SIZE', '1048576'),
	('LC_MESSAGES_DIR', '/usr/share/mysql/'),
	('INNODB_FILE_FORMAT', 'Barracuda'),
	('INIT_FILE', ''),
	('BIG_TABLES', 'OFF'),
	('LARGE_PAGES', 'OFF'),
	('OPTIMIZER_SEARCH_DEPTH', '62'),
	('LARGE_PAGE_SIZE', '0'),
	('RELAY_LOG_BASENAME', ''),
	('BLOCK_ENCRYPTION_MODE', 'aes-128-ecb'),
	('QUERY_PREALLOC_SIZE', '8192'),
	('CHARACTER_SETS_DIR', '/usr/share/mysql/charsets/'),
	('INNODB_ADAPTIVE_MAX_SLEEP_DELAY', '150000'),
	('PERFORMANCE_SCHEMA_MAX_SOCKET_INSTANCES', '20020'),
	('SSL_CIPHER', ''),
	('MAX_CONNECTIONS', '10000'),
	('BINLOG_DIRECT_NON_TRANSACTIONAL_UPDATES', 'OFF'),
	('BINLOG_ROWS_QUERY_LOG_EVENTS', 'OFF'),
	('INNODB_STRICT_MODE', 'OFF'),
	('PERFORMANCE_SCHEMA_MAX_THREAD_CLASSES', '50'),
	('INNODB_FORCE_RECOVERY', '0'),
	('SLAVE_COMPRESSED_PROTOCOL', 'OFF'),
	('SQL_LOG_BIN', 'ON'),
	('LOWER_CASE_FILE_SYSTEM', 'OFF'),
	('PERFORMANCE_SCHEMA_USERS_SIZE', '100'),
	('MAX_RELAY_LOG_SIZE', '0'),
	('SHOW_OLD_TEMPORALS', 'OFF'),
	('MAX_DIGEST_LENGTH', '1024'),
	('TMPDIR', '/tmp'),
	('LOG_SLOW_ADMIN_STATEMENTS', 'OFF'),
	('SLAVE_PENDING_JOBS_SIZE_MAX', '16777216'),
	('KEY_CACHE_AGE_THRESHOLD', '300'),
	('NET_RETRY_COUNT', '10'),
	('DISCONNECT_ON_EXPIRED_PASSWORD', 'ON'),
	('METADATA_LOCKS_HASH_INSTANCES', '8'),
	('BINLOG_GTID_SIMPLE_RECOVERY', 'OFF'),
	('INNODB_AUTOINC_LOCK_MODE', '1'),
	('MAX_LENGTH_FOR_SORT_DATA', '1024'),
	('PERFORMANCE_SCHEMA_MAX_STATEMENT_CLASSES', '168'),
	('LOWER_CASE_TABLE_NAMES', '0'),
	('LOG_ERROR', './ubwmysql37.err'),
	('INNODB_BUFFER_POOL_FILENAME', 'ib_buffer_pool'),
	('PERFORMANCE_SCHEMA_MAX_RWLOCK_CLASSES', '40'),
	('INNODB_MAX_PURGE_LAG_DELAY', '0'),
	('TABLE_DEFINITION_CACHE', '2000'),
	('INNODB_BUFFER_POOL_DUMP_NOW', 'OFF'),
	('SLAVE_MAX_ALLOWED_PACKET', '1073741824'),
	('INNODB_SYNC_SPIN_LOOPS', '30'),
	('BINLOG_ERROR_ACTION', 'IGNORE_ERROR'),
	('INNODB_STATUS_OUTPUT', 'OFF'),
	('CHARACTER_SET_SERVER', 'latin1'),
	('TABLE_OPEN_CACHE', '15000'),
	('JOIN_BUFFER_SIZE', '33554432'),
	('INNODB_ADAPTIVE_HASH_INDEX', 'ON'),
	('EQ_RANGE_INDEX_DIVE_LIMIT', '10'),
	('CHARACTER_SET_FILESYSTEM', 'binary'),
	('BINLOG_STMT_CACHE_SIZE', '32768'),
	('INNODB_FT_AUX_TABLE', ''),
	('MAX_BINLOG_CACHE_SIZE', '18446744073709547520'),
	('INNODB_API_ENABLE_BINLOG', 'OFF'),
	('PERFORMANCE_SCHEMA_MAX_FILE_CLASSES', '50'),
	('SSL_CRL', ''),
	('MAX_SORT_LENGTH', '1024'),
	('INNODB_MAX_DIRTY_PAGES_PCT', '75'),
	('OPTIMIZER_TRACE_FEATURES', 'greedy_search=on,range_optimizer=on,dynamic_range=on,repeated_subselect=on'),
	('SQL_SLAVE_SKIP_COUNTER', '0'),
	('VERSION_COMMENT', 'MySQL Community Server (GPL)'),
	('GTID_EXECUTED', ''),
	('CHARACTER_SET_CLIENT', 'latin1'),
	('INNODB_LOG_COMPRESSED_PAGES', 'ON'),
	('NET_WRITE_TIMEOUT', '60'),
	('INNODB_DISABLE_SORT_FILE_CACHE', 'OFF'),
	('KEEP_FILES_ON_CREATE', 'OFF'),
	('OLD_PASSWORDS', '0'),
	('LOG_BIN_USE_V1_ROW_EVENTS', 'OFF'),
	('HAVE_DYNAMIC_LOADING', 'YES'),
	('QUERY_CACHE_LIMIT', '1048576'),
	('SYNC_BINLOG', '0'),
	('INNODB_OPEN_FILES', '15000'),
	('INNODB_PRINT_ALL_DEADLOCKS', 'OFF'),
	('LOG_OUTPUT', 'FILE'),
	('INNODB_FT_SERVER_STOPWORD_TABLE', ''),
	('MULTI_RANGE_COUNT', '256'),
	('OLD', 'OFF'),
	('LC_MESSAGES', 'en_US'),
	('INNODB_READ_AHEAD_THRESHOLD', '56'),
	('PERFORMANCE_SCHEMA_EVENTS_STATEMENTS_HISTORY_SIZE', '10'),
	('INNODB_READ_ONLY', 'OFF'),
	('SERVER_UUID', 'b0670ae9-7331-11e9-b808-00155d88e83f'),
	('KEY_BUFFER_SIZE', '33554432'),
	('INNODB_LOG_GROUP_HOME_DIR', './'),
	('INNODB_MONITOR_RESET_ALL', ''),
	('LONG_QUERY_TIME', '20.000000'),
	('INNODB_OPTIMIZE_FULLTEXT_ONLY', 'OFF'),
	('PERFORMANCE_SCHEMA_MAX_THREAD_INSTANCES', '20100'),
	('INNODB_STATS_METHOD', 'nulls_equal'),
	('SKIP_NAME_RESOLVE', 'ON'),
	('INNODB_FAST_SHUTDOWN', '1'),
	('PID_FILE', 'ubwmysql37.pid'),
	('SSL_CA', ''),
	('READ_BUFFER_SIZE', '1048576'),
	('INNODB_THREAD_CONCURRENCY', '0'),
	('MIN_EXAMINED_ROW_LIMIT', '0'),
	('SLAVE_NET_TIMEOUT', '3600'),
	('SERVER_ID_BITS', '32'),
	('INNODB_STATS_SAMPLE_PAGES', '8'),
	('LOG_SLOW_SLAVE_STATEMENTS', 'OFF'),
	('SLAVE_ALLOW_BATCHING', 'OFF'),
	('MAX_USER_CONNECTIONS', '0'),
	('INNODB_BUFFER_POOL_LOAD_NOW', 'OFF'),
	('IGNORE_BUILTIN_INNODB', 'OFF'),
	('INNODB_ADAPTIVE_FLUSHING_LWM', '10'),
	('REPORT_PORT', '31890'),
	('BINLOG_CHECKSUM', 'CRC32'),
	('MAX_CONNECT_ERRORS', '100'),
	('INNODB_PAGE_SIZE', '16384'),
	('QUERY_CACHE_WLOCK_INVALIDATE', 'OFF'),
	('PERFORMANCE_SCHEMA_MAX_FILE_HANDLES', '32768'),
	('MAX_SP_RECURSION_DEPTH', '0'),
	('INNODB_SYNC_ARRAY_SIZE', '1'),
	('TIMED_MUTEXES', 'OFF'),
	('INNODB_API_TRX_LEVEL', '0'),
	('DATETIME_FORMAT', '%Y-%m-%d %H:%i:%s'),
	('FLUSH_TIME', '0'),
	('INNODB_FLUSH_LOG_AT_TRX_COMMIT', '2'),
	('TX_READ_ONLY', 'OFF'),
	('SKIP_NETWORKING', 'OFF'),
	('INNODB_RANDOM_READ_AHEAD', 'OFF'),
	('TABLE_OPEN_CACHE_INSTANCES', '1'),
	('INNODB_UNDO_LOGS', '128'),
	('INIT_CONNECT', 'SET wait_timeout = 600'),
	('PORT', '31890'),
	('RELAY_LOG_SPACE_LIMIT', '0'),
	('QUERY_ALLOC_BLOCK_SIZE', '8192'),
	('AUTOCOMMIT', 'ON'),
	('LOG_BIN_TRUST_FUNCTION_CREATORS', 'OFF'),
	('OLD_ALTER_TABLE', 'OFF'),
	('INNODB_MONITOR_DISABLE', ''),
	('MYISAM_USE_MMAP', 'OFF'),
	('HAVE_OPENSSL', 'DISABLED'),
	('METADATA_LOCKS_CACHE_SIZE', '1024'),
	('MAX_BINLOG_STMT_CACHE_SIZE', '18446744073709547520'),
	('PERFORMANCE_SCHEMA_MAX_FILE_INSTANCES', '100825'),
	('HOSTNAME', 'ubwmysql37'),
	('INNODB_SPIN_WAIT_DELAY', '6'),
	('RELAY_LOG_INFO_FILE', 'relay-log.info'),
	('INNODB_FILE_FORMAT_MAX', 'Barracuda'),
	('OPTIMIZER_TRACE_OFFSET', '-1'),
	('DEFAULT_STORAGE_ENGINE', 'InnoDB'),
	('SQL_SAFE_UPDATES', 'OFF'),
	('INNODB_LOCK_WAIT_TIMEOUT', '50'),
	('UNIQUE_CHECKS', 'ON'),
	('INNODB_OLD_BLOCKS_TIME', '1000'),
	('MAX_ALLOWED_PACKET', '536870912'),
	('BINLOG_CACHE_SIZE', '32768'),
	('BINLOG_ROW_IMAGE', 'FULL'),
	('INNODB_FLUSH_NEIGHBORS', '1'),
	('INNODB_COMPRESSION_FAILURE_THRESHOLD_PCT', '5'),
	('PERFORMANCE_SCHEMA_HOSTS_SIZE', '100'),
	('LOCKED_IN_MEMORY', 'OFF'),
	('SECURE_FILE_PRIV', '/var/lib/mysql-files/'),
	('BINLOG_ORDER_COMMITS', 'ON'),
	('OPTIMIZER_TRACE', 'enabled=off,one_line=off'),
	('SLAVE_EXEC_MODE', 'STRICT'),
	('SSL_KEY', ''),
	('HAVE_PROFILING', 'YES'),
	('DATE_FORMAT', '%Y-%m-%d'),
	('AUTO_INCREMENT_INCREMENT', '1'),
	('SLAVE_SKIP_ERRORS', 'OFF'),
	('PRELOAD_BUFFER_SIZE', '32768'),
	('SLAVE_PARALLEL_WORKERS', '0'),
	('LOCAL_INFILE', 'ON'),
	('RELAY_LOG_PURGE', 'ON'),
	('REPORT_USER', ''),
	('COLLATION_DATABASE', 'latin1_swedish_ci'),
	('HAVE_GEOMETRY', 'YES'),
	('INNODB_MONITOR_ENABLE', ''),
	('SLOW_QUERY_LOG', 'OFF'),
	('INNODB_LOG_BUFFER_SIZE', '2097152'),
	('PERFORMANCE_SCHEMA_SETUP_OBJECTS_SIZE', '100'),
	('HOST_CACHE_SIZE', '1103'),
	('INNODB_MAX_PURGE_LAG', '0'),
	('OPTIMIZER_TRACE_LIMIT', '1'),
	('MYISAM_MAX_SORT_FILE_SIZE', '9223372036853727232'),
	('EXPIRE_LOGS_DAYS', '0'),
	('INNODB_LRU_SCAN_DEPTH', '1024'),
	('OPEN_FILES_LIMIT', '65536'),
	('SQL_NOTES', 'ON'),
	('SSL_CRLPATH', ''),
	('LOG_BIN_INDEX', ''),
	('CORE_FILE', 'OFF'),
	('INNODB_BUFFER_POOL_LOAD_ABORT', 'OFF'),
	('LOG_THROTTLE_QUERIES_NOT_USING_INDEXES', '0'),
	('CHARACTER_SET_DATABASE', 'latin1'),
	('HAVE_COMPRESS', 'YES'),
	('TIME_FORMAT', '%H:%i:%s'),
	('SIMPLIFIED_BINLOG_GTID_RECOVERY', 'OFF'),
	('SQL_QUOTE_SHOW_CREATE', 'ON'),
	('THREAD_CACHE_SIZE', '512'),
	('RELAY_LOG', ''),
	('INNODB_DOUBLEWRITE', 'ON'),
	('READ_ONLY', 'OFF'),
	('INNODB_STATS_PERSISTENT', 'ON'),
	('INNODB_FT_CACHE_SIZE', '8000000'),
	('DEFAULT_WEEK_FORMAT', '0'),
	('COLLATION_SERVER', 'latin1_swedish_ci'),
	('INNODB_CHANGE_BUFFER_MAX_SIZE', '25'),
	('PERFORMANCE_SCHEMA_MAX_TABLE_INSTANCES', '12500'),
	('HAVE_QUERY_CACHE', 'YES'),
	('INNODB_USE_NATIVE_AIO', 'ON'),
	('SYNC_RELAY_LOG', '10000'),
	('GTID_PURGED', ''),
	('MAX_DELAYED_THREADS', '20'),
	('INNODB_UNDO_TABLESPACES', '0'),
	('LC_TIME_NAMES', 'en_US'),
	('INNODB_CHECKSUM_ALGORITHM', 'innodb'),
	('INNODB_FT_MAX_TOKEN_SIZE', '84'),
	('SOCKET', '/var/lib/mysql/mysql.sock'),
	('INNODB_FT_MIN_TOKEN_SIZE', '3'),
	('HAVE_RTREE_KEYS', 'YES'),
	('INNODB_FT_USER_STOPWORD_TABLE', ''),
	('PROFILING', 'OFF'),
	('SERVER_ID', '0'),
	('PLUGIN_DIR', '/usr/lib64/mysql/plugin/'),
	('SQL_BUFFER_RESULT', 'OFF'),
	('KEY_CACHE_BLOCK_SIZE', '1024'),
	('INNODB_BUFFER_POOL_SIZE', '21474836480'),
	('MAX_TMP_TABLES', '100'),
	('SYNC_RELAY_LOG_INFO', '10000'),
	('MASTER_VERIFY_CHECKSUM', 'OFF'),
	('SSL_CERT', ''),
	('DEFAULT_TMP_STORAGE_ENGINE', 'InnoDB'),
	('INNODB_FT_ENABLE_STOPWORD', 'ON'),
	('STORED_PROGRAM_CACHE', '256'),
	('INNODB_STATS_PERSISTENT_SAMPLE_PAGES', '20'),
	('MYISAM_STATS_METHOD', 'nulls_unequal'),
	('PERFORMANCE_SCHEMA_SESSION_CONNECT_ATTRS_SIZE', '512'),
	('CONNECT_TIMEOUT', '10'),
	('AVOID_TEMPORAL_UPGRADE', 'OFF'),
	('SLAVE_SQL_VERIFY_CHECKSUM', 'ON'),
	('INNODB_CHANGE_BUFFERING', 'all'),
	('INNODB_VERSION', '5.6.40'),
	('TMP_TABLE_SIZE', '134217728'),
	('SECURE_AUTH', 'ON'),
	('INNODB_API_DISABLE_ROWLOCK', 'OFF'),
	('MAX_WRITE_LOCK_COUNT', '18446744073709551615'),
	('INTERACTIVE_TIMEOUT', '28800'),
	('SQL_SELECT_LIMIT', '18446744073709551615'),
	('SYSTEM_TIME_ZONE', '-03'),
	('SLAVE_LOAD_TMPDIR', '/tmp'),
	('FT_MIN_WORD_LEN', '4'),
	('WAIT_TIMEOUT', '600'),
	('INNODB_LARGE_PREFIX', 'ON'),
	('FLUSH', 'OFF'),
	('NET_READ_TIMEOUT', '30'),
	('INNODB_FLUSH_METHOD', 'O_DIRECT'),
	('INNODB_PURGE_THREADS', '1'),
	('MYISAM_MMAP_SIZE', '18446744073709551615'),
	('GTID_MODE', 'OFF'),
	('INNODB_CHECKSUMS', 'ON'),
	('STORAGE_ENGINE', 'InnoDB'),
	('INNODB_LOCKS_UNSAFE_FOR_BINLOG', 'OFF'),
	('KEY_CACHE_DIVISION_LIMIT', '100'),
	('HAVE_SSL', 'DISABLED'),
	('INNODB_BUFFER_POOL_DUMP_AT_SHUTDOWN', 'OFF'),
	('IGNORE_DB_DIRS', ''),
	('SLAVE_CHECKPOINT_GROUP', '512'),
	('INNODB_BUFFER_POOL_LOAD_AT_STARTUP', 'OFF'),
	('LOG_BIN_BASENAME', ''),
	('VERSION', '5.6.40'),
	('INNODB_CONCURRENCY_TICKETS', '5000'),
	('BULK_INSERT_BUFFER_SIZE', '8388608'),
	('INNODB_MAX_DIRTY_PAGES_PCT_LWM', '0'),
	('RELAY_LOG_RECOVERY', 'OFF'),
	('NEW', 'OFF'),
	('MAX_JOIN_SIZE', '18446744073709551615'),
	('FOREIGN_KEY_CHECKS', 'ON'),
	('PROTOCOL_VERSION', '10'),
	('INNODB_MONITOR_RESET', ''),
	('INNODB_STATS_AUTO_RECALC', 'ON'),
	('SYNC_MASTER_INFO', '10000'),
	('INNODB_COMMIT_CONCURRENCY', '0'),
	('UPDATABLE_VIEWS_WITH_LIMIT', 'YES'),
	('INNODB_MIRRORED_LOG_GROUPS', '1'),
	('INNODB_STATS_ON_METADATA', 'OFF'),
	('INNODB_PURGE_BATCH_SIZE', '300'),
	('INNODB_DATA_FILE_PATH', 'ibdata1:12M:autoextend'),
	('THREAD_STACK', '262144'),
	('PERFORMANCE_SCHEMA_MAX_DIGEST_LENGTH', '1024'),
	('INNODB_SUPPORT_XA', 'ON'),
	('INNODB_FT_SORT_PLL_DEGREE', '2'),
	('MYISAM_SORT_BUFFER_SIZE', '8388608'),
	('BASEDIR', '/usr/'),
	('INNODB_COMPRESSION_LEVEL', '6'),
	('INNODB_ADAPTIVE_FLUSHING', 'ON'),
	('SKIP_EXTERNAL_LOCKING', 'ON'),
	('INNODB_FILE_PER_TABLE', 'ON'),
	('CHARACTER_SET_SYSTEM', 'utf8'),
	('INNODB_LOG_FILES_IN_GROUP', '2'),
	('MYISAM_REPAIR_THREADS', '1'),
	('DIV_PRECISION_INCREMENT', '4'),
	('SQL_WARNINGS', 'OFF'),
	('DATADIR', '/var/lib/mysql/'),
	('INNODB_USE_SYS_MALLOC', 'ON'),
	('INNODB_DATA_HOME_DIR', ''),
	('LICENSE', 'GPL'),
	('INNODB_READ_IO_THREADS', '64'),
	('QUERY_CACHE_SIZE', '1048576'),
	('INNODB_WRITE_IO_THREADS', '64'),
	('VERSION_COMPILE_OS', 'Linux'),
	('INNODB_BUFFER_POOL_INSTANCES', '16'),
	('INNODB_FORCE_LOAD_CORRUPTED', 'OFF'),
	('INNODB_UNDO_DIRECTORY', '.'),
	('LOG_BIN', 'OFF'),
	('THREAD_CONCURRENCY', '10'),
	('INNODB_FT_RESULT_CACHE_LIMIT', '2000000000'),
	('INNODB_REPLICATION_DELAY', '0'),
	('OPTIMIZER_TRACE_MAX_MEM_SIZE', '16384'),
	('MAX_SEEKS_FOR_KEY', '18446744073709551615'),
	('VERSION_COMPILE_MACHINE', 'x86_64'),
	('INNODB_OLD_BLOCKS_PCT', '37'),
	('INNODB_FT_TOTAL_CACHE_SIZE', '640000000'),
	('TIME_ZONE', 'SYSTEM'),
	('INNODB_API_ENABLE_MDL', 'OFF'),
	('OPTIMIZER_SWITCH', 'index_merge=on,index_merge_union=on,index_merge_sort_union=on,index_merge_intersection=on,engine_condition_pushdown=on,index_condition_pushdown=on,mrr=on,mrr_cost_based=on,block_nested_loop=on,batched_key_access=off,materialization=on,semijoin=on,loosescan=on,firstmatch=on,subquery_materialization_cost_based=on,use_index_extensions=on'),
	('INNODB_FILE_FORMAT_CHECK', 'ON'),
	('INNODB_LOG_FILE_SIZE', '268435456');
/*!40000 ALTER TABLE `GLOBAL_VARIABLES` ENABLE KEYS */;

-- Copiando estrutura para tabela information_schema.INNODB_BUFFER_PAGE
CREATE TEMPORARY TABLE IF NOT EXISTS `INNODB_BUFFER_PAGE` (
  `POOL_ID` bigint(21) unsigned NOT NULL DEFAULT '0',
  `BLOCK_ID` bigint(21) unsigned NOT NULL DEFAULT '0',
  `SPACE` bigint(21) unsigned NOT NULL DEFAULT '0',
  `PAGE_NUMBER` bigint(21) unsigned NOT NULL DEFAULT '0',
  `PAGE_TYPE` varchar(64) DEFAULT NULL,
  `FLUSH_TYPE` bigint(21) unsigned NOT NULL DEFAULT '0',
  `FIX_COUNT` bigint(21) unsigned NOT NULL DEFAULT '0',
  `IS_HASHED` varchar(3) DEFAULT NULL,
  `NEWEST_MODIFICATION` bigint(21) unsigned NOT NULL DEFAULT '0',
  `OLDEST_MODIFICATION` bigint(21) unsigned NOT NULL DEFAULT '0',
  `ACCESS_TIME` bigint(21) unsigned NOT NULL DEFAULT '0',
  `TABLE_NAME` varchar(1024) DEFAULT NULL,
  `INDEX_NAME` varchar(1024) DEFAULT NULL,
  `NUMBER_RECORDS` bigint(21) unsigned NOT NULL DEFAULT '0',
  `DATA_SIZE` bigint(21) unsigned NOT NULL DEFAULT '0',
  `COMPRESSED_SIZE` bigint(21) unsigned NOT NULL DEFAULT '0',
  `PAGE_STATE` varchar(64) DEFAULT NULL,
  `IO_FIX` varchar(64) DEFAULT NULL,
  `IS_OLD` varchar(3) DEFAULT NULL,
  `FREE_PAGE_CLOCK` bigint(21) unsigned NOT NULL DEFAULT '0'
) ENGINE=MEMORY DEFAULT CHARSET=utf8;

-- Copiando dados para a tabela information_schema.INNODB_BUFFER_PAGE: -1 rows
/*!40000 ALTER TABLE `INNODB_BUFFER_PAGE` DISABLE KEYS */;
-- Copiando estrutura para tabela information_schema.INNODB_BUFFER_PAGE_LRU
CREATE TEMPORARY TABLE IF NOT EXISTS `INNODB_BUFFER_PAGE_LRU` (
  `POOL_ID` bigint(21) unsigned NOT NULL DEFAULT '0',
  `LRU_POSITION` bigint(21) unsigned NOT NULL DEFAULT '0',
  `SPACE` bigint(21) unsigned NOT NULL DEFAULT '0',
  `PAGE_NUMBER` bigint(21) unsigned NOT NULL DEFAULT '0',
  `PAGE_TYPE` varchar(64) DEFAULT NULL,
  `FLUSH_TYPE` bigint(21) unsigned NOT NULL DEFAULT '0',
  `FIX_COUNT` bigint(21) unsigned NOT NULL DEFAULT '0',
  `IS_HASHED` varchar(3) DEFAULT NULL,
  `NEWEST_MODIFICATION` bigint(21) unsigned NOT NULL DEFAULT '0',
  `OLDEST_MODIFICATION` bigint(21) unsigned NOT NULL DEFAULT '0',
  `ACCESS_TIME` bigint(21) unsigned NOT NULL DEFAULT '0',
  `TABLE_NAME` varchar(1024) DEFAULT NULL,
  `INDEX_NAME` varchar(1024) DEFAULT NULL,
  `NUMBER_RECORDS` bigint(21) unsigned NOT NULL DEFAULT '0',
  `DATA_SIZE` bigint(21) unsigned NOT NULL DEFAULT '0',
  `COMPRESSED_SIZE` bigint(21) unsigned NOT NULL DEFAULT '0',
  `COMPRESSED` varchar(3) DEFAULT NULL,
  `IO_FIX` varchar(64) DEFAULT NULL,
  `IS_OLD` varchar(3) DEFAULT NULL,
  `FREE_PAGE_CLOCK` bigint(21) unsigned NOT NULL DEFAULT '0'
) ENGINE=MEMORY DEFAULT CHARSET=utf8;

-- Copiando dados para a tabela information_schema.INNODB_BUFFER_PAGE_LRU: -1 rows
/*!40000 ALTER TABLE `INNODB_BUFFER_PAGE_LRU` DISABLE KEYS */;
-- Copiando estrutura para tabela information_schema.INNODB_BUFFER_POOL_STATS
CREATE TEMPORARY TABLE IF NOT EXISTS `INNODB_BUFFER_POOL_STATS` (
  `POOL_ID` bigint(21) unsigned NOT NULL DEFAULT '0',
  `POOL_SIZE` bigint(21) unsigned NOT NULL DEFAULT '0',
  `FREE_BUFFERS` bigint(21) unsigned NOT NULL DEFAULT '0',
  `DATABASE_PAGES` bigint(21) unsigned NOT NULL DEFAULT '0',
  `OLD_DATABASE_PAGES` bigint(21) unsigned NOT NULL DEFAULT '0',
  `MODIFIED_DATABASE_PAGES` bigint(21) unsigned NOT NULL DEFAULT '0',
  `PENDING_DECOMPRESS` bigint(21) unsigned NOT NULL DEFAULT '0',
  `PENDING_READS` bigint(21) unsigned NOT NULL DEFAULT '0',
  `PENDING_FLUSH_LRU` bigint(21) unsigned NOT NULL DEFAULT '0',
  `PENDING_FLUSH_LIST` bigint(21) unsigned NOT NULL DEFAULT '0',
  `PAGES_MADE_YOUNG` bigint(21) unsigned NOT NULL DEFAULT '0',
  `PAGES_NOT_MADE_YOUNG` bigint(21) unsigned NOT NULL DEFAULT '0',
  `PAGES_MADE_YOUNG_RATE` double NOT NULL DEFAULT '0',
  `PAGES_MADE_NOT_YOUNG_RATE` double NOT NULL DEFAULT '0',
  `NUMBER_PAGES_READ` bigint(21) unsigned NOT NULL DEFAULT '0',
  `NUMBER_PAGES_CREATED` bigint(21) unsigned NOT NULL DEFAULT '0',
  `NUMBER_PAGES_WRITTEN` bigint(21) unsigned NOT NULL DEFAULT '0',
  `PAGES_READ_RATE` double NOT NULL DEFAULT '0',
  `PAGES_CREATE_RATE` double NOT NULL DEFAULT '0',
  `PAGES_WRITTEN_RATE` double NOT NULL DEFAULT '0',
  `NUMBER_PAGES_GET` bigint(21) unsigned NOT NULL DEFAULT '0',
  `HIT_RATE` bigint(21) unsigned NOT NULL DEFAULT '0',
  `YOUNG_MAKE_PER_THOUSAND_GETS` bigint(21) unsigned NOT NULL DEFAULT '0',
  `NOT_YOUNG_MAKE_PER_THOUSAND_GETS` bigint(21) unsigned NOT NULL DEFAULT '0',
  `NUMBER_PAGES_READ_AHEAD` bigint(21) unsigned NOT NULL DEFAULT '0',
  `NUMBER_READ_AHEAD_EVICTED` bigint(21) unsigned NOT NULL DEFAULT '0',
  `READ_AHEAD_RATE` double NOT NULL DEFAULT '0',
  `READ_AHEAD_EVICTED_RATE` double NOT NULL DEFAULT '0',
  `LRU_IO_TOTAL` bigint(21) unsigned NOT NULL DEFAULT '0',
  `LRU_IO_CURRENT` bigint(21) unsigned NOT NULL DEFAULT '0',
  `UNCOMPRESS_TOTAL` bigint(21) unsigned NOT NULL DEFAULT '0',
  `UNCOMPRESS_CURRENT` bigint(21) unsigned NOT NULL DEFAULT '0'
) ENGINE=MEMORY DEFAULT CHARSET=utf8;

-- Copiando dados para a tabela information_schema.INNODB_BUFFER_POOL_STATS: -1 rows
/*!40000 ALTER TABLE `INNODB_BUFFER_POOL_STATS` DISABLE KEYS */;
-- Copiando estrutura para tabela information_schema.INNODB_CMP
CREATE TEMPORARY TABLE IF NOT EXISTS `INNODB_CMP` (
  `page_size` int(5) NOT NULL DEFAULT '0',
  `compress_ops` int(11) NOT NULL DEFAULT '0',
  `compress_ops_ok` int(11) NOT NULL DEFAULT '0',
  `compress_time` int(11) NOT NULL DEFAULT '0',
  `uncompress_ops` int(11) NOT NULL DEFAULT '0',
  `uncompress_time` int(11) NOT NULL DEFAULT '0'
) ENGINE=MEMORY DEFAULT CHARSET=utf8;

-- Copiando dados para a tabela information_schema.INNODB_CMP: -1 rows
/*!40000 ALTER TABLE `INNODB_CMP` DISABLE KEYS */;
-- Copiando estrutura para tabela information_schema.INNODB_CMPMEM
CREATE TEMPORARY TABLE IF NOT EXISTS `INNODB_CMPMEM` (
  `page_size` int(5) NOT NULL DEFAULT '0',
  `buffer_pool_instance` int(11) NOT NULL DEFAULT '0',
  `pages_used` int(11) NOT NULL DEFAULT '0',
  `pages_free` int(11) NOT NULL DEFAULT '0',
  `relocation_ops` bigint(21) NOT NULL DEFAULT '0',
  `relocation_time` int(11) NOT NULL DEFAULT '0'
) ENGINE=MEMORY DEFAULT CHARSET=utf8;

-- Copiando dados para a tabela information_schema.INNODB_CMPMEM: -1 rows
/*!40000 ALTER TABLE `INNODB_CMPMEM` DISABLE KEYS */;
-- Copiando estrutura para tabela information_schema.INNODB_CMPMEM_RESET
CREATE TEMPORARY TABLE IF NOT EXISTS `INNODB_CMPMEM_RESET` (
  `page_size` int(5) NOT NULL DEFAULT '0',
  `buffer_pool_instance` int(11) NOT NULL DEFAULT '0',
  `pages_used` int(11) NOT NULL DEFAULT '0',
  `pages_free` int(11) NOT NULL DEFAULT '0',
  `relocation_ops` bigint(21) NOT NULL DEFAULT '0',
  `relocation_time` int(11) NOT NULL DEFAULT '0'
) ENGINE=MEMORY DEFAULT CHARSET=utf8;

-- Copiando dados para a tabela information_schema.INNODB_CMPMEM_RESET: -1 rows
/*!40000 ALTER TABLE `INNODB_CMPMEM_RESET` DISABLE KEYS */;
-- Copiando estrutura para tabela information_schema.INNODB_CMP_PER_INDEX
CREATE TEMPORARY TABLE IF NOT EXISTS `INNODB_CMP_PER_INDEX` (
  `database_name` varchar(192) NOT NULL DEFAULT '',
  `table_name` varchar(192) NOT NULL DEFAULT '',
  `index_name` varchar(192) NOT NULL DEFAULT '',
  `compress_ops` int(11) NOT NULL DEFAULT '0',
  `compress_ops_ok` int(11) NOT NULL DEFAULT '0',
  `compress_time` int(11) NOT NULL DEFAULT '0',
  `uncompress_ops` int(11) NOT NULL DEFAULT '0',
  `uncompress_time` int(11) NOT NULL DEFAULT '0'
) ENGINE=MEMORY DEFAULT CHARSET=utf8;

-- Copiando dados para a tabela information_schema.INNODB_CMP_PER_INDEX: -1 rows
/*!40000 ALTER TABLE `INNODB_CMP_PER_INDEX` DISABLE KEYS */;
-- Copiando estrutura para tabela information_schema.INNODB_CMP_PER_INDEX_RESET
CREATE TEMPORARY TABLE IF NOT EXISTS `INNODB_CMP_PER_INDEX_RESET` (
  `database_name` varchar(192) NOT NULL DEFAULT '',
  `table_name` varchar(192) NOT NULL DEFAULT '',
  `index_name` varchar(192) NOT NULL DEFAULT '',
  `compress_ops` int(11) NOT NULL DEFAULT '0',
  `compress_ops_ok` int(11) NOT NULL DEFAULT '0',
  `compress_time` int(11) NOT NULL DEFAULT '0',
  `uncompress_ops` int(11) NOT NULL DEFAULT '0',
  `uncompress_time` int(11) NOT NULL DEFAULT '0'
) ENGINE=MEMORY DEFAULT CHARSET=utf8;

-- Copiando dados para a tabela information_schema.INNODB_CMP_PER_INDEX_RESET: -1 rows
/*!40000 ALTER TABLE `INNODB_CMP_PER_INDEX_RESET` DISABLE KEYS */;
-- Copiando estrutura para tabela information_schema.INNODB_CMP_RESET
CREATE TEMPORARY TABLE IF NOT EXISTS `INNODB_CMP_RESET` (
  `page_size` int(5) NOT NULL DEFAULT '0',
  `compress_ops` int(11) NOT NULL DEFAULT '0',
  `compress_ops_ok` int(11) NOT NULL DEFAULT '0',
  `compress_time` int(11) NOT NULL DEFAULT '0',
  `uncompress_ops` int(11) NOT NULL DEFAULT '0',
  `uncompress_time` int(11) NOT NULL DEFAULT '0'
) ENGINE=MEMORY DEFAULT CHARSET=utf8;

-- Copiando dados para a tabela information_schema.INNODB_CMP_RESET: -1 rows
/*!40000 ALTER TABLE `INNODB_CMP_RESET` DISABLE KEYS */;
-- Copiando estrutura para tabela information_schema.INNODB_FT_BEING_DELETED
CREATE TEMPORARY TABLE IF NOT EXISTS `INNODB_FT_BEING_DELETED` (
  `DOC_ID` bigint(21) unsigned NOT NULL DEFAULT '0'
) ENGINE=MEMORY DEFAULT CHARSET=utf8;

-- Copiando dados para a tabela information_schema.INNODB_FT_BEING_DELETED: -1 rows
/*!40000 ALTER TABLE `INNODB_FT_BEING_DELETED` DISABLE KEYS */;
-- Copiando estrutura para tabela information_schema.INNODB_FT_CONFIG
CREATE TEMPORARY TABLE IF NOT EXISTS `INNODB_FT_CONFIG` (
  `KEY` varchar(193) NOT NULL DEFAULT '',
  `VALUE` varchar(193) NOT NULL DEFAULT ''
) ENGINE=MEMORY DEFAULT CHARSET=utf8;

-- Copiando dados para a tabela information_schema.INNODB_FT_CONFIG: -1 rows
/*!40000 ALTER TABLE `INNODB_FT_CONFIG` DISABLE KEYS */;
-- Copiando estrutura para tabela information_schema.INNODB_FT_DEFAULT_STOPWORD
CREATE TEMPORARY TABLE IF NOT EXISTS `INNODB_FT_DEFAULT_STOPWORD` (
  `value` varchar(18) NOT NULL DEFAULT ''
) ENGINE=MEMORY DEFAULT CHARSET=utf8;

-- Copiando dados para a tabela information_schema.INNODB_FT_DEFAULT_STOPWORD: -1 rows
/*!40000 ALTER TABLE `INNODB_FT_DEFAULT_STOPWORD` DISABLE KEYS */;
INSERT INTO `INNODB_FT_DEFAULT_STOPWORD` (`value`) VALUES
	('a'),
	('about'),
	('an'),
	('are'),
	('as'),
	('at'),
	('be'),
	('by'),
	('com'),
	('de'),
	('en'),
	('for'),
	('from'),
	('how'),
	('i'),
	('in'),
	('is'),
	('it'),
	('la'),
	('of'),
	('on'),
	('or'),
	('that'),
	('the'),
	('this'),
	('to'),
	('was'),
	('what'),
	('when'),
	('where'),
	('who'),
	('will'),
	('with'),
	('und'),
	('the'),
	('www');
/*!40000 ALTER TABLE `INNODB_FT_DEFAULT_STOPWORD` ENABLE KEYS */;

-- Copiando estrutura para tabela information_schema.INNODB_FT_DELETED
CREATE TEMPORARY TABLE IF NOT EXISTS `INNODB_FT_DELETED` (
  `DOC_ID` bigint(21) unsigned NOT NULL DEFAULT '0'
) ENGINE=MEMORY DEFAULT CHARSET=utf8;

-- Copiando dados para a tabela information_schema.INNODB_FT_DELETED: -1 rows
/*!40000 ALTER TABLE `INNODB_FT_DELETED` DISABLE KEYS */;
-- Copiando estrutura para tabela information_schema.INNODB_FT_INDEX_CACHE
CREATE TEMPORARY TABLE IF NOT EXISTS `INNODB_FT_INDEX_CACHE` (
  `WORD` varchar(337) NOT NULL DEFAULT '',
  `FIRST_DOC_ID` bigint(21) unsigned NOT NULL DEFAULT '0',
  `LAST_DOC_ID` bigint(21) unsigned NOT NULL DEFAULT '0',
  `DOC_COUNT` bigint(21) unsigned NOT NULL DEFAULT '0',
  `DOC_ID` bigint(21) unsigned NOT NULL DEFAULT '0',
  `POSITION` bigint(21) unsigned NOT NULL DEFAULT '0'
) ENGINE=MEMORY DEFAULT CHARSET=utf8;

-- Copiando dados para a tabela information_schema.INNODB_FT_INDEX_CACHE: -1 rows
/*!40000 ALTER TABLE `INNODB_FT_INDEX_CACHE` DISABLE KEYS */;
-- Copiando estrutura para tabela information_schema.INNODB_FT_INDEX_TABLE
CREATE TEMPORARY TABLE IF NOT EXISTS `INNODB_FT_INDEX_TABLE` (
  `WORD` varchar(337) NOT NULL DEFAULT '',
  `FIRST_DOC_ID` bigint(21) unsigned NOT NULL DEFAULT '0',
  `LAST_DOC_ID` bigint(21) unsigned NOT NULL DEFAULT '0',
  `DOC_COUNT` bigint(21) unsigned NOT NULL DEFAULT '0',
  `DOC_ID` bigint(21) unsigned NOT NULL DEFAULT '0',
  `POSITION` bigint(21) unsigned NOT NULL DEFAULT '0'
) ENGINE=MEMORY DEFAULT CHARSET=utf8;

-- Copiando dados para a tabela information_schema.INNODB_FT_INDEX_TABLE: -1 rows
/*!40000 ALTER TABLE `INNODB_FT_INDEX_TABLE` DISABLE KEYS */;
-- Copiando estrutura para tabela information_schema.INNODB_LOCKS
CREATE TEMPORARY TABLE IF NOT EXISTS `INNODB_LOCKS` (
  `lock_id` varchar(81) NOT NULL DEFAULT '',
  `lock_trx_id` varchar(18) NOT NULL DEFAULT '',
  `lock_mode` varchar(32) NOT NULL DEFAULT '',
  `lock_type` varchar(32) NOT NULL DEFAULT '',
  `lock_table` varchar(1024) NOT NULL DEFAULT '',
  `lock_index` varchar(1024) DEFAULT NULL,
  `lock_space` bigint(21) unsigned DEFAULT NULL,
  `lock_page` bigint(21) unsigned DEFAULT NULL,
  `lock_rec` bigint(21) unsigned DEFAULT NULL,
  `lock_data` varchar(8192) DEFAULT NULL
) ENGINE=MEMORY DEFAULT CHARSET=utf8;

-- Copiando dados para a tabela information_schema.INNODB_LOCKS: -1 rows
/*!40000 ALTER TABLE `INNODB_LOCKS` DISABLE KEYS */;
-- Copiando estrutura para tabela information_schema.INNODB_LOCK_WAITS
CREATE TEMPORARY TABLE IF NOT EXISTS `INNODB_LOCK_WAITS` (
  `requesting_trx_id` varchar(18) NOT NULL DEFAULT '',
  `requested_lock_id` varchar(81) NOT NULL DEFAULT '',
  `blocking_trx_id` varchar(18) NOT NULL DEFAULT '',
  `blocking_lock_id` varchar(81) NOT NULL DEFAULT ''
) ENGINE=MEMORY DEFAULT CHARSET=utf8;

-- Copiando dados para a tabela information_schema.INNODB_LOCK_WAITS: -1 rows
/*!40000 ALTER TABLE `INNODB_LOCK_WAITS` DISABLE KEYS */;
-- Copiando estrutura para tabela information_schema.INNODB_METRICS
CREATE TEMPORARY TABLE IF NOT EXISTS `INNODB_METRICS` (
  `NAME` varchar(193) NOT NULL DEFAULT '',
  `SUBSYSTEM` varchar(193) NOT NULL DEFAULT '',
  `COUNT` bigint(21) NOT NULL DEFAULT '0',
  `MAX_COUNT` bigint(21) DEFAULT NULL,
  `MIN_COUNT` bigint(21) DEFAULT NULL,
  `AVG_COUNT` double DEFAULT NULL,
  `COUNT_RESET` bigint(21) NOT NULL DEFAULT '0',
  `MAX_COUNT_RESET` bigint(21) DEFAULT NULL,
  `MIN_COUNT_RESET` bigint(21) DEFAULT NULL,
  `AVG_COUNT_RESET` double DEFAULT NULL,
  `TIME_ENABLED` datetime DEFAULT NULL,
  `TIME_DISABLED` datetime DEFAULT NULL,
  `TIME_ELAPSED` bigint(21) DEFAULT NULL,
  `TIME_RESET` datetime DEFAULT NULL,
  `STATUS` varchar(193) NOT NULL DEFAULT '',
  `TYPE` varchar(193) NOT NULL DEFAULT '',
  `COMMENT` varchar(193) NOT NULL DEFAULT ''
) ENGINE=MEMORY DEFAULT CHARSET=utf8;

-- Copiando dados para a tabela information_schema.INNODB_METRICS: -1 rows
/*!40000 ALTER TABLE `INNODB_METRICS` DISABLE KEYS */;
-- Copiando estrutura para tabela information_schema.INNODB_SYS_COLUMNS
CREATE TEMPORARY TABLE IF NOT EXISTS `INNODB_SYS_COLUMNS` (
  `TABLE_ID` bigint(21) unsigned NOT NULL DEFAULT '0',
  `NAME` varchar(193) NOT NULL DEFAULT '',
  `POS` bigint(21) unsigned NOT NULL DEFAULT '0',
  `MTYPE` int(11) NOT NULL DEFAULT '0',
  `PRTYPE` int(11) NOT NULL DEFAULT '0',
  `LEN` int(11) NOT NULL DEFAULT '0'
) ENGINE=MEMORY DEFAULT CHARSET=utf8;

-- Copiando dados para a tabela information_schema.INNODB_SYS_COLUMNS: -1 rows
/*!40000 ALTER TABLE `INNODB_SYS_COLUMNS` DISABLE KEYS */;
-- Copiando estrutura para tabela information_schema.INNODB_SYS_DATAFILES
CREATE TEMPORARY TABLE IF NOT EXISTS `INNODB_SYS_DATAFILES` (
  `SPACE` int(11) unsigned NOT NULL DEFAULT '0',
  `PATH` varchar(4000) NOT NULL DEFAULT ''
) ENGINE=MEMORY DEFAULT CHARSET=utf8;

-- Copiando dados para a tabela information_schema.INNODB_SYS_DATAFILES: -1 rows
/*!40000 ALTER TABLE `INNODB_SYS_DATAFILES` DISABLE KEYS */;
-- Copiando estrutura para tabela information_schema.INNODB_SYS_FIELDS
CREATE TEMPORARY TABLE IF NOT EXISTS `INNODB_SYS_FIELDS` (
  `INDEX_ID` bigint(21) unsigned NOT NULL DEFAULT '0',
  `NAME` varchar(193) NOT NULL DEFAULT '',
  `POS` int(11) unsigned NOT NULL DEFAULT '0'
) ENGINE=MEMORY DEFAULT CHARSET=utf8;

-- Copiando dados para a tabela information_schema.INNODB_SYS_FIELDS: -1 rows
/*!40000 ALTER TABLE `INNODB_SYS_FIELDS` DISABLE KEYS */;
-- Copiando estrutura para tabela information_schema.INNODB_SYS_FOREIGN
CREATE TEMPORARY TABLE IF NOT EXISTS `INNODB_SYS_FOREIGN` (
  `ID` varchar(193) NOT NULL DEFAULT '',
  `FOR_NAME` varchar(193) NOT NULL DEFAULT '',
  `REF_NAME` varchar(193) NOT NULL DEFAULT '',
  `N_COLS` int(11) unsigned NOT NULL DEFAULT '0',
  `TYPE` int(11) unsigned NOT NULL DEFAULT '0'
) ENGINE=MEMORY DEFAULT CHARSET=utf8;

-- Copiando dados para a tabela information_schema.INNODB_SYS_FOREIGN: -1 rows
/*!40000 ALTER TABLE `INNODB_SYS_FOREIGN` DISABLE KEYS */;
-- Copiando estrutura para tabela information_schema.INNODB_SYS_FOREIGN_COLS
CREATE TEMPORARY TABLE IF NOT EXISTS `INNODB_SYS_FOREIGN_COLS` (
  `ID` varchar(193) NOT NULL DEFAULT '',
  `FOR_COL_NAME` varchar(193) NOT NULL DEFAULT '',
  `REF_COL_NAME` varchar(193) NOT NULL DEFAULT '',
  `POS` int(11) unsigned NOT NULL DEFAULT '0'
) ENGINE=MEMORY DEFAULT CHARSET=utf8;

-- Copiando dados para a tabela information_schema.INNODB_SYS_FOREIGN_COLS: -1 rows
/*!40000 ALTER TABLE `INNODB_SYS_FOREIGN_COLS` DISABLE KEYS */;
-- Copiando estrutura para tabela information_schema.INNODB_SYS_INDEXES
CREATE TEMPORARY TABLE IF NOT EXISTS `INNODB_SYS_INDEXES` (
  `INDEX_ID` bigint(21) unsigned NOT NULL DEFAULT '0',
  `NAME` varchar(193) NOT NULL DEFAULT '',
  `TABLE_ID` bigint(21) unsigned NOT NULL DEFAULT '0',
  `TYPE` int(11) NOT NULL DEFAULT '0',
  `N_FIELDS` int(11) NOT NULL DEFAULT '0',
  `PAGE_NO` int(11) NOT NULL DEFAULT '0',
  `SPACE` int(11) NOT NULL DEFAULT '0'
) ENGINE=MEMORY DEFAULT CHARSET=utf8;

-- Copiando dados para a tabela information_schema.INNODB_SYS_INDEXES: -1 rows
/*!40000 ALTER TABLE `INNODB_SYS_INDEXES` DISABLE KEYS */;
-- Copiando estrutura para tabela information_schema.INNODB_SYS_TABLES
CREATE TEMPORARY TABLE IF NOT EXISTS `INNODB_SYS_TABLES` (
  `TABLE_ID` bigint(21) unsigned NOT NULL DEFAULT '0',
  `NAME` varchar(655) NOT NULL DEFAULT '',
  `FLAG` int(11) NOT NULL DEFAULT '0',
  `N_COLS` int(11) NOT NULL DEFAULT '0',
  `SPACE` int(11) NOT NULL DEFAULT '0',
  `FILE_FORMAT` varchar(10) DEFAULT NULL,
  `ROW_FORMAT` varchar(12) DEFAULT NULL,
  `ZIP_PAGE_SIZE` int(11) unsigned NOT NULL DEFAULT '0'
) ENGINE=MEMORY DEFAULT CHARSET=utf8;

-- Copiando dados para a tabela information_schema.INNODB_SYS_TABLES: -1 rows
/*!40000 ALTER TABLE `INNODB_SYS_TABLES` DISABLE KEYS */;
-- Copiando estrutura para tabela information_schema.INNODB_SYS_TABLESPACES
CREATE TEMPORARY TABLE IF NOT EXISTS `INNODB_SYS_TABLESPACES` (
  `SPACE` int(11) unsigned NOT NULL DEFAULT '0',
  `NAME` varchar(655) NOT NULL DEFAULT '',
  `FLAG` int(11) unsigned NOT NULL DEFAULT '0',
  `FILE_FORMAT` varchar(10) DEFAULT NULL,
  `ROW_FORMAT` varchar(22) DEFAULT NULL,
  `PAGE_SIZE` int(11) unsigned NOT NULL DEFAULT '0',
  `ZIP_PAGE_SIZE` int(11) unsigned NOT NULL DEFAULT '0'
) ENGINE=MEMORY DEFAULT CHARSET=utf8;

-- Copiando dados para a tabela information_schema.INNODB_SYS_TABLESPACES: -1 rows
/*!40000 ALTER TABLE `INNODB_SYS_TABLESPACES` DISABLE KEYS */;
-- Copiando estrutura para tabela information_schema.INNODB_SYS_TABLESTATS
CREATE TEMPORARY TABLE IF NOT EXISTS `INNODB_SYS_TABLESTATS` (
  `TABLE_ID` bigint(21) unsigned NOT NULL DEFAULT '0',
  `NAME` varchar(193) NOT NULL DEFAULT '',
  `STATS_INITIALIZED` varchar(193) NOT NULL DEFAULT '',
  `NUM_ROWS` bigint(21) unsigned NOT NULL DEFAULT '0',
  `CLUST_INDEX_SIZE` bigint(21) unsigned NOT NULL DEFAULT '0',
  `OTHER_INDEX_SIZE` bigint(21) unsigned NOT NULL DEFAULT '0',
  `MODIFIED_COUNTER` bigint(21) unsigned NOT NULL DEFAULT '0',
  `AUTOINC` bigint(21) unsigned NOT NULL DEFAULT '0',
  `REF_COUNT` int(11) NOT NULL DEFAULT '0'
) ENGINE=MEMORY DEFAULT CHARSET=utf8;

-- Copiando dados para a tabela information_schema.INNODB_SYS_TABLESTATS: -1 rows
/*!40000 ALTER TABLE `INNODB_SYS_TABLESTATS` DISABLE KEYS */;
-- Copiando estrutura para tabela information_schema.INNODB_TRX
CREATE TEMPORARY TABLE IF NOT EXISTS `INNODB_TRX` (
  `trx_id` varchar(18) NOT NULL DEFAULT '',
  `trx_state` varchar(13) NOT NULL DEFAULT '',
  `trx_started` datetime NOT NULL DEFAULT '0000-00-00 00:00:00',
  `trx_requested_lock_id` varchar(81) DEFAULT NULL,
  `trx_wait_started` datetime DEFAULT NULL,
  `trx_weight` bigint(21) unsigned NOT NULL DEFAULT '0',
  `trx_mysql_thread_id` bigint(21) unsigned NOT NULL DEFAULT '0',
  `trx_query` varchar(1024) DEFAULT NULL,
  `trx_operation_state` varchar(64) DEFAULT NULL,
  `trx_tables_in_use` bigint(21) unsigned NOT NULL DEFAULT '0',
  `trx_tables_locked` bigint(21) unsigned NOT NULL DEFAULT '0',
  `trx_lock_structs` bigint(21) unsigned NOT NULL DEFAULT '0',
  `trx_lock_memory_bytes` bigint(21) unsigned NOT NULL DEFAULT '0',
  `trx_rows_locked` bigint(21) unsigned NOT NULL DEFAULT '0',
  `trx_rows_modified` bigint(21) unsigned NOT NULL DEFAULT '0',
  `trx_concurrency_tickets` bigint(21) unsigned NOT NULL DEFAULT '0',
  `trx_isolation_level` varchar(16) NOT NULL DEFAULT '',
  `trx_unique_checks` int(1) NOT NULL DEFAULT '0',
  `trx_foreign_key_checks` int(1) NOT NULL DEFAULT '0',
  `trx_last_foreign_key_error` varchar(256) DEFAULT NULL,
  `trx_adaptive_hash_latched` int(1) NOT NULL DEFAULT '0',
  `trx_adaptive_hash_timeout` bigint(21) unsigned NOT NULL DEFAULT '0',
  `trx_is_read_only` int(1) NOT NULL DEFAULT '0',
  `trx_autocommit_non_locking` int(1) NOT NULL DEFAULT '0'
) ENGINE=MEMORY DEFAULT CHARSET=utf8;

-- Copiando dados para a tabela information_schema.INNODB_TRX: -1 rows
/*!40000 ALTER TABLE `INNODB_TRX` DISABLE KEYS */;
-- Copiando estrutura para tabela information_schema.KEY_COLUMN_USAGE
CREATE TEMPORARY TABLE IF NOT EXISTS `KEY_COLUMN_USAGE` (
  `CONSTRAINT_CATALOG` varchar(512) NOT NULL DEFAULT '',
  `CONSTRAINT_SCHEMA` varchar(64) NOT NULL DEFAULT '',
  `CONSTRAINT_NAME` varchar(64) NOT NULL DEFAULT '',
  `TABLE_CATALOG` varchar(512) NOT NULL DEFAULT '',
  `TABLE_SCHEMA` varchar(64) NOT NULL DEFAULT '',
  `TABLE_NAME` varchar(64) NOT NULL DEFAULT '',
  `COLUMN_NAME` varchar(64) NOT NULL DEFAULT '',
  `ORDINAL_POSITION` bigint(10) NOT NULL DEFAULT '0',
  `POSITION_IN_UNIQUE_CONSTRAINT` bigint(10) DEFAULT NULL,
  `REFERENCED_TABLE_SCHEMA` varchar(64) DEFAULT NULL,
  `REFERENCED_TABLE_NAME` varchar(64) DEFAULT NULL,
  `REFERENCED_COLUMN_NAME` varchar(64) DEFAULT NULL
) ENGINE=MEMORY DEFAULT CHARSET=utf8;

-- Copiando dados para a tabela information_schema.KEY_COLUMN_USAGE: -1 rows
/*!40000 ALTER TABLE `KEY_COLUMN_USAGE` DISABLE KEYS */;
INSERT INTO `KEY_COLUMN_USAGE` (`CONSTRAINT_CATALOG`, `CONSTRAINT_SCHEMA`, `CONSTRAINT_NAME`, `TABLE_CATALOG`, `TABLE_SCHEMA`, `TABLE_NAME`, `COLUMN_NAME`, `ORDINAL_POSITION`, `POSITION_IN_UNIQUE_CONSTRAINT`, `REFERENCED_TABLE_SCHEMA`, `REFERENCED_TABLE_NAME`, `REFERENCED_COLUMN_NAME`) VALUES
	('def', 'selector', 'PRIMARY', 'def', 'selector', 'evento_quesito', 'qst_id', 1, NULL, NULL, NULL, NULL),
	('def', 'selector', 'PRIMARY', 'def', 'selector', 'evento_quesito', 'evt_id', 2, NULL, NULL, NULL, NULL),
	('def', 'selector', 'FK_evento_quesito_eventos', 'def', 'selector', 'evento_quesito', 'evt_id', 1, 1, 'selector', 'eventos', 'id'),
	('def', 'selector', 'FK_evento_quesito_quesitos', 'def', 'selector', 'evento_quesito', 'qst_id', 1, 1, 'selector', 'quesitos', 'id'),
	('def', 'selector', 'Index 3', 'def', 'selector', 'evento_usuario', 'evt_id', 1, NULL, NULL, NULL, NULL),
	('def', 'selector', 'Index 3', 'def', 'selector', 'evento_usuario', 'usr_id', 2, NULL, NULL, NULL, NULL),
	('def', 'selector', 'Index 3', 'def', 'selector', 'evento_usuario', 'funcao', 3, NULL, NULL, NULL, NULL),
	('def', 'selector', 'FK_evento_usuario_eventos', 'def', 'selector', 'evento_usuario', 'evt_id', 1, 1, 'selector', 'eventos', 'id'),
	('def', 'selector', 'FK_evento_usuario_usuarios', 'def', 'selector', 'evento_usuario', 'usr_id', 1, 1, 'selector', 'usuarios', 'id'),
	('def', 'selector', 'PRIMARY', 'def', 'selector', 'eventos', 'id', 1, NULL, NULL, NULL, NULL),
	('def', 'selector', 'PRIMARY', 'def', 'selector', 'links', 'id', 1, NULL, NULL, NULL, NULL),
	('def', 'selector', 'FK_links_usuarios', 'def', 'selector', 'links', 'usr_id', 1, 1, 'selector', 'usuarios', 'id'),
	('def', 'selector', 'PRIMARY', 'def', 'selector', 'notas', 'evt_id', 1, NULL, NULL, NULL, NULL),
	('def', 'selector', 'PRIMARY', 'def', 'selector', 'notas', 'avl_id', 2, NULL, NULL, NULL, NULL),
	('def', 'selector', 'PRIMARY', 'def', 'selector', 'notas', 'cdt_id', 3, NULL, NULL, NULL, NULL),
	('def', 'selector', 'PRIMARY', 'def', 'selector', 'notas', 'qst_id', 4, NULL, NULL, NULL, NULL),
	('def', 'selector', 'FK_notas_evento-quesito', 'def', 'selector', 'notas', 'evt_id', 1, 1, 'selector', 'evento_quesito', 'evt_id'),
	('def', 'selector', 'FK_notas_evento-quesito', 'def', 'selector', 'notas', 'qst_id', 2, 2, 'selector', 'evento_quesito', 'qst_id'),
	('def', 'selector', 'PRIMARY', 'def', 'selector', 'quesitos', 'id', 1, NULL, NULL, NULL, NULL),
	('def', 'selector', 'Index 2', 'def', 'selector', 'quesitos', 'descricao', 1, NULL, NULL, NULL, NULL),
	('def', 'selector', 'PRIMARY', 'def', 'selector', 'resultados', 'evt_id', 1, NULL, NULL, NULL, NULL),
	('def', 'selector', 'PRIMARY', 'def', 'selector', 'resultados', 'qst_id', 2, NULL, NULL, NULL, NULL),
	('def', 'selector', 'PRIMARY', 'def', 'selector', 'resultados', 'cdt_id', 3, NULL, NULL, NULL, NULL),
	('def', 'selector', 'FK_resultados_evento-quesito', 'def', 'selector', 'resultados', 'evt_id', 1, 1, 'selector', 'evento_quesito', 'evt_id'),
	('def', 'selector', 'FK_resultados_evento-quesito', 'def', 'selector', 'resultados', 'qst_id', 2, 2, 'selector', 'evento_quesito', 'qst_id'),
	('def', 'selector', 'PRIMARY', 'def', 'selector', 'sessions', 'session_id', 1, NULL, NULL, NULL, NULL),
	('def', 'selector', 'PRIMARY', 'def', 'selector', 'usuarios', 'id', 1, NULL, NULL, NULL, NULL),
	('def', 'selector', 'u_email', 'def', 'selector', 'usuarios', 'email', 1, NULL, NULL, NULL, NULL);
/*!40000 ALTER TABLE `KEY_COLUMN_USAGE` ENABLE KEYS */;

-- Copiando estrutura para tabela information_schema.OPTIMIZER_TRACE
CREATE TEMPORARY TABLE IF NOT EXISTS `OPTIMIZER_TRACE` (
  `QUERY` longtext NOT NULL,
  `TRACE` longtext NOT NULL,
  `MISSING_BYTES_BEYOND_MAX_MEM_SIZE` int(20) NOT NULL DEFAULT '0',
  `INSUFFICIENT_PRIVILEGES` tinyint(1) NOT NULL DEFAULT '0'
) ENGINE=MyISAM DEFAULT CHARSET=utf8;

-- Copiando dados para a tabela information_schema.OPTIMIZER_TRACE: -1 rows
/*!40000 ALTER TABLE `OPTIMIZER_TRACE` DISABLE KEYS */;
/*!40000 ALTER TABLE `OPTIMIZER_TRACE` ENABLE KEYS */;

-- Copiando estrutura para tabela information_schema.PARAMETERS
CREATE TEMPORARY TABLE IF NOT EXISTS `PARAMETERS` (
  `SPECIFIC_CATALOG` varchar(512) NOT NULL DEFAULT '',
  `SPECIFIC_SCHEMA` varchar(64) NOT NULL DEFAULT '',
  `SPECIFIC_NAME` varchar(64) NOT NULL DEFAULT '',
  `ORDINAL_POSITION` int(21) NOT NULL DEFAULT '0',
  `PARAMETER_MODE` varchar(5) DEFAULT NULL,
  `PARAMETER_NAME` varchar(64) DEFAULT NULL,
  `DATA_TYPE` varchar(64) NOT NULL DEFAULT '',
  `CHARACTER_MAXIMUM_LENGTH` int(21) DEFAULT NULL,
  `CHARACTER_OCTET_LENGTH` int(21) DEFAULT NULL,
  `NUMERIC_PRECISION` bigint(21) unsigned DEFAULT NULL,
  `NUMERIC_SCALE` int(21) DEFAULT NULL,
  `DATETIME_PRECISION` bigint(21) unsigned DEFAULT NULL,
  `CHARACTER_SET_NAME` varchar(64) DEFAULT NULL,
  `COLLATION_NAME` varchar(64) DEFAULT NULL,
  `DTD_IDENTIFIER` longtext NOT NULL,
  `ROUTINE_TYPE` varchar(9) NOT NULL DEFAULT ''
) ENGINE=MyISAM DEFAULT CHARSET=utf8;

-- Copiando dados para a tabela information_schema.PARAMETERS: -1 rows
/*!40000 ALTER TABLE `PARAMETERS` DISABLE KEYS */;
/*!40000 ALTER TABLE `PARAMETERS` ENABLE KEYS */;

-- Copiando estrutura para tabela information_schema.PARTITIONS
CREATE TEMPORARY TABLE IF NOT EXISTS `PARTITIONS` (
  `TABLE_CATALOG` varchar(512) NOT NULL DEFAULT '',
  `TABLE_SCHEMA` varchar(64) NOT NULL DEFAULT '',
  `TABLE_NAME` varchar(64) NOT NULL DEFAULT '',
  `PARTITION_NAME` varchar(64) DEFAULT NULL,
  `SUBPARTITION_NAME` varchar(64) DEFAULT NULL,
  `PARTITION_ORDINAL_POSITION` bigint(21) unsigned DEFAULT NULL,
  `SUBPARTITION_ORDINAL_POSITION` bigint(21) unsigned DEFAULT NULL,
  `PARTITION_METHOD` varchar(18) DEFAULT NULL,
  `SUBPARTITION_METHOD` varchar(12) DEFAULT NULL,
  `PARTITION_EXPRESSION` longtext,
  `SUBPARTITION_EXPRESSION` longtext,
  `PARTITION_DESCRIPTION` longtext,
  `TABLE_ROWS` bigint(21) unsigned NOT NULL DEFAULT '0',
  `AVG_ROW_LENGTH` bigint(21) unsigned NOT NULL DEFAULT '0',
  `DATA_LENGTH` bigint(21) unsigned NOT NULL DEFAULT '0',
  `MAX_DATA_LENGTH` bigint(21) unsigned DEFAULT NULL,
  `INDEX_LENGTH` bigint(21) unsigned NOT NULL DEFAULT '0',
  `DATA_FREE` bigint(21) unsigned NOT NULL DEFAULT '0',
  `CREATE_TIME` datetime DEFAULT NULL,
  `UPDATE_TIME` datetime DEFAULT NULL,
  `CHECK_TIME` datetime DEFAULT NULL,
  `CHECKSUM` bigint(21) unsigned DEFAULT NULL,
  `PARTITION_COMMENT` varchar(80) NOT NULL DEFAULT '',
  `NODEGROUP` varchar(12) NOT NULL DEFAULT '',
  `TABLESPACE_NAME` varchar(64) DEFAULT NULL
) ENGINE=MyISAM DEFAULT CHARSET=utf8;

-- Copiando dados para a tabela information_schema.PARTITIONS: -1 rows
/*!40000 ALTER TABLE `PARTITIONS` DISABLE KEYS */;
INSERT INTO `PARTITIONS` (`TABLE_CATALOG`, `TABLE_SCHEMA`, `TABLE_NAME`, `PARTITION_NAME`, `SUBPARTITION_NAME`, `PARTITION_ORDINAL_POSITION`, `SUBPARTITION_ORDINAL_POSITION`, `PARTITION_METHOD`, `SUBPARTITION_METHOD`, `PARTITION_EXPRESSION`, `SUBPARTITION_EXPRESSION`, `PARTITION_DESCRIPTION`, `TABLE_ROWS`, `AVG_ROW_LENGTH`, `DATA_LENGTH`, `MAX_DATA_LENGTH`, `INDEX_LENGTH`, `DATA_FREE`, `CREATE_TIME`, `UPDATE_TIME`, `CHECK_TIME`, `CHECKSUM`, `PARTITION_COMMENT`, `NODEGROUP`, `TABLESPACE_NAME`) VALUES
	('def', 'information_schema', 'CHARACTER_SETS', NULL, NULL, NULL, NULL, NULL, NULL, NULL, NULL, NULL, 0, 384, 0, 65739264, 0, 0, '2020-05-22 19:53:41', NULL, NULL, NULL, '', '', NULL),
	('def', 'information_schema', 'COLLATIONS', NULL, NULL, NULL, NULL, NULL, NULL, NULL, NULL, NULL, 0, 231, 0, 66819522, 0, 0, '2020-05-22 19:53:41', NULL, NULL, NULL, '', '', NULL),
	('def', 'information_schema', 'COLLATION_CHARACTER_SET_APPLICABILITY', NULL, NULL, NULL, NULL, NULL, NULL, NULL, NULL, NULL, 0, 195, 0, 65431080, 0, 0, '2020-05-22 19:53:41', NULL, NULL, NULL, '', '', NULL),
	('def', 'information_schema', 'COLUMNS', NULL, NULL, NULL, NULL, NULL, NULL, NULL, NULL, NULL, 0, 0, 0, 281474976710655, 1024, 0, '2020-05-22 19:53:41', '2020-05-22 19:53:41', NULL, NULL, '', '', NULL),
	('def', 'information_schema', 'COLUMN_PRIVILEGES', NULL, NULL, NULL, NULL, NULL, NULL, NULL, NULL, NULL, 0, 2565, 0, 67028580, 0, 0, '2020-05-22 19:53:41', NULL, NULL, NULL, '', '', NULL),
	('def', 'information_schema', 'ENGINES', NULL, NULL, NULL, NULL, NULL, NULL, NULL, NULL, NULL, 0, 490, 0, 66297000, 0, 0, '2020-05-22 19:53:41', NULL, NULL, NULL, '', '', NULL),
	('def', 'information_schema', 'EVENTS', NULL, NULL, NULL, NULL, NULL, NULL, NULL, NULL, NULL, 0, 0, 0, 281474976710655, 1024, 0, '2020-05-22 19:53:41', '2020-05-22 19:53:41', NULL, NULL, '', '', NULL),
	('def', 'information_schema', 'FILES', NULL, NULL, NULL, NULL, NULL, NULL, NULL, NULL, NULL, 0, 2659, 0, 66982869, 0, 0, '2020-05-22 19:53:41', NULL, NULL, NULL, '', '', NULL),
	('def', 'information_schema', 'GLOBAL_STATUS', NULL, NULL, NULL, NULL, NULL, NULL, NULL, NULL, NULL, 0, 3268, 0, 67026680, 0, 0, '2020-05-22 19:53:41', NULL, NULL, NULL, '', '', NULL),
	('def', 'information_schema', 'GLOBAL_VARIABLES', NULL, NULL, NULL, NULL, NULL, NULL, NULL, NULL, NULL, 0, 3268, 0, 67026680, 0, 0, '2020-05-22 19:53:41', NULL, NULL, NULL, '', '', NULL),
	('def', 'information_schema', 'KEY_COLUMN_USAGE', NULL, NULL, NULL, NULL, NULL, NULL, NULL, NULL, NULL, 0, 4637, 0, 67064931, 0, 0, '2020-05-22 19:53:41', NULL, NULL, NULL, '', '', NULL),
	('def', 'information_schema', 'OPTIMIZER_TRACE', NULL, NULL, NULL, NULL, NULL, NULL, NULL, NULL, NULL, 0, 0, 0, 281474976710655, 1024, 0, '2020-05-22 19:53:41', '2020-05-22 19:53:41', NULL, NULL, '', '', NULL),
	('def', 'information_schema', 'PARAMETERS', NULL, NULL, NULL, NULL, NULL, NULL, NULL, NULL, NULL, 0, 0, 0, 281474976710655, 1024, 0, '2020-05-22 19:53:41', '2020-05-22 19:53:41', NULL, NULL, '', '', NULL),
	('def', 'information_schema', 'PARTITIONS', NULL, NULL, NULL, NULL, NULL, NULL, NULL, NULL, NULL, 0, 0, 0, 281474976710655, 1024, 0, '2020-05-22 19:53:41', '2020-05-22 19:53:41', NULL, NULL, '', '', NULL),
	('def', 'information_schema', 'PLUGINS', NULL, NULL, NULL, NULL, NULL, NULL, NULL, NULL, NULL, 0, 0, 0, 281474976710655, 1024, 0, '2020-05-22 19:53:41', '2020-05-22 19:53:41', NULL, NULL, '', '', NULL),
	('def', 'information_schema', 'PROCESSLIST', NULL, NULL, NULL, NULL, NULL, NULL, NULL, NULL, NULL, 0, 0, 0, 281474976710655, 1024, 0, '2020-05-22 19:53:41', '2020-05-22 19:53:41', NULL, NULL, '', '', NULL),
	('def', 'information_schema', 'PROFILING', NULL, NULL, NULL, NULL, NULL, NULL, NULL, NULL, NULL, 0, 308, 0, 66248336, 0, 0, '2020-05-22 19:53:41', NULL, NULL, NULL, '', '', NULL),
	('def', 'information_schema', 'REFERENTIAL_CONSTRAINTS', NULL, NULL, NULL, NULL, NULL, NULL, NULL, NULL, NULL, 0, 4814, 0, 67078276, 0, 0, '2020-05-22 19:53:41', NULL, NULL, NULL, '', '', NULL),
	('def', 'information_schema', 'ROUTINES', NULL, NULL, NULL, NULL, NULL, NULL, NULL, NULL, NULL, 0, 0, 0, 281474976710655, 1024, 0, '2020-05-22 19:53:41', '2020-05-22 19:53:41', NULL, NULL, '', '', NULL),
	('def', 'information_schema', 'SCHEMATA', NULL, NULL, NULL, NULL, NULL, NULL, NULL, NULL, NULL, 0, 3464, 0, 66952192, 0, 0, '2020-05-22 19:53:41', NULL, NULL, NULL, '', '', NULL),
	('def', 'information_schema', 'SCHEMA_PRIVILEGES', NULL, NULL, NULL, NULL, NULL, NULL, NULL, NULL, NULL, 0, 2179, 0, 66954133, 0, 0, '2020-05-22 19:53:41', NULL, NULL, NULL, '', '', NULL),
	('def', 'information_schema', 'SESSION_STATUS', NULL, NULL, NULL, NULL, NULL, NULL, NULL, NULL, NULL, 0, 3268, 0, 67026680, 0, 0, '2020-05-22 19:53:41', NULL, NULL, NULL, '', '', NULL),
	('def', 'information_schema', 'SESSION_VARIABLES', NULL, NULL, NULL, NULL, NULL, NULL, NULL, NULL, NULL, 0, 3268, 0, 67026680, 0, 0, '2020-05-22 19:53:41', NULL, NULL, NULL, '', '', NULL),
	('def', 'information_schema', 'STATISTICS', NULL, NULL, NULL, NULL, NULL, NULL, NULL, NULL, NULL, 0, 5753, 0, 67022450, 0, 0, '2020-05-22 19:53:41', NULL, NULL, NULL, '', '', NULL),
	('def', 'information_schema', 'TABLES', NULL, NULL, NULL, NULL, NULL, NULL, NULL, NULL, NULL, 0, 9441, 0, 67049982, 0, 0, '2020-05-22 19:53:41', NULL, NULL, NULL, '', '', NULL),
	('def', 'information_schema', 'TABLESPACES', NULL, NULL, NULL, NULL, NULL, NULL, NULL, NULL, NULL, 0, 6951, 0, 67098003, 0, 0, '2020-05-22 19:53:41', NULL, NULL, NULL, '', '', NULL),
	('def', 'information_schema', 'TABLE_CONSTRAINTS', NULL, NULL, NULL, NULL, NULL, NULL, NULL, NULL, NULL, 0, 2504, 0, 66894360, 0, 0, '2020-05-22 19:53:41', NULL, NULL, NULL, '', '', NULL),
	('def', 'information_schema', 'TABLE_PRIVILEGES', NULL, NULL, NULL, NULL, NULL, NULL, NULL, NULL, NULL, 0, 2372, 0, 66994768, 0, 0, '2020-05-22 19:53:41', NULL, NULL, NULL, '', '', NULL),
	('def', 'information_schema', 'TRIGGERS', NULL, NULL, NULL, NULL, NULL, NULL, NULL, NULL, NULL, 0, 0, 0, 281474976710655, 1024, 0, '2020-05-22 19:53:41', '2020-05-22 19:53:41', NULL, NULL, '', '', NULL),
	('def', 'information_schema', 'USER_PRIVILEGES', NULL, NULL, NULL, NULL, NULL, NULL, NULL, NULL, NULL, 0, 1986, 0, 66906354, 0, 0, '2020-05-22 19:53:41', NULL, NULL, NULL, '', '', NULL),
	('def', 'information_schema', 'VIEWS', NULL, NULL, NULL, NULL, NULL, NULL, NULL, NULL, NULL, 0, 0, 0, 281474976710655, 1024, 0, '2020-05-22 19:53:41', '2020-05-22 19:53:41', NULL, NULL, '', '', NULL),
	('def', 'information_schema', 'INNODB_LOCKS', NULL, NULL, NULL, NULL, NULL, NULL, NULL, NULL, NULL, 0, 31244, 0, 67080868, 0, 0, '2020-05-22 19:53:41', NULL, NULL, NULL, '', '', NULL),
	('def', 'information_schema', 'INNODB_TRX', NULL, NULL, NULL, NULL, NULL, NULL, NULL, NULL, NULL, 0, 4536, 0, 66987648, 0, 0, '2020-05-22 19:53:41', NULL, NULL, NULL, '', '', NULL),
	('def', 'information_schema', 'INNODB_SYS_DATAFILES', NULL, NULL, NULL, NULL, NULL, NULL, NULL, NULL, NULL, 0, 12007, 0, 67095116, 0, 0, '2020-05-22 19:53:41', NULL, NULL, NULL, '', '', NULL),
	('def', 'information_schema', 'INNODB_LOCK_WAITS', NULL, NULL, NULL, NULL, NULL, NULL, NULL, NULL, NULL, 0, 599, 0, 66996952, 0, 0, '2020-05-22 19:53:41', NULL, NULL, NULL, '', '', NULL),
	('def', 'information_schema', 'INNODB_SYS_TABLESTATS', NULL, NULL, NULL, NULL, NULL, NULL, NULL, NULL, NULL, 0, 1215, 0, 67053420, 0, 0, '2020-05-22 19:53:41', NULL, NULL, NULL, '', '', NULL),
	('def', 'information_schema', 'INNODB_CMP', NULL, NULL, NULL, NULL, NULL, NULL, NULL, NULL, NULL, 0, 25, 0, 52428800, 0, 0, '2020-05-22 19:53:41', NULL, NULL, NULL, '', '', NULL),
	('def', 'information_schema', 'INNODB_METRICS', NULL, NULL, NULL, NULL, NULL, NULL, NULL, NULL, NULL, 0, 2994, 0, 66972786, 0, 0, '2020-05-22 19:53:41', NULL, NULL, NULL, '', '', NULL),
	('def', 'information_schema', 'INNODB_CMP_RESET', NULL, NULL, NULL, NULL, NULL, NULL, NULL, NULL, NULL, 0, 25, 0, 52428800, 0, 0, '2020-05-22 19:53:41', NULL, NULL, NULL, '', '', NULL),
	('def', 'information_schema', 'INNODB_CMP_PER_INDEX', NULL, NULL, NULL, NULL, NULL, NULL, NULL, NULL, NULL, 0, 1755, 0, 66918150, 0, 0, '2020-05-22 19:53:41', NULL, NULL, NULL, '', '', NULL),
	('def', 'information_schema', 'INNODB_CMPMEM_RESET', NULL, NULL, NULL, NULL, NULL, NULL, NULL, NULL, NULL, 0, 29, 0, 60817408, 0, 0, '2020-05-22 19:53:41', NULL, NULL, NULL, '', '', NULL),
	('def', 'information_schema', 'INNODB_FT_DELETED', NULL, NULL, NULL, NULL, NULL, NULL, NULL, NULL, NULL, 0, 9, 0, 37748736, 0, 0, '2020-05-22 19:53:41', NULL, NULL, NULL, '', '', NULL),
	('def', 'information_schema', 'INNODB_BUFFER_PAGE_LRU', NULL, NULL, NULL, NULL, NULL, NULL, NULL, NULL, NULL, 0, 6669, 0, 67076802, 0, 0, '2020-05-22 19:53:41', NULL, NULL, NULL, '', '', NULL),
	('def', 'information_schema', 'INNODB_SYS_FOREIGN', NULL, NULL, NULL, NULL, NULL, NULL, NULL, NULL, NULL, 0, 1752, 0, 66803760, 0, 0, '2020-05-22 19:53:41', NULL, NULL, NULL, '', '', NULL),
	('def', 'information_schema', 'INNODB_SYS_COLUMNS', NULL, NULL, NULL, NULL, NULL, NULL, NULL, NULL, NULL, 0, 610, 0, 66454620, 0, 0, '2020-05-22 19:53:41', NULL, NULL, NULL, '', '', NULL),
	('def', 'information_schema', 'INNODB_SYS_INDEXES', NULL, NULL, NULL, NULL, NULL, NULL, NULL, NULL, NULL, 0, 614, 0, 66890388, 0, 0, '2020-05-22 19:53:41', NULL, NULL, NULL, '', '', NULL),
	('def', 'information_schema', 'INNODB_FT_DEFAULT_STOPWORD', NULL, NULL, NULL, NULL, NULL, NULL, NULL, NULL, NULL, 0, 56, 0, 58720256, 0, 0, '2020-05-22 19:53:41', NULL, NULL, NULL, '', '', NULL),
	('def', 'information_schema', 'INNODB_SYS_FIELDS', NULL, NULL, NULL, NULL, NULL, NULL, NULL, NULL, NULL, 0, 594, 0, 66437712, 0, 0, '2020-05-22 19:53:41', NULL, NULL, NULL, '', '', NULL),
	('def', 'information_schema', 'INNODB_CMP_PER_INDEX_RESET', NULL, NULL, NULL, NULL, NULL, NULL, NULL, NULL, NULL, 0, 1755, 0, 66918150, 0, 0, '2020-05-22 19:53:41', NULL, NULL, NULL, '', '', NULL),
	('def', 'information_schema', 'INNODB_BUFFER_PAGE', NULL, NULL, NULL, NULL, NULL, NULL, NULL, NULL, NULL, 0, 6852, 0, 67067376, 0, 0, '2020-05-22 19:53:41', NULL, NULL, NULL, '', '', NULL),
	('def', 'information_schema', 'INNODB_CMPMEM', NULL, NULL, NULL, NULL, NULL, NULL, NULL, NULL, NULL, 0, 29, 0, 60817408, 0, 0, '2020-05-22 19:53:41', NULL, NULL, NULL, '', '', NULL),
	('def', 'information_schema', 'INNODB_FT_INDEX_TABLE', NULL, NULL, NULL, NULL, NULL, NULL, NULL, NULL, NULL, 0, 1054, 0, 66981700, 0, 0, '2020-05-22 19:53:41', NULL, NULL, NULL, '', '', NULL),
	('def', 'information_schema', 'INNODB_FT_BEING_DELETED', NULL, NULL, NULL, NULL, NULL, NULL, NULL, NULL, NULL, 0, 9, 0, 37748736, 0, 0, '2020-05-22 19:53:41', NULL, NULL, NULL, '', '', NULL),
	('def', 'information_schema', 'INNODB_SYS_TABLESPACES', NULL, NULL, NULL, NULL, NULL, NULL, NULL, NULL, NULL, 0, 2082, 0, 66915480, 0, 0, '2020-05-22 19:53:41', NULL, NULL, NULL, '', '', NULL),
	('def', 'information_schema', 'INNODB_FT_INDEX_CACHE', NULL, NULL, NULL, NULL, NULL, NULL, NULL, NULL, NULL, 0, 1054, 0, 66981700, 0, 0, '2020-05-22 19:53:41', NULL, NULL, NULL, '', '', NULL),
	('def', 'information_schema', 'INNODB_SYS_FOREIGN_COLS', NULL, NULL, NULL, NULL, NULL, NULL, NULL, NULL, NULL, 0, 1748, 0, 66955392, 0, 0, '2020-05-22 19:53:41', NULL, NULL, NULL, '', '', NULL),
	('def', 'information_schema', 'INNODB_SYS_TABLES', NULL, NULL, NULL, NULL, NULL, NULL, NULL, NULL, NULL, 0, 2060, 0, 66976780, 0, 0, '2020-05-22 19:53:41', NULL, NULL, NULL, '', '', NULL),
	('def', 'information_schema', 'INNODB_BUFFER_POOL_STATS', NULL, NULL, NULL, NULL, NULL, NULL, NULL, NULL, NULL, 0, 257, 0, 65329400, 0, 0, '2020-05-22 19:53:41', NULL, NULL, NULL, '', '', NULL),
	('def', 'information_schema', 'INNODB_FT_CONFIG', NULL, NULL, NULL, NULL, NULL, NULL, NULL, NULL, NULL, 0, 1163, 0, 66821328, 0, 0, '2020-05-22 19:53:41', NULL, NULL, NULL, '', '', NULL),
	('def', 'selector', 'evento_quesito', NULL, NULL, NULL, NULL, NULL, NULL, NULL, NULL, NULL, 3, 5461, 16384, NULL, 16384, 0, '2020-05-19 19:25:17', NULL, NULL, NULL, '', '', NULL),
	('def', 'selector', 'evento_usuario', NULL, NULL, NULL, NULL, NULL, NULL, NULL, NULL, NULL, 27, 606, 16384, NULL, 16384, 0, '2020-05-19 19:23:42', NULL, NULL, NULL, '', '', NULL),
	('def', 'selector', 'eventos', NULL, NULL, NULL, NULL, NULL, NULL, NULL, NULL, NULL, 5, 3276, 16384, NULL, 0, 0, '2020-05-19 23:33:59', NULL, NULL, NULL, '', '', NULL),
	('def', 'selector', 'links', NULL, NULL, NULL, NULL, NULL, NULL, NULL, NULL, NULL, 13, 1260, 16384, NULL, 16384, 0, '2020-05-16 21:06:34', NULL, NULL, NULL, '', '', NULL),
	('def', 'selector', 'notas', NULL, NULL, NULL, NULL, NULL, NULL, NULL, NULL, NULL, 3, 5461, 16384, NULL, 16384, 0, '2020-05-16 21:06:34', NULL, NULL, NULL, '', '', NULL),
	('def', 'selector', 'quesitos', NULL, NULL, NULL, NULL, NULL, NULL, NULL, NULL, NULL, 3, 5461, 16384, NULL, 16384, 0, '2020-05-16 21:06:34', NULL, NULL, NULL, '', '', NULL),
	('def', 'selector', 'resultados', NULL, NULL, NULL, NULL, NULL, NULL, NULL, NULL, NULL, 3, 5461, 16384, NULL, 0, 0, '2020-05-16 21:06:35', NULL, NULL, NULL, '', '', NULL),
	('def', 'selector', 'sessions', NULL, NULL, NULL, NULL, NULL, NULL, NULL, NULL, NULL, 110, 148, 16384, NULL, 0, 0, '2020-05-16 21:06:35', NULL, NULL, NULL, '', '', NULL),
	('def', 'selector', 'usuarios', NULL, NULL, NULL, NULL, NULL, NULL, NULL, NULL, NULL, 35, 468, 16384, NULL, 16384, 0, '2020-05-17 21:28:30', NULL, NULL, NULL, '', '', NULL);
/*!40000 ALTER TABLE `PARTITIONS` ENABLE KEYS */;

-- Copiando estrutura para tabela information_schema.PLUGINS
CREATE TEMPORARY TABLE IF NOT EXISTS `PLUGINS` (
  `PLUGIN_NAME` varchar(64) NOT NULL DEFAULT '',
  `PLUGIN_VERSION` varchar(20) NOT NULL DEFAULT '',
  `PLUGIN_STATUS` varchar(10) NOT NULL DEFAULT '',
  `PLUGIN_TYPE` varchar(80) NOT NULL DEFAULT '',
  `PLUGIN_TYPE_VERSION` varchar(20) NOT NULL DEFAULT '',
  `PLUGIN_LIBRARY` varchar(64) DEFAULT NULL,
  `PLUGIN_LIBRARY_VERSION` varchar(20) DEFAULT NULL,
  `PLUGIN_AUTHOR` varchar(64) DEFAULT NULL,
  `PLUGIN_DESCRIPTION` longtext,
  `PLUGIN_LICENSE` varchar(80) DEFAULT NULL,
  `LOAD_OPTION` varchar(64) NOT NULL DEFAULT ''
) ENGINE=MyISAM DEFAULT CHARSET=utf8;

-- Copiando dados para a tabela information_schema.PLUGINS: -1 rows
/*!40000 ALTER TABLE `PLUGINS` DISABLE KEYS */;
INSERT INTO `PLUGINS` (`PLUGIN_NAME`, `PLUGIN_VERSION`, `PLUGIN_STATUS`, `PLUGIN_TYPE`, `PLUGIN_TYPE_VERSION`, `PLUGIN_LIBRARY`, `PLUGIN_LIBRARY_VERSION`, `PLUGIN_AUTHOR`, `PLUGIN_DESCRIPTION`, `PLUGIN_LICENSE`, `LOAD_OPTION`) VALUES
	('binlog', '1.0', 'ACTIVE', 'STORAGE ENGINE', '50640.0', NULL, NULL, 'MySQL AB', 'This is a pseudo storage engine to represent the binlog in a transaction', 'GPL', 'FORCE'),
	('mysql_native_password', '1.0', 'ACTIVE', 'AUTHENTICATION', '1.0', NULL, NULL, 'R.J.Silk, Sergei Golubchik', 'Native MySQL authentication', 'GPL', 'FORCE'),
	('mysql_old_password', '1.0', 'ACTIVE', 'AUTHENTICATION', '1.0', NULL, NULL, 'R.J.Silk, Sergei Golubchik', 'Old MySQL-4.0 authentication', 'GPL', 'FORCE'),
	('sha256_password', '1.0', 'ACTIVE', 'AUTHENTICATION', '1.0', NULL, NULL, 'Oracle', 'SHA256 password authentication', 'GPL', 'FORCE'),
	('CSV', '1.0', 'ACTIVE', 'STORAGE ENGINE', '50640.0', NULL, NULL, 'Brian Aker, MySQL AB', 'CSV storage engine', 'GPL', 'FORCE'),
	('MEMORY', '1.0', 'ACTIVE', 'STORAGE ENGINE', '50640.0', NULL, NULL, 'MySQL AB', 'Hash based, stored in memory, useful for temporary tables', 'GPL', 'FORCE'),
	('MyISAM', '1.0', 'ACTIVE', 'STORAGE ENGINE', '50640.0', NULL, NULL, 'MySQL AB', 'MyISAM storage engine', 'GPL', 'FORCE'),
	('MRG_MYISAM', '1.0', 'ACTIVE', 'STORAGE ENGINE', '50640.0', NULL, NULL, 'MySQL AB', 'Collection of identical MyISAM tables', 'GPL', 'FORCE'),
	('ARCHIVE', '3.0', 'ACTIVE', 'STORAGE ENGINE', '50640.0', NULL, NULL, 'Brian Aker, MySQL AB', 'Archive storage engine', 'GPL', 'ON'),
	('BLACKHOLE', '1.0', 'ACTIVE', 'STORAGE ENGINE', '50640.0', NULL, NULL, 'MySQL AB', '/dev/null storage engine (anything you write to it disappears)', 'GPL', 'ON'),
	('FEDERATED', '1.0', 'DISABLED', 'STORAGE ENGINE', '50640.0', NULL, NULL, 'Patrick Galbraith and Brian Aker, MySQL AB', 'Federated MySQL storage engine', 'GPL', 'OFF'),
	('InnoDB', '5.6', 'ACTIVE', 'STORAGE ENGINE', '50640.0', NULL, NULL, 'Oracle Corporation', 'Supports transactions, row-level locking, and foreign keys', 'GPL', 'ON'),
	('INNODB_TRX', '5.6', 'ACTIVE', 'INFORMATION SCHEMA', '50640.0', NULL, NULL, 'Oracle Corporation', 'InnoDB transactions', 'GPL', 'ON'),
	('INNODB_LOCKS', '5.6', 'ACTIVE', 'INFORMATION SCHEMA', '50640.0', NULL, NULL, 'Oracle Corporation', 'InnoDB conflicting locks', 'GPL', 'ON'),
	('INNODB_LOCK_WAITS', '5.6', 'ACTIVE', 'INFORMATION SCHEMA', '50640.0', NULL, NULL, 'Oracle Corporation', 'InnoDB which lock is blocking which', 'GPL', 'ON'),
	('INNODB_CMP', '5.6', 'ACTIVE', 'INFORMATION SCHEMA', '50640.0', NULL, NULL, 'Oracle Corporation', 'Statistics for the InnoDB compression', 'GPL', 'ON'),
	('INNODB_CMP_RESET', '5.6', 'ACTIVE', 'INFORMATION SCHEMA', '50640.0', NULL, NULL, 'Oracle Corporation', 'Statistics for the InnoDB compression; reset cumulated counts', 'GPL', 'ON'),
	('INNODB_CMPMEM', '5.6', 'ACTIVE', 'INFORMATION SCHEMA', '50640.0', NULL, NULL, 'Oracle Corporation', 'Statistics for the InnoDB compressed buffer pool', 'GPL', 'ON'),
	('INNODB_CMPMEM_RESET', '5.6', 'ACTIVE', 'INFORMATION SCHEMA', '50640.0', NULL, NULL, 'Oracle Corporation', 'Statistics for the InnoDB compressed buffer pool; reset cumulated counts', 'GPL', 'ON'),
	('INNODB_CMP_PER_INDEX', '5.6', 'ACTIVE', 'INFORMATION SCHEMA', '50640.0', NULL, NULL, 'Oracle Corporation', 'Statistics for the InnoDB compression (per index)', 'GPL', 'ON'),
	('INNODB_CMP_PER_INDEX_RESET', '5.6', 'ACTIVE', 'INFORMATION SCHEMA', '50640.0', NULL, NULL, 'Oracle Corporation', 'Statistics for the InnoDB compression (per index); reset cumulated counts', 'GPL', 'ON'),
	('INNODB_BUFFER_PAGE', '5.6', 'ACTIVE', 'INFORMATION SCHEMA', '50640.0', NULL, NULL, 'Oracle Corporation', 'InnoDB Buffer Page Information', 'GPL', 'ON'),
	('INNODB_BUFFER_PAGE_LRU', '5.6', 'ACTIVE', 'INFORMATION SCHEMA', '50640.0', NULL, NULL, 'Oracle Corporation', 'InnoDB Buffer Page in LRU', 'GPL', 'ON'),
	('INNODB_BUFFER_POOL_STATS', '5.6', 'ACTIVE', 'INFORMATION SCHEMA', '50640.0', NULL, NULL, 'Oracle Corporation', 'InnoDB Buffer Pool Statistics Information ', 'GPL', 'ON'),
	('INNODB_METRICS', '5.6', 'ACTIVE', 'INFORMATION SCHEMA', '50640.0', NULL, NULL, 'Oracle Corporation', 'InnoDB Metrics Info', 'GPL', 'ON'),
	('INNODB_FT_DEFAULT_STOPWORD', '5.6', 'ACTIVE', 'INFORMATION SCHEMA', '50640.0', NULL, NULL, 'Oracle Corporation', 'Default stopword list for InnDB Full Text Search', 'GPL', 'ON'),
	('INNODB_FT_DELETED', '5.6', 'ACTIVE', 'INFORMATION SCHEMA', '50640.0', NULL, NULL, 'Oracle Corporation', 'INNODB AUXILIARY FTS DELETED TABLE', 'GPL', 'ON'),
	('INNODB_FT_BEING_DELETED', '5.6', 'ACTIVE', 'INFORMATION SCHEMA', '50640.0', NULL, NULL, 'Oracle Corporation', 'INNODB AUXILIARY FTS BEING DELETED TABLE', 'GPL', 'ON'),
	('INNODB_FT_CONFIG', '5.6', 'ACTIVE', 'INFORMATION SCHEMA', '50640.0', NULL, NULL, 'Oracle Corporation', 'INNODB AUXILIARY FTS CONFIG TABLE', 'GPL', 'ON'),
	('INNODB_FT_INDEX_CACHE', '5.6', 'ACTIVE', 'INFORMATION SCHEMA', '50640.0', NULL, NULL, 'Oracle Corporation', 'INNODB AUXILIARY FTS INDEX CACHED', 'GPL', 'ON'),
	('INNODB_FT_INDEX_TABLE', '5.6', 'ACTIVE', 'INFORMATION SCHEMA', '50640.0', NULL, NULL, 'Oracle Corporation', 'INNODB AUXILIARY FTS INDEX TABLE', 'GPL', 'ON'),
	('INNODB_SYS_TABLES', '5.6', 'ACTIVE', 'INFORMATION SCHEMA', '50640.0', NULL, NULL, 'Oracle Corporation', 'InnoDB SYS_TABLES', 'GPL', 'ON'),
	('INNODB_SYS_TABLESTATS', '5.6', 'ACTIVE', 'INFORMATION SCHEMA', '50640.0', NULL, NULL, 'Oracle Corporation', 'InnoDB SYS_TABLESTATS', 'GPL', 'ON'),
	('INNODB_SYS_INDEXES', '5.6', 'ACTIVE', 'INFORMATION SCHEMA', '50640.0', NULL, NULL, 'Oracle Corporation', 'InnoDB SYS_INDEXES', 'GPL', 'ON'),
	('INNODB_SYS_COLUMNS', '5.6', 'ACTIVE', 'INFORMATION SCHEMA', '50640.0', NULL, NULL, 'Oracle Corporation', 'InnoDB SYS_COLUMNS', 'GPL', 'ON'),
	('INNODB_SYS_FIELDS', '5.6', 'ACTIVE', 'INFORMATION SCHEMA', '50640.0', NULL, NULL, 'Oracle Corporation', 'InnoDB SYS_FIELDS', 'GPL', 'ON'),
	('INNODB_SYS_FOREIGN', '5.6', 'ACTIVE', 'INFORMATION SCHEMA', '50640.0', NULL, NULL, 'Oracle Corporation', 'InnoDB SYS_FOREIGN', 'GPL', 'ON'),
	('INNODB_SYS_FOREIGN_COLS', '5.6', 'ACTIVE', 'INFORMATION SCHEMA', '50640.0', NULL, NULL, 'Oracle Corporation', 'InnoDB SYS_FOREIGN_COLS', 'GPL', 'ON'),
	('INNODB_SYS_TABLESPACES', '5.6', 'ACTIVE', 'INFORMATION SCHEMA', '50640.0', NULL, NULL, 'Oracle Corporation', 'InnoDB SYS_TABLESPACES', 'GPL', 'ON'),
	('INNODB_SYS_DATAFILES', '5.6', 'ACTIVE', 'INFORMATION SCHEMA', '50640.0', NULL, NULL, 'Oracle Corporation', 'InnoDB SYS_DATAFILES', 'GPL', 'ON'),
	('PERFORMANCE_SCHEMA', '0.1', 'ACTIVE', 'STORAGE ENGINE', '50640.0', NULL, NULL, 'Marc Alff, Oracle', 'Performance Schema', 'GPL', 'FORCE'),
	('partition', '1.0', 'ACTIVE', 'STORAGE ENGINE', '50640.0', NULL, NULL, 'Mikael Ronstrom, MySQL AB', 'Partition Storage Engine Helper', 'GPL', 'ON');
/*!40000 ALTER TABLE `PLUGINS` ENABLE KEYS */;

-- Copiando estrutura para tabela information_schema.PROCESSLIST
CREATE TEMPORARY TABLE IF NOT EXISTS `PROCESSLIST` (
  `ID` bigint(21) unsigned NOT NULL DEFAULT '0',
  `USER` varchar(16) NOT NULL DEFAULT '',
  `HOST` varchar(64) NOT NULL DEFAULT '',
  `DB` varchar(64) DEFAULT NULL,
  `COMMAND` varchar(16) NOT NULL DEFAULT '',
  `TIME` int(7) NOT NULL DEFAULT '0',
  `STATE` varchar(64) DEFAULT NULL,
  `INFO` longtext
) ENGINE=MyISAM DEFAULT CHARSET=utf8;

-- Copiando dados para a tabela information_schema.PROCESSLIST: -1 rows
/*!40000 ALTER TABLE `PROCESSLIST` DISABLE KEYS */;
INSERT INTO `PROCESSLIST` (`ID`, `USER`, `HOST`, `DB`, `COMMAND`, `TIME`, `STATE`, `INFO`) VALUES
	(10247633, 'selector_adm', '189.6.238.117:2418', 'selector', 'Query', 0, 'executing', 'SELECT * FROM `information_schema`.`PROCESSLIST` LIMIT 104857600'),
	(6690575, 'selector_adm', '177.55.111.15:45194', 'selector', 'Sleep', 113, '', NULL);
/*!40000 ALTER TABLE `PROCESSLIST` ENABLE KEYS */;

-- Copiando estrutura para tabela information_schema.PROFILING
CREATE TEMPORARY TABLE IF NOT EXISTS `PROFILING` (
  `QUERY_ID` int(20) NOT NULL DEFAULT '0',
  `SEQ` int(20) NOT NULL DEFAULT '0',
  `STATE` varchar(30) NOT NULL DEFAULT '',
  `DURATION` decimal(9,6) NOT NULL DEFAULT '0.000000',
  `CPU_USER` decimal(9,6) DEFAULT NULL,
  `CPU_SYSTEM` decimal(9,6) DEFAULT NULL,
  `CONTEXT_VOLUNTARY` int(20) DEFAULT NULL,
  `CONTEXT_INVOLUNTARY` int(20) DEFAULT NULL,
  `BLOCK_OPS_IN` int(20) DEFAULT NULL,
  `BLOCK_OPS_OUT` int(20) DEFAULT NULL,
  `MESSAGES_SENT` int(20) DEFAULT NULL,
  `MESSAGES_RECEIVED` int(20) DEFAULT NULL,
  `PAGE_FAULTS_MAJOR` int(20) DEFAULT NULL,
  `PAGE_FAULTS_MINOR` int(20) DEFAULT NULL,
  `SWAPS` int(20) DEFAULT NULL,
  `SOURCE_FUNCTION` varchar(30) DEFAULT NULL,
  `SOURCE_FILE` varchar(20) DEFAULT NULL,
  `SOURCE_LINE` int(20) DEFAULT NULL
) ENGINE=MEMORY DEFAULT CHARSET=utf8;

-- Copiando dados para a tabela information_schema.PROFILING: -1 rows
/*!40000 ALTER TABLE `PROFILING` DISABLE KEYS */;
/*!40000 ALTER TABLE `PROFILING` ENABLE KEYS */;

-- Copiando estrutura para tabela information_schema.REFERENTIAL_CONSTRAINTS
CREATE TEMPORARY TABLE IF NOT EXISTS `REFERENTIAL_CONSTRAINTS` (
  `CONSTRAINT_CATALOG` varchar(512) NOT NULL DEFAULT '',
  `CONSTRAINT_SCHEMA` varchar(64) NOT NULL DEFAULT '',
  `CONSTRAINT_NAME` varchar(64) NOT NULL DEFAULT '',
  `UNIQUE_CONSTRAINT_CATALOG` varchar(512) NOT NULL DEFAULT '',
  `UNIQUE_CONSTRAINT_SCHEMA` varchar(64) NOT NULL DEFAULT '',
  `UNIQUE_CONSTRAINT_NAME` varchar(64) DEFAULT NULL,
  `MATCH_OPTION` varchar(64) NOT NULL DEFAULT '',
  `UPDATE_RULE` varchar(64) NOT NULL DEFAULT '',
  `DELETE_RULE` varchar(64) NOT NULL DEFAULT '',
  `TABLE_NAME` varchar(64) NOT NULL DEFAULT '',
  `REFERENCED_TABLE_NAME` varchar(64) NOT NULL DEFAULT ''
) ENGINE=MEMORY DEFAULT CHARSET=utf8;

-- Copiando dados para a tabela information_schema.REFERENTIAL_CONSTRAINTS: -1 rows
/*!40000 ALTER TABLE `REFERENTIAL_CONSTRAINTS` DISABLE KEYS */;
INSERT INTO `REFERENTIAL_CONSTRAINTS` (`CONSTRAINT_CATALOG`, `CONSTRAINT_SCHEMA`, `CONSTRAINT_NAME`, `UNIQUE_CONSTRAINT_CATALOG`, `UNIQUE_CONSTRAINT_SCHEMA`, `UNIQUE_CONSTRAINT_NAME`, `MATCH_OPTION`, `UPDATE_RULE`, `DELETE_RULE`, `TABLE_NAME`, `REFERENCED_TABLE_NAME`) VALUES
	('def', 'selector', 'FK_evento_quesito_eventos', 'def', 'selector', 'PRIMARY', 'NONE', 'RESTRICT', 'RESTRICT', 'evento_quesito', 'eventos'),
	('def', 'selector', 'FK_evento_quesito_quesitos', 'def', 'selector', 'PRIMARY', 'NONE', 'RESTRICT', 'RESTRICT', 'evento_quesito', 'quesitos'),
	('def', 'selector', 'FK_evento_usuario_eventos', 'def', 'selector', 'PRIMARY', 'NONE', 'RESTRICT', 'RESTRICT', 'evento_usuario', 'eventos'),
	('def', 'selector', 'FK_evento_usuario_usuarios', 'def', 'selector', 'PRIMARY', 'NONE', 'RESTRICT', 'RESTRICT', 'evento_usuario', 'usuarios'),
	('def', 'selector', 'FK_links_usuarios', 'def', 'selector', 'PRIMARY', 'NONE', 'RESTRICT', 'RESTRICT', 'links', 'usuarios'),
	('def', 'selector', 'FK_notas_evento-quesito', 'def', 'selector', 'FK_evento_quesito_eventos', 'NONE', 'RESTRICT', 'RESTRICT', 'notas', 'evento_quesito'),
	('def', 'selector', 'FK_resultados_evento-quesito', 'def', 'selector', 'FK_evento_quesito_eventos', 'NONE', 'RESTRICT', 'RESTRICT', 'resultados', 'evento_quesito');
/*!40000 ALTER TABLE `REFERENTIAL_CONSTRAINTS` ENABLE KEYS */;

-- Copiando estrutura para tabela information_schema.ROUTINES
CREATE TEMPORARY TABLE IF NOT EXISTS `ROUTINES` (
  `SPECIFIC_NAME` varchar(64) NOT NULL DEFAULT '',
  `ROUTINE_CATALOG` varchar(512) NOT NULL DEFAULT '',
  `ROUTINE_SCHEMA` varchar(64) NOT NULL DEFAULT '',
  `ROUTINE_NAME` varchar(64) NOT NULL DEFAULT '',
  `ROUTINE_TYPE` varchar(9) NOT NULL DEFAULT '',
  `DATA_TYPE` varchar(64) NOT NULL DEFAULT '',
  `CHARACTER_MAXIMUM_LENGTH` int(21) DEFAULT NULL,
  `CHARACTER_OCTET_LENGTH` int(21) DEFAULT NULL,
  `NUMERIC_PRECISION` bigint(21) unsigned DEFAULT NULL,
  `NUMERIC_SCALE` int(21) DEFAULT NULL,
  `DATETIME_PRECISION` bigint(21) unsigned DEFAULT NULL,
  `CHARACTER_SET_NAME` varchar(64) DEFAULT NULL,
  `COLLATION_NAME` varchar(64) DEFAULT NULL,
  `DTD_IDENTIFIER` longtext,
  `ROUTINE_BODY` varchar(8) NOT NULL DEFAULT '',
  `ROUTINE_DEFINITION` longtext,
  `EXTERNAL_NAME` varchar(64) DEFAULT NULL,
  `EXTERNAL_LANGUAGE` varchar(64) DEFAULT NULL,
  `PARAMETER_STYLE` varchar(8) NOT NULL DEFAULT '',
  `IS_DETERMINISTIC` varchar(3) NOT NULL DEFAULT '',
  `SQL_DATA_ACCESS` varchar(64) NOT NULL DEFAULT '',
  `SQL_PATH` varchar(64) DEFAULT NULL,
  `SECURITY_TYPE` varchar(7) NOT NULL DEFAULT '',
  `CREATED` datetime NOT NULL DEFAULT '0000-00-00 00:00:00',
  `LAST_ALTERED` datetime NOT NULL DEFAULT '0000-00-00 00:00:00',
  `SQL_MODE` varchar(8192) NOT NULL DEFAULT '',
  `ROUTINE_COMMENT` longtext NOT NULL,
  `DEFINER` varchar(77) NOT NULL DEFAULT '',
  `CHARACTER_SET_CLIENT` varchar(32) NOT NULL DEFAULT '',
  `COLLATION_CONNECTION` varchar(32) NOT NULL DEFAULT '',
  `DATABASE_COLLATION` varchar(32) NOT NULL DEFAULT ''
) ENGINE=MyISAM DEFAULT CHARSET=utf8;

-- Copiando dados para a tabela information_schema.ROUTINES: -1 rows
/*!40000 ALTER TABLE `ROUTINES` DISABLE KEYS */;
/*!40000 ALTER TABLE `ROUTINES` ENABLE KEYS */;

-- Copiando estrutura para tabela information_schema.SCHEMATA
CREATE TEMPORARY TABLE IF NOT EXISTS `SCHEMATA` (
  `CATALOG_NAME` varchar(512) NOT NULL DEFAULT '',
  `SCHEMA_NAME` varchar(64) NOT NULL DEFAULT '',
  `DEFAULT_CHARACTER_SET_NAME` varchar(32) NOT NULL DEFAULT '',
  `DEFAULT_COLLATION_NAME` varchar(32) NOT NULL DEFAULT '',
  `SQL_PATH` varchar(512) DEFAULT NULL
) ENGINE=MEMORY DEFAULT CHARSET=utf8;

-- Copiando dados para a tabela information_schema.SCHEMATA: -1 rows
/*!40000 ALTER TABLE `SCHEMATA` DISABLE KEYS */;
INSERT INTO `SCHEMATA` (`CATALOG_NAME`, `SCHEMA_NAME`, `DEFAULT_CHARACTER_SET_NAME`, `DEFAULT_COLLATION_NAME`, `SQL_PATH`) VALUES
	('def', 'information_schema', 'utf8', 'utf8_general_ci', NULL),
	('def', 'selector', 'latin1', 'latin1_swedish_ci', NULL);
/*!40000 ALTER TABLE `SCHEMATA` ENABLE KEYS */;

-- Copiando estrutura para tabela information_schema.SCHEMA_PRIVILEGES
CREATE TEMPORARY TABLE IF NOT EXISTS `SCHEMA_PRIVILEGES` (
  `GRANTEE` varchar(81) NOT NULL DEFAULT '',
  `TABLE_CATALOG` varchar(512) NOT NULL DEFAULT '',
  `TABLE_SCHEMA` varchar(64) NOT NULL DEFAULT '',
  `PRIVILEGE_TYPE` varchar(64) NOT NULL DEFAULT '',
  `IS_GRANTABLE` varchar(3) NOT NULL DEFAULT ''
) ENGINE=MEMORY DEFAULT CHARSET=utf8;

-- Copiando dados para a tabela information_schema.SCHEMA_PRIVILEGES: -1 rows
/*!40000 ALTER TABLE `SCHEMA_PRIVILEGES` DISABLE KEYS */;
INSERT INTO `SCHEMA_PRIVILEGES` (`GRANTEE`, `TABLE_CATALOG`, `TABLE_SCHEMA`, `PRIVILEGE_TYPE`, `IS_GRANTABLE`) VALUES
	('\'selector_adm\'@\'%\'', 'def', 'selector', 'SELECT', 'NO'),
	('\'selector_adm\'@\'%\'', 'def', 'selector', 'INSERT', 'NO'),
	('\'selector_adm\'@\'%\'', 'def', 'selector', 'UPDATE', 'NO'),
	('\'selector_adm\'@\'%\'', 'def', 'selector', 'DELETE', 'NO'),
	('\'selector_adm\'@\'%\'', 'def', 'selector', 'CREATE', 'NO'),
	('\'selector_adm\'@\'%\'', 'def', 'selector', 'DROP', 'NO'),
	('\'selector_adm\'@\'%\'', 'def', 'selector', 'REFERENCES', 'NO'),
	('\'selector_adm\'@\'%\'', 'def', 'selector', 'INDEX', 'NO'),
	('\'selector_adm\'@\'%\'', 'def', 'selector', 'ALTER', 'NO'),
	('\'selector_adm\'@\'%\'', 'def', 'selector', 'CREATE TEMPORARY TABLES', 'NO'),
	('\'selector_adm\'@\'%\'', 'def', 'selector', 'LOCK TABLES', 'NO'),
	('\'selector_adm\'@\'%\'', 'def', 'selector', 'EXECUTE', 'NO'),
	('\'selector_adm\'@\'%\'', 'def', 'selector', 'CREATE VIEW', 'NO'),
	('\'selector_adm\'@\'%\'', 'def', 'selector', 'SHOW VIEW', 'NO'),
	('\'selector_adm\'@\'%\'', 'def', 'selector', 'CREATE ROUTINE', 'NO'),
	('\'selector_adm\'@\'%\'', 'def', 'selector', 'ALTER ROUTINE', 'NO'),
	('\'selector_adm\'@\'%\'', 'def', 'selector', 'EVENT', 'NO'),
	('\'selector_adm\'@\'%\'', 'def', 'selector', 'TRIGGER', 'NO');
/*!40000 ALTER TABLE `SCHEMA_PRIVILEGES` ENABLE KEYS */;

-- Copiando estrutura para tabela information_schema.SESSION_STATUS
CREATE TEMPORARY TABLE IF NOT EXISTS `SESSION_STATUS` (
  `VARIABLE_NAME` varchar(64) NOT NULL DEFAULT '',
  `VARIABLE_VALUE` varchar(1024) DEFAULT NULL
) ENGINE=MEMORY DEFAULT CHARSET=utf8;

-- Copiando dados para a tabela information_schema.SESSION_STATUS: -1 rows
/*!40000 ALTER TABLE `SESSION_STATUS` DISABLE KEYS */;
INSERT INTO `SESSION_STATUS` (`VARIABLE_NAME`, `VARIABLE_VALUE`) VALUES
	('ABORTED_CLIENTS', '16622'),
	('ABORTED_CONNECTS', '67997'),
	('BINLOG_CACHE_DISK_USE', '0'),
	('BINLOG_CACHE_USE', '0'),
	('BINLOG_STMT_CACHE_DISK_USE', '0'),
	('BINLOG_STMT_CACHE_USE', '0'),
	('BYTES_RECEIVED', '23415'),
	('BYTES_SENT', '359518'),
	('COM_ADMIN_COMMANDS', '292'),
	('COM_ASSIGN_TO_KEYCACHE', '0'),
	('COM_ALTER_DB', '0'),
	('COM_ALTER_DB_UPGRADE', '0'),
	('COM_ALTER_EVENT', '0'),
	('COM_ALTER_FUNCTION', '0'),
	('COM_ALTER_PROCEDURE', '0'),
	('COM_ALTER_SERVER', '0'),
	('COM_ALTER_TABLE', '0'),
	('COM_ALTER_TABLESPACE', '0'),
	('COM_ALTER_USER', '0'),
	('COM_ANALYZE', '0'),
	('COM_BEGIN', '0'),
	('COM_BINLOG', '0'),
	('COM_CALL_PROCEDURE', '0'),
	('COM_CHANGE_DB', '1'),
	('COM_CHANGE_MASTER', '0'),
	('COM_CHECK', '0'),
	('COM_CHECKSUM', '0'),
	('COM_COMMIT', '0'),
	('COM_CREATE_DB', '0'),
	('COM_CREATE_EVENT', '0'),
	('COM_CREATE_FUNCTION', '0'),
	('COM_CREATE_INDEX', '0'),
	('COM_CREATE_PROCEDURE', '0'),
	('COM_CREATE_SERVER', '0'),
	('COM_CREATE_TABLE', '0'),
	('COM_CREATE_TRIGGER', '0'),
	('COM_CREATE_UDF', '0'),
	('COM_CREATE_USER', '0'),
	('COM_CREATE_VIEW', '0'),
	('COM_DEALLOC_SQL', '0'),
	('COM_DELETE', '0'),
	('COM_DELETE_MULTI', '0'),
	('COM_DO', '0'),
	('COM_DROP_DB', '0'),
	('COM_DROP_EVENT', '0'),
	('COM_DROP_FUNCTION', '0'),
	('COM_DROP_INDEX', '0'),
	('COM_DROP_PROCEDURE', '0'),
	('COM_DROP_SERVER', '0'),
	('COM_DROP_TABLE', '0'),
	('COM_DROP_TRIGGER', '0'),
	('COM_DROP_USER', '0'),
	('COM_DROP_VIEW', '0'),
	('COM_EMPTY_QUERY', '0'),
	('COM_EXECUTE_SQL', '0'),
	('COM_FLUSH', '0'),
	('COM_GET_DIAGNOSTICS', '0'),
	('COM_GRANT', '0'),
	('COM_HA_CLOSE', '0'),
	('COM_HA_OPEN', '0'),
	('COM_HA_READ', '0'),
	('COM_HELP', '0'),
	('COM_INSERT', '0'),
	('COM_INSERT_SELECT', '0'),
	('COM_INSTALL_PLUGIN', '0'),
	('COM_KILL', '0'),
	('COM_LOAD', '0'),
	('COM_LOCK_TABLES', '0'),
	('COM_OPTIMIZE', '0'),
	('COM_PRELOAD_KEYS', '0'),
	('COM_PREPARE_SQL', '0'),
	('COM_PURGE', '0'),
	('COM_PURGE_BEFORE_DATE', '0'),
	('COM_RELEASE_SAVEPOINT', '0'),
	('COM_RENAME_TABLE', '0'),
	('COM_RENAME_USER', '0'),
	('COM_REPAIR', '0'),
	('COM_REPLACE', '0'),
	('COM_REPLACE_SELECT', '0'),
	('COM_RESET', '0'),
	('COM_RESIGNAL', '0'),
	('COM_REVOKE', '0'),
	('COM_REVOKE_ALL', '0'),
	('COM_ROLLBACK', '0'),
	('COM_ROLLBACK_TO_SAVEPOINT', '0'),
	('COM_SAVEPOINT', '0'),
	('COM_SELECT', '150'),
	('COM_SET_OPTION', '3'),
	('COM_SIGNAL', '0'),
	('COM_SHOW_BINLOG_EVENTS', '0'),
	('COM_SHOW_BINLOGS', '0'),
	('COM_SHOW_CHARSETS', '1'),
	('COM_SHOW_COLLATIONS', '1'),
	('COM_SHOW_CREATE_DB', '0'),
	('COM_SHOW_CREATE_EVENT', '0'),
	('COM_SHOW_CREATE_FUNC', '0'),
	('COM_SHOW_CREATE_PROC', '0'),
	('COM_SHOW_CREATE_TABLE', '50'),
	('COM_SHOW_CREATE_TRIGGER', '0'),
	('COM_SHOW_DATABASES', '1'),
	('COM_SHOW_ENGINE_LOGS', '0'),
	('COM_SHOW_ENGINE_MUTEX', '0'),
	('COM_SHOW_ENGINE_STATUS', '0'),
	('COM_SHOW_EVENTS', '1'),
	('COM_SHOW_ERRORS', '0'),
	('COM_SHOW_FIELDS', '0'),
	('COM_SHOW_FUNCTION_CODE', '0'),
	('COM_SHOW_FUNCTION_STATUS', '2'),
	('COM_SHOW_GRANTS', '0'),
	('COM_SHOW_KEYS', '15'),
	('COM_SHOW_MASTER_STATUS', '0'),
	('COM_SHOW_OPEN_TABLES', '1'),
	('COM_SHOW_PLUGINS', '0'),
	('COM_SHOW_PRIVILEGES', '0'),
	('COM_SHOW_PROCEDURE_CODE', '0'),
	('COM_SHOW_PROCEDURE_STATUS', '2'),
	('COM_SHOW_PROCESSLIST', '0'),
	('COM_SHOW_PROFILE', '0'),
	('COM_SHOW_PROFILES', '0'),
	('COM_SHOW_RELAYLOG_EVENTS', '0'),
	('COM_SHOW_SLAVE_HOSTS', '0'),
	('COM_SHOW_SLAVE_STATUS', '0'),
	('COM_SHOW_STATUS', '1'),
	('COM_SHOW_STORAGE_ENGINES', '1'),
	('COM_SHOW_TABLE_STATUS', '2'),
	('COM_SHOW_TABLES', '0'),
	('COM_SHOW_TRIGGERS', '2'),
	('COM_SHOW_VARIABLES', '1'),
	('COM_SHOW_WARNINGS', '0'),
	('COM_SLAVE_START', '0'),
	('COM_SLAVE_STOP', '0'),
	('COM_STMT_CLOSE', '0'),
	('COM_STMT_EXECUTE', '0'),
	('COM_STMT_FETCH', '0'),
	('COM_STMT_PREPARE', '0'),
	('COM_STMT_REPREPARE', '0'),
	('COM_STMT_RESET', '0'),
	('COM_STMT_SEND_LONG_DATA', '0'),
	('COM_TRUNCATE', '0'),
	('COM_UNINSTALL_PLUGIN', '0'),
	('COM_UNLOCK_TABLES', '0'),
	('COM_UPDATE', '0'),
	('COM_UPDATE_MULTI', '0'),
	('COM_XA_COMMIT', '0'),
	('COM_XA_END', '0'),
	('COM_XA_PREPARE', '0'),
	('COM_XA_RECOVER', '0'),
	('COM_XA_ROLLBACK', '0'),
	('COM_XA_START', '0'),
	('COMPRESSION', 'OFF'),
	('CONNECTION_ERRORS_ACCEPT', '0'),
	('CONNECTION_ERRORS_INTERNAL', '0'),
	('CONNECTION_ERRORS_MAX_CONNECTIONS', '0'),
	('CONNECTION_ERRORS_PEER_ADDRESS', '0'),
	('CONNECTION_ERRORS_SELECT', '0'),
	('CONNECTION_ERRORS_TCPWRAP', '0'),
	('CONNECTIONS', '10269822'),
	('CREATED_TMP_DISK_TABLES', '115'),
	('CREATED_TMP_FILES', '247889'),
	('CREATED_TMP_TABLES', '592'),
	('DELAYED_ERRORS', '0'),
	('DELAYED_INSERT_THREADS', '0'),
	('DELAYED_WRITES', '0'),
	('FLUSH_COMMANDS', '1'),
	('HANDLER_COMMIT', '0'),
	('HANDLER_DELETE', '0'),
	('HANDLER_DISCOVER', '0'),
	('HANDLER_EXTERNAL_LOCK', '18'),
	('HANDLER_MRR_INIT', '0'),
	('HANDLER_PREPARE', '0'),
	('HANDLER_READ_FIRST', '6'),
	('HANDLER_READ_KEY', '1'),
	('HANDLER_READ_LAST', '0'),
	('HANDLER_READ_NEXT', '2820'),
	('HANDLER_READ_PREV', '0'),
	('HANDLER_READ_RND', '120'),
	('HANDLER_READ_RND_NEXT', '3156'),
	('HANDLER_ROLLBACK', '0'),
	('HANDLER_SAVEPOINT', '0'),
	('HANDLER_SAVEPOINT_ROLLBACK', '0'),
	('HANDLER_UPDATE', '0'),
	('HANDLER_WRITE', '3217'),
	('INNODB_BUFFER_POOL_DUMP_STATUS', 'not started'),
	('INNODB_BUFFER_POOL_LOAD_STATUS', 'not started'),
	('INNODB_BUFFER_POOL_PAGES_DATA', '1248083'),
	('INNODB_BUFFER_POOL_BYTES_DATA', '20625178624'),
	('INNODB_BUFFER_POOL_PAGES_DIRTY', '3941'),
	('INNODB_BUFFER_POOL_BYTES_DIRTY', '64503808'),
	('INNODB_BUFFER_POOL_PAGES_FLUSHED', '10828327'),
	('INNODB_BUFFER_POOL_PAGES_FREE', '16389'),
	('INNODB_BUFFER_POOL_PAGES_MISC', '46240'),
	('INNODB_BUFFER_POOL_PAGES_TOTAL', '1310712'),
	('INNODB_BUFFER_POOL_READ_AHEAD_RND', '0'),
	('INNODB_BUFFER_POOL_READ_AHEAD', '1042671'),
	('INNODB_BUFFER_POOL_READ_AHEAD_EVICTED', '0'),
	('INNODB_BUFFER_POOL_READ_REQUESTS', '168786385275'),
	('INNODB_BUFFER_POOL_READS', '2593518'),
	('INNODB_BUFFER_POOL_WAIT_FREE', '0'),
	('INNODB_BUFFER_POOL_WRITE_REQUESTS', '709328732'),
	('INNODB_DATA_FSYNCS', '4247086'),
	('INNODB_DATA_PENDING_FSYNCS', '0'),
	('INNODB_DATA_PENDING_READS', '0'),
	('INNODB_DATA_PENDING_WRITES', '0'),
	('INNODB_DATA_READ', '59488872448'),
	('INNODB_DATA_READS', '3932123'),
	('INNODB_DATA_WRITES', '25765306'),
	('INNODB_DATA_WRITTEN', '488705473024'),
	('INNODB_DBLWR_PAGES_WRITTEN', '10828327'),
	('INNODB_DBLWR_WRITES', '821686'),
	('INNODB_HAVE_ATOMIC_BUILTINS', 'ON'),
	('INNODB_LOG_WAITS', '527'),
	('INNODB_LOG_WRITE_REQUESTS', '265583007'),
	('INNODB_LOG_WRITES', '14035140'),
	('INNODB_OS_LOG_FSYNCS', '229710'),
	('INNODB_OS_LOG_PENDING_FSYNCS', '0'),
	('INNODB_OS_LOG_PENDING_WRITES', '0'),
	('INNODB_OS_LOG_WRITTEN', '134761859584'),
	('INNODB_PAGE_SIZE', '16384'),
	('INNODB_PAGES_CREATED', '386447'),
	('INNODB_PAGES_READ', '3662441'),
	('INNODB_PAGES_WRITTEN', '10828324'),
	('INNODB_ROW_LOCK_CURRENT_WAITS', '0'),
	('INNODB_ROW_LOCK_TIME', '1041382'),
	('INNODB_ROW_LOCK_TIME_AVG', '34'),
	('INNODB_ROW_LOCK_TIME_MAX', '12862'),
	('INNODB_ROW_LOCK_WAITS', '30439'),
	('INNODB_ROWS_DELETED', '1781597'),
	('INNODB_ROWS_INSERTED', '5204687'),
	('INNODB_ROWS_READ', '146400950263'),
	('INNODB_ROWS_UPDATED', '263300128'),
	('INNODB_NUM_OPEN_FILES', '15000'),
	('INNODB_TRUNCATED_STATUS_WRITES', '0'),
	('INNODB_AVAILABLE_UNDO_LOGS', '128'),
	('KEY_BLOCKS_NOT_FLUSHED', '0'),
	('KEY_BLOCKS_UNUSED', '2588'),
	('KEY_BLOCKS_USED', '26792'),
	('KEY_READ_REQUESTS', '26927591976'),
	('KEY_READS', '2750307'),
	('KEY_WRITE_REQUESTS', '8938439671'),
	('KEY_WRITES', '3994579'),
	('LAST_QUERY_COST', '10.499000'),
	('LAST_QUERY_PARTIAL_PLANS', '1'),
	('MAX_USED_CONNECTIONS', '1059'),
	('NOT_FLUSHED_DELAYED_ROWS', '0'),
	('OPEN_FILES', '4243'),
	('OPEN_STREAMS', '0'),
	('OPEN_TABLE_DEFINITIONS', '13556'),
	('OPEN_TABLES', '15000'),
	('OPENED_FILES', '101015322'),
	('OPENED_TABLE_DEFINITIONS', '8'),
	('OPENED_TABLES', '8'),
	('PERFORMANCE_SCHEMA_ACCOUNTS_LOST', '6985441'),
	('PERFORMANCE_SCHEMA_COND_CLASSES_LOST', '0'),
	('PERFORMANCE_SCHEMA_COND_INSTANCES_LOST', '0'),
	('PERFORMANCE_SCHEMA_DIGEST_LOST', '177559829'),
	('PERFORMANCE_SCHEMA_FILE_CLASSES_LOST', '0'),
	('PERFORMANCE_SCHEMA_FILE_HANDLES_LOST', '0'),
	('PERFORMANCE_SCHEMA_FILE_INSTANCES_LOST', '100287522'),
	('PERFORMANCE_SCHEMA_HOSTS_LOST', '1592106'),
	('PERFORMANCE_SCHEMA_LOCKER_LOST', '0'),
	('PERFORMANCE_SCHEMA_MUTEX_CLASSES_LOST', '0'),
	('PERFORMANCE_SCHEMA_MUTEX_INSTANCES_LOST', '0'),
	('PERFORMANCE_SCHEMA_RWLOCK_CLASSES_LOST', '0'),
	('PERFORMANCE_SCHEMA_RWLOCK_INSTANCES_LOST', '0'),
	('PERFORMANCE_SCHEMA_SESSION_CONNECT_ATTRS_LOST', '0'),
	('PERFORMANCE_SCHEMA_SOCKET_CLASSES_LOST', '0'),
	('PERFORMANCE_SCHEMA_SOCKET_INSTANCES_LOST', '0'),
	('PERFORMANCE_SCHEMA_STAGE_CLASSES_LOST', '0'),
	('PERFORMANCE_SCHEMA_STATEMENT_CLASSES_LOST', '0'),
	('PERFORMANCE_SCHEMA_TABLE_HANDLES_LOST', '0'),
	('PERFORMANCE_SCHEMA_TABLE_INSTANCES_LOST', '1037825'),
	('PERFORMANCE_SCHEMA_THREAD_CLASSES_LOST', '0'),
	('PERFORMANCE_SCHEMA_THREAD_INSTANCES_LOST', '0'),
	('PERFORMANCE_SCHEMA_USERS_LOST', '6469209'),
	('PREPARED_STMT_COUNT', '0'),
	('QCACHE_FREE_BLOCKS', '1'),
	('QCACHE_FREE_MEMORY', '1031352'),
	('QCACHE_HITS', '0'),
	('QCACHE_INSERTS', '0'),
	('QCACHE_LOWMEM_PRUNES', '0'),
	('QCACHE_NOT_CACHED', '377560158'),
	('QCACHE_QUERIES_IN_CACHE', '0'),
	('QCACHE_TOTAL_BLOCKS', '1'),
	('QUERIES', '620021475'),
	('QUESTIONS', '235'),
	('SELECT_FULL_JOIN', '0'),
	('SELECT_FULL_RANGE_JOIN', '0'),
	('SELECT_RANGE', '0'),
	('SELECT_RANGE_CHECK', '0'),
	('SELECT_SCAN', '128'),
	('SLAVE_HEARTBEAT_PERIOD', ''),
	('SLAVE_LAST_HEARTBEAT', ''),
	('SLAVE_OPEN_TEMP_TABLES', '0'),
	('SLAVE_RECEIVED_HEARTBEATS', ''),
	('SLAVE_RETRIED_TRANSACTIONS', ''),
	('SLAVE_RUNNING', 'OFF'),
	('SLOW_LAUNCH_THREADS', '0'),
	('SLOW_QUERIES', '0'),
	('SORT_MERGE_PASSES', '0'),
	('SORT_RANGE', '0'),
	('SORT_ROWS', '120'),
	('SORT_SCAN', '15'),
	('SSL_ACCEPT_RENEGOTIATES', '0'),
	('SSL_ACCEPTS', '0'),
	('SSL_CALLBACK_CACHE_HITS', '0'),
	('SSL_CIPHER', ''),
	('SSL_CIPHER_LIST', ''),
	('SSL_CLIENT_CONNECTS', '0'),
	('SSL_CONNECT_RENEGOTIATES', '0'),
	('SSL_CTX_VERIFY_DEPTH', '0'),
	('SSL_CTX_VERIFY_MODE', '0'),
	('SSL_DEFAULT_TIMEOUT', '0'),
	('SSL_FINISHED_ACCEPTS', '0'),
	('SSL_FINISHED_CONNECTS', '0'),
	('SSL_SERVER_NOT_AFTER', ''),
	('SSL_SERVER_NOT_BEFORE', ''),
	('SSL_SESSION_CACHE_HITS', '0'),
	('SSL_SESSION_CACHE_MISSES', '0'),
	('SSL_SESSION_CACHE_MODE', 'NONE'),
	('SSL_SESSION_CACHE_OVERFLOWS', '0'),
	('SSL_SESSION_CACHE_SIZE', '0'),
	('SSL_SESSION_CACHE_TIMEOUTS', '0'),
	('SSL_SESSIONS_REUSED', '0'),
	('SSL_USED_SESSION_CACHE_ENTRIES', '0'),
	('SSL_VERIFY_DEPTH', '0'),
	('SSL_VERIFY_MODE', '0'),
	('SSL_VERSION', ''),
	('TABLE_LOCKS_IMMEDIATE', '526329267'),
	('TABLE_LOCKS_WAITED', '348431'),
	('TABLE_OPEN_CACHE_HITS', '46'),
	('TABLE_OPEN_CACHE_MISSES', '8'),
	('TABLE_OPEN_CACHE_OVERFLOWS', '8'),
	('TC_LOG_MAX_PAGES_USED', '0'),
	('TC_LOG_PAGE_SIZE', '0'),
	('TC_LOG_PAGE_WAITS', '0'),
	('THREADS_CACHED', '415'),
	('THREADS_CONNECTED', '222'),
	('THREADS_CREATED', '1059'),
	('THREADS_RUNNING', '9'),
	('UPTIME', '119264'),
	('UPTIME_SINCE_FLUSH_STATUS', '119264');
/*!40000 ALTER TABLE `SESSION_STATUS` ENABLE KEYS */;

-- Copiando estrutura para tabela information_schema.SESSION_VARIABLES
CREATE TEMPORARY TABLE IF NOT EXISTS `SESSION_VARIABLES` (
  `VARIABLE_NAME` varchar(64) NOT NULL DEFAULT '',
  `VARIABLE_VALUE` varchar(1024) DEFAULT NULL
) ENGINE=MEMORY DEFAULT CHARSET=utf8;

-- Copiando dados para a tabela information_schema.SESSION_VARIABLES: -1 rows
/*!40000 ALTER TABLE `SESSION_VARIABLES` DISABLE KEYS */;
INSERT INTO `SESSION_VARIABLES` (`VARIABLE_NAME`, `VARIABLE_VALUE`) VALUES
	('MAX_PREPARED_STMT_COUNT', '16382'),
	('OPTIMIZER_PRUNE_LEVEL', '1'),
	('HAVE_CRYPT', 'YES'),
	('INNODB_COMPRESSION_PAD_PCT_MAX', '50'),
	('PERFORMANCE_SCHEMA_EVENTS_STAGES_HISTORY_SIZE', '10'),
	('SLAVE_CHECKPOINT_PERIOD', '300'),
	('LOCK_WAIT_TIMEOUT', '31536000'),
	('INNODB_FLUSH_LOG_AT_TIMEOUT', '1'),
	('END_MARKERS_IN_JSON', 'OFF'),
	('RPL_STOP_SLAVE_TIMEOUT', '31536000'),
	('PERFORMANCE_SCHEMA', 'ON'),
	('QUERY_CACHE_TYPE', 'OFF'),
	('CONCURRENT_INSERT', 'AUTO'),
	('INNODB_CMP_PER_INDEX_ENABLED', 'OFF'),
	('PERFORMANCE_SCHEMA_MAX_COND_INSTANCES', '44100'),
	('INNODB_ONLINE_ALTER_LOG_MAX_SIZE', '134217728'),
	('PROFILING_HISTORY_SIZE', '15'),
	('INNODB_STATS_TRANSIENT_SAMPLE_PAGES', '8'),
	('PERFORMANCE_SCHEMA_MAX_MUTEX_INSTANCES', '81000'),
	('SLOW_LAUNCH_TIME', '2'),
	('PERFORMANCE_SCHEMA_MAX_COND_CLASSES', '80'),
	('PERFORMANCE_SCHEMA_DIGESTS_SIZE', '10000'),
	('PERFORMANCE_SCHEMA_MAX_STAGE_CLASSES', '150'),
	('RELAY_LOG_INDEX', ''),
	('GTID_OWNED', ''),
	('EXPLICIT_DEFAULTS_FOR_TIMESTAMP', 'ON'),
	('SLAVE_TYPE_CONVERSIONS', ''),
	('INNODB_STATS_INCLUDE_DELETE_MARKED', 'OFF'),
	('INNODB_FT_NUM_WORD_OPTIMIZE', '2000'),
	('PERFORMANCE_SCHEMA_MAX_MUTEX_CLASSES', '200'),
	('SLAVE_ROWS_SEARCH_ALGORITHMS', 'TABLE_SCAN,INDEX_SCAN'),
	('MAX_HEAP_TABLE_SIZE', '67108864'),
	('FT_BOOLEAN_SYNTAX', '+ -><()~*:""&|'),
	('REPORT_HOST', ''),
	('PERFORMANCE_SCHEMA_EVENTS_WAITS_HISTORY_SIZE', '10'),
	('INNODB_SORT_BUFFER_SIZE', '1048576'),
	('PERFORMANCE_SCHEMA_EVENTS_WAITS_HISTORY_LONG_SIZE', '10000'),
	('INNODB_ROLLBACK_SEGMENTS', '128'),
	('PERFORMANCE_SCHEMA_MAX_RWLOCK_INSTANCES', '32400'),
	('LARGE_FILES_SUPPORT', 'ON'),
	('PERFORMANCE_SCHEMA_EVENTS_STATEMENTS_HISTORY_LONG_SIZE', '10000'),
	('ENFORCE_GTID_CONSISTENCY', 'OFF'),
	('NET_BUFFER_LENGTH', '1048576'),
	('BIND_ADDRESS', '*'),
	('SKIP_SHOW_DATABASE', 'OFF'),
	('RELAY_LOG_INFO_REPOSITORY', 'FILE'),
	('GROUP_CONCAT_MAX_LEN', '1024'),
	('TX_ISOLATION', 'REPEATABLE-READ'),
	('RANGE_ALLOC_BLOCK_SIZE', '4096'),
	('SQL_LOG_OFF', 'OFF'),
	('PROXY_USER', ''),
	('THREAD_HANDLING', 'one-thread-per-connection'),
	('INNODB_TMPDIR', ''),
	('AUTO_INCREMENT_OFFSET', '1'),
	('TRANSACTION_PREALLOC_SIZE', '4096'),
	('PERFORMANCE_SCHEMA_MAX_TABLE_HANDLES', '30000'),
	('INNODB_API_BK_COMMIT_INTERVAL', '5'),
	('FT_QUERY_EXPANSION_LIMIT', '20'),
	('BINLOG_MAX_FLUSH_QUEUE_TIME', '0'),
	('LOW_PRIORITY_UPDATES', 'OFF'),
	('PERFORMANCE_SCHEMA_SETUP_ACTORS_SIZE', '100'),
	('REPORT_PASSWORD', ''),
	('COMPLETION_TYPE', 'NO_CHAIN'),
	('MAX_INSERT_DELAYED_THREADS', '20'),
	('DELAY_KEY_WRITE', 'ON'),
	('SQL_BIG_SELECTS', 'ON'),
	('SQL_MODE', ''),
	('TRANSACTION_ALLOC_BLOCK_SIZE', '8192'),
	('LOG_WARNINGS', '1'),
	('INNODB_FLUSHING_AVG_LOOPS', '30'),
	('SLOW_QUERY_LOG_FILE', '/var/lib/mysql/ubwmysql37-slow.log'),
	('SYNC_FRM', 'ON'),
	('CHARACTER_SET_CONNECTION', 'utf8mb4'),
	('BINLOGGING_IMPOSSIBLE_MODE', 'IGNORE_ERROR'),
	('COLLATION_CONNECTION', 'utf8mb4_general_ci'),
	('GENERAL_LOG_FILE', '/var/lib/mysql/ubwmysql37.log'),
	('MAX_BINLOG_SIZE', '1073741824'),
	('INNODB_IO_CAPACITY_MAX', '2000'),
	('EVENT_SCHEDULER', 'ON'),
	('INNODB_IO_CAPACITY', '200'),
	('MAX_ERROR_COUNT', '64'),
	('INNODB_FT_ENABLE_DIAG_PRINT', 'OFF'),
	('FT_MAX_WORD_LEN', '84'),
	('HAVE_SYMLINK', 'YES'),
	('PERFORMANCE_SCHEMA_ACCOUNTS_SIZE', '100'),
	('MYISAM_RECOVER_OPTIONS', 'OFF'),
	('DELAYED_INSERT_TIMEOUT', '300'),
	('INNODB_TABLE_LOCKS', 'ON'),
	('BINLOG_FORMAT', 'STATEMENT'),
	('INNODB_AUTOEXTEND_INCREMENT', '64'),
	('PERFORMANCE_SCHEMA_MAX_SOCKET_CLASSES', '10'),
	('MYISAM_DATA_POINTER_SIZE', '6'),
	('LOG_SLAVE_UPDATES', 'OFF'),
	('INNODB_THREAD_SLEEP_DELAY', '10000'),
	('AUTOMATIC_SP_PRIVILEGES', 'ON'),
	('SQL_AUTO_IS_NULL', 'OFF'),
	('DELAYED_INSERT_LIMIT', '100'),
	('SLAVE_TRANSACTION_RETRIES', '10'),
	('BACK_LOG', '900'),
	('SSL_CAPATH', ''),
	('GENERAL_LOG', 'OFF'),
	('DELAYED_QUEUE_SIZE', '1000'),
	('INNODB_STATUS_OUTPUT_LOCKS', 'OFF'),
	('FT_STOPWORD_FILE', '(built-in)'),
	('QUERY_CACHE_MIN_RES_UNIT', '4096'),
	('CHARACTER_SET_RESULTS', 'utf8mb4'),
	('SORT_BUFFER_SIZE', '1048576'),
	('MASTER_INFO_REPOSITORY', 'FILE'),
	('INNODB_ROLLBACK_ON_TIMEOUT', 'OFF'),
	('LOG_QUERIES_NOT_USING_INDEXES', 'OFF'),
	('INNODB_NUMA_INTERLEAVE', 'OFF'),
	('INIT_SLAVE', ''),
	('INNODB_ADDITIONAL_MEM_POOL_SIZE', '8388608'),
	('PERFORMANCE_SCHEMA_EVENTS_STAGES_HISTORY_LONG_SIZE', '10000'),
	('READ_RND_BUFFER_SIZE', '1048576'),
	('LC_MESSAGES_DIR', '/usr/share/mysql/'),
	('INNODB_FILE_FORMAT', 'Barracuda'),
	('INIT_FILE', ''),
	('BIG_TABLES', 'OFF'),
	('LARGE_PAGES', 'OFF'),
	('OPTIMIZER_SEARCH_DEPTH', '62'),
	('LARGE_PAGE_SIZE', '0'),
	('RELAY_LOG_BASENAME', ''),
	('BLOCK_ENCRYPTION_MODE', 'aes-128-ecb'),
	('QUERY_PREALLOC_SIZE', '8192'),
	('RAND_SEED1', '0'),
	('CHARACTER_SETS_DIR', '/usr/share/mysql/charsets/'),
	('INNODB_ADAPTIVE_MAX_SLEEP_DELAY', '150000'),
	('PERFORMANCE_SCHEMA_MAX_SOCKET_INSTANCES', '20020'),
	('SSL_CIPHER', ''),
	('MAX_CONNECTIONS', '10000'),
	('BINLOG_DIRECT_NON_TRANSACTIONAL_UPDATES', 'OFF'),
	('BINLOG_ROWS_QUERY_LOG_EVENTS', 'OFF'),
	('INNODB_STRICT_MODE', 'OFF'),
	('PERFORMANCE_SCHEMA_MAX_THREAD_CLASSES', '50'),
	('INNODB_FORCE_RECOVERY', '0'),
	('SLAVE_COMPRESSED_PROTOCOL', 'OFF'),
	('SQL_LOG_BIN', 'ON'),
	('LOWER_CASE_FILE_SYSTEM', 'OFF'),
	('PERFORMANCE_SCHEMA_USERS_SIZE', '100'),
	('MAX_RELAY_LOG_SIZE', '0'),
	('SHOW_OLD_TEMPORALS', 'OFF'),
	('MAX_DIGEST_LENGTH', '1024'),
	('TMPDIR', '/tmp'),
	('LOG_SLOW_ADMIN_STATEMENTS', 'OFF'),
	('SLAVE_PENDING_JOBS_SIZE_MAX', '16777216'),
	('KEY_CACHE_AGE_THRESHOLD', '300'),
	('PSEUDO_SLAVE_MODE', 'OFF'),
	('NET_RETRY_COUNT', '10'),
	('DISCONNECT_ON_EXPIRED_PASSWORD', 'ON'),
	('METADATA_LOCKS_HASH_INSTANCES', '8'),
	('BINLOG_GTID_SIMPLE_RECOVERY', 'OFF'),
	('PSEUDO_THREAD_ID', '10247633'),
	('INNODB_AUTOINC_LOCK_MODE', '1'),
	('MAX_LENGTH_FOR_SORT_DATA', '1024'),
	('PERFORMANCE_SCHEMA_MAX_STATEMENT_CLASSES', '168'),
	('LOWER_CASE_TABLE_NAMES', '0'),
	('LOG_ERROR', './ubwmysql37.err'),
	('INNODB_BUFFER_POOL_FILENAME', 'ib_buffer_pool'),
	('PERFORMANCE_SCHEMA_MAX_RWLOCK_CLASSES', '40'),
	('INNODB_MAX_PURGE_LAG_DELAY', '0'),
	('TABLE_DEFINITION_CACHE', '2000'),
	('INNODB_BUFFER_POOL_DUMP_NOW', 'OFF'),
	('SLAVE_MAX_ALLOWED_PACKET', '1073741824'),
	('INNODB_SYNC_SPIN_LOOPS', '30'),
	('BINLOG_ERROR_ACTION', 'IGNORE_ERROR'),
	('INNODB_STATUS_OUTPUT', 'OFF'),
	('CHARACTER_SET_SERVER', 'latin1'),
	('TABLE_OPEN_CACHE', '15000'),
	('JOIN_BUFFER_SIZE', '33554432'),
	('INNODB_ADAPTIVE_HASH_INDEX', 'ON'),
	('EQ_RANGE_INDEX_DIVE_LIMIT', '10'),
	('CHARACTER_SET_FILESYSTEM', 'binary'),
	('BINLOG_STMT_CACHE_SIZE', '32768'),
	('INNODB_FT_AUX_TABLE', ''),
	('MAX_BINLOG_CACHE_SIZE', '18446744073709547520'),
	('INNODB_API_ENABLE_BINLOG', 'OFF'),
	('PERFORMANCE_SCHEMA_MAX_FILE_CLASSES', '50'),
	('SSL_CRL', ''),
	('MAX_SORT_LENGTH', '1024'),
	('INNODB_MAX_DIRTY_PAGES_PCT', '75'),
	('OPTIMIZER_TRACE_FEATURES', 'greedy_search=on,range_optimizer=on,dynamic_range=on,repeated_subselect=on'),
	('SQL_SLAVE_SKIP_COUNTER', '0'),
	('VERSION_COMMENT', 'MySQL Community Server (GPL)'),
	('GTID_EXECUTED', ''),
	('CHARACTER_SET_CLIENT', 'utf8mb4'),
	('INNODB_LOG_COMPRESSED_PAGES', 'ON'),
	('NET_WRITE_TIMEOUT', '60'),
	('INNODB_DISABLE_SORT_FILE_CACHE', 'OFF'),
	('KEEP_FILES_ON_CREATE', 'OFF'),
	('OLD_PASSWORDS', '0'),
	('LOG_BIN_USE_V1_ROW_EVENTS', 'OFF'),
	('HAVE_DYNAMIC_LOADING', 'YES'),
	('QUERY_CACHE_LIMIT', '1048576'),
	('SYNC_BINLOG', '0'),
	('INNODB_OPEN_FILES', '15000'),
	('INNODB_PRINT_ALL_DEADLOCKS', 'OFF'),
	('LOG_OUTPUT', 'FILE'),
	('INNODB_FT_SERVER_STOPWORD_TABLE', ''),
	('MULTI_RANGE_COUNT', '256'),
	('OLD', 'OFF'),
	('LC_MESSAGES', 'en_US'),
	('INNODB_READ_AHEAD_THRESHOLD', '56'),
	('PERFORMANCE_SCHEMA_EVENTS_STATEMENTS_HISTORY_SIZE', '10'),
	('INNODB_READ_ONLY', 'OFF'),
	('SERVER_UUID', 'b0670ae9-7331-11e9-b808-00155d88e83f'),
	('KEY_BUFFER_SIZE', '33554432'),
	('INNODB_LOG_GROUP_HOME_DIR', './'),
	('INNODB_MONITOR_RESET_ALL', ''),
	('LONG_QUERY_TIME', '20.000000'),
	('INNODB_OPTIMIZE_FULLTEXT_ONLY', 'OFF'),
	('PERFORMANCE_SCHEMA_MAX_THREAD_INSTANCES', '20100'),
	('INNODB_STATS_METHOD', 'nulls_equal'),
	('SKIP_NAME_RESOLVE', 'ON'),
	('INNODB_FAST_SHUTDOWN', '1'),
	('PID_FILE', 'ubwmysql37.pid'),
	('SSL_CA', ''),
	('READ_BUFFER_SIZE', '1048576'),
	('INNODB_THREAD_CONCURRENCY', '0'),
	('MIN_EXAMINED_ROW_LIMIT', '0'),
	('SLAVE_NET_TIMEOUT', '3600'),
	('SERVER_ID_BITS', '32'),
	('INNODB_STATS_SAMPLE_PAGES', '8'),
	('LOG_SLOW_SLAVE_STATEMENTS', 'OFF'),
	('SLAVE_ALLOW_BATCHING', 'OFF'),
	('MAX_USER_CONNECTIONS', '25'),
	('INNODB_BUFFER_POOL_LOAD_NOW', 'OFF'),
	('IGNORE_BUILTIN_INNODB', 'OFF'),
	('INNODB_ADAPTIVE_FLUSHING_LWM', '10'),
	('REPORT_PORT', '31890'),
	('BINLOG_CHECKSUM', 'CRC32'),
	('MAX_CONNECT_ERRORS', '100'),
	('INNODB_PAGE_SIZE', '16384'),
	('QUERY_CACHE_WLOCK_INVALIDATE', 'OFF'),
	('PERFORMANCE_SCHEMA_MAX_FILE_HANDLES', '32768'),
	('MAX_SP_RECURSION_DEPTH', '0'),
	('INNODB_SYNC_ARRAY_SIZE', '1'),
	('TIMED_MUTEXES', 'OFF'),
	('INNODB_API_TRX_LEVEL', '0'),
	('EXTERNAL_USER', ''),
	('DATETIME_FORMAT', '%Y-%m-%d %H:%i:%s'),
	('FLUSH_TIME', '0'),
	('INNODB_FLUSH_LOG_AT_TRX_COMMIT', '2'),
	('TRANSACTION_ALLOW_BATCHING', 'OFF'),
	('TX_READ_ONLY', 'OFF'),
	('SKIP_NETWORKING', 'OFF'),
	('INNODB_RANDOM_READ_AHEAD', 'OFF'),
	('TABLE_OPEN_CACHE_INSTANCES', '1'),
	('INNODB_UNDO_LOGS', '128'),
	('INIT_CONNECT', 'SET wait_timeout = 600'),
	('PORT', '31890'),
	('RELAY_LOG_SPACE_LIMIT', '0'),
	('QUERY_ALLOC_BLOCK_SIZE', '8192'),
	('AUTOCOMMIT', 'ON'),
	('LOG_BIN_TRUST_FUNCTION_CREATORS', 'OFF'),
	('OLD_ALTER_TABLE', 'OFF'),
	('INNODB_MONITOR_DISABLE', ''),
	('MYISAM_USE_MMAP', 'OFF'),
	('HAVE_OPENSSL', 'DISABLED'),
	('METADATA_LOCKS_CACHE_SIZE', '1024'),
	('MAX_BINLOG_STMT_CACHE_SIZE', '18446744073709547520'),
	('LAST_INSERT_ID', '0'),
	('PERFORMANCE_SCHEMA_MAX_FILE_INSTANCES', '100825'),
	('HOSTNAME', 'ubwmysql37'),
	('INNODB_SPIN_WAIT_DELAY', '6'),
	('RELAY_LOG_INFO_FILE', 'relay-log.info'),
	('INNODB_FILE_FORMAT_MAX', 'Barracuda'),
	('OPTIMIZER_TRACE_OFFSET', '-1'),
	('DEFAULT_STORAGE_ENGINE', 'InnoDB'),
	('SQL_SAFE_UPDATES', 'OFF'),
	('INNODB_LOCK_WAIT_TIMEOUT', '50'),
	('UNIQUE_CHECKS', 'ON'),
	('INNODB_OLD_BLOCKS_TIME', '1000'),
	('MAX_ALLOWED_PACKET', '536870912'),
	('INSERT_ID', '0'),
	('BINLOG_CACHE_SIZE', '32768'),
	('BINLOG_ROW_IMAGE', 'FULL'),
	('INNODB_FLUSH_NEIGHBORS', '1'),
	('INNODB_COMPRESSION_FAILURE_THRESHOLD_PCT', '5'),
	('PERFORMANCE_SCHEMA_HOSTS_SIZE', '100'),
	('LOCKED_IN_MEMORY', 'OFF'),
	('SECURE_FILE_PRIV', '/var/lib/mysql-files/'),
	('BINLOG_ORDER_COMMITS', 'ON'),
	('OPTIMIZER_TRACE', 'enabled=off,one_line=off'),
	('SLAVE_EXEC_MODE', 'STRICT'),
	('SSL_KEY', ''),
	('HAVE_PROFILING', 'YES'),
	('DATE_FORMAT', '%Y-%m-%d'),
	('AUTO_INCREMENT_INCREMENT', '1'),
	('SLAVE_SKIP_ERRORS', 'OFF'),
	('PRELOAD_BUFFER_SIZE', '32768'),
	('SLAVE_PARALLEL_WORKERS', '0'),
	('LOCAL_INFILE', 'ON'),
	('RELAY_LOG_PURGE', 'ON'),
	('REPORT_USER', ''),
	('COLLATION_DATABASE', 'latin1_swedish_ci'),
	('HAVE_GEOMETRY', 'YES'),
	('INNODB_MONITOR_ENABLE', ''),
	('SLOW_QUERY_LOG', 'OFF'),
	('INNODB_LOG_BUFFER_SIZE', '2097152'),
	('PERFORMANCE_SCHEMA_SETUP_OBJECTS_SIZE', '100'),
	('HOST_CACHE_SIZE', '1103'),
	('INNODB_MAX_PURGE_LAG', '0'),
	('OPTIMIZER_TRACE_LIMIT', '1'),
	('MYISAM_MAX_SORT_FILE_SIZE', '9223372036853727232'),
	('EXPIRE_LOGS_DAYS', '0'),
	('INNODB_LRU_SCAN_DEPTH', '1024'),
	('OPEN_FILES_LIMIT', '65536'),
	('SQL_NOTES', 'ON'),
	('SSL_CRLPATH', ''),
	('LOG_BIN_INDEX', ''),
	('TIMESTAMP', '1590188037.136653'),
	('CORE_FILE', 'OFF'),
	('INNODB_BUFFER_POOL_LOAD_ABORT', 'OFF'),
	('LOG_THROTTLE_QUERIES_NOT_USING_INDEXES', '0'),
	('CHARACTER_SET_DATABASE', 'latin1'),
	('HAVE_COMPRESS', 'YES'),
	('TIME_FORMAT', '%H:%i:%s'),
	('SIMPLIFIED_BINLOG_GTID_RECOVERY', 'OFF'),
	('SQL_QUOTE_SHOW_CREATE', 'ON'),
	('THREAD_CACHE_SIZE', '512'),
	('RELAY_LOG', ''),
	('INNODB_DOUBLEWRITE', 'ON'),
	('READ_ONLY', 'OFF'),
	('INNODB_STATS_PERSISTENT', 'ON'),
	('INNODB_FT_CACHE_SIZE', '8000000'),
	('DEFAULT_WEEK_FORMAT', '0'),
	('COLLATION_SERVER', 'latin1_swedish_ci'),
	('INNODB_CHANGE_BUFFER_MAX_SIZE', '25'),
	('PERFORMANCE_SCHEMA_MAX_TABLE_INSTANCES', '12500'),
	('HAVE_QUERY_CACHE', 'YES'),
	('INNODB_USE_NATIVE_AIO', 'ON'),
	('SYNC_RELAY_LOG', '10000'),
	('GTID_PURGED', ''),
	('MAX_DELAYED_THREADS', '20'),
	('INNODB_UNDO_TABLESPACES', '0'),
	('LC_TIME_NAMES', 'en_US'),
	('RAND_SEED2', '0'),
	('INNODB_CHECKSUM_ALGORITHM', 'innodb'),
	('INNODB_FT_MAX_TOKEN_SIZE', '84'),
	('SOCKET', '/var/lib/mysql/mysql.sock'),
	('INNODB_FT_MIN_TOKEN_SIZE', '3'),
	('HAVE_RTREE_KEYS', 'YES'),
	('INNODB_FT_USER_STOPWORD_TABLE', ''),
	('PROFILING', 'OFF'),
	('SERVER_ID', '0'),
	('PLUGIN_DIR', '/usr/lib64/mysql/plugin/'),
	('SQL_BUFFER_RESULT', 'OFF'),
	('KEY_CACHE_BLOCK_SIZE', '1024'),
	('INNODB_BUFFER_POOL_SIZE', '21474836480'),
	('MAX_TMP_TABLES', '100'),
	('SYNC_RELAY_LOG_INFO', '10000'),
	('MASTER_VERIFY_CHECKSUM', 'OFF'),
	('SSL_CERT', ''),
	('DEFAULT_TMP_STORAGE_ENGINE', 'InnoDB'),
	('INNODB_FT_ENABLE_STOPWORD', 'ON'),
	('STORED_PROGRAM_CACHE', '256'),
	('INNODB_STATS_PERSISTENT_SAMPLE_PAGES', '20'),
	('MYISAM_STATS_METHOD', 'nulls_unequal'),
	('PERFORMANCE_SCHEMA_SESSION_CONNECT_ATTRS_SIZE', '512'),
	('CONNECT_TIMEOUT', '10'),
	('AVOID_TEMPORAL_UPGRADE', 'OFF'),
	('SLAVE_SQL_VERIFY_CHECKSUM', 'ON'),
	('INNODB_CHANGE_BUFFERING', 'all'),
	('INNODB_VERSION', '5.6.40'),
	('TMP_TABLE_SIZE', '134217728'),
	('SECURE_AUTH', 'ON'),
	('INNODB_API_DISABLE_ROWLOCK', 'OFF'),
	('MAX_WRITE_LOCK_COUNT', '18446744073709551615'),
	('INTERACTIVE_TIMEOUT', '28800'),
	('SQL_SELECT_LIMIT', '18446744073709551615'),
	('ERROR_COUNT', '0'),
	('SYSTEM_TIME_ZONE', '-03'),
	('SLAVE_LOAD_TMPDIR', '/tmp'),
	('FT_MIN_WORD_LEN', '4'),
	('WAIT_TIMEOUT', '600'),
	('INNODB_LARGE_PREFIX', 'ON'),
	('FLUSH', 'OFF'),
	('NET_READ_TIMEOUT', '30'),
	('INNODB_FLUSH_METHOD', 'O_DIRECT'),
	('INNODB_PURGE_THREADS', '1'),
	('MYISAM_MMAP_SIZE', '18446744073709551615'),
	('GTID_MODE', 'OFF'),
	('INNODB_CHECKSUMS', 'ON'),
	('STORAGE_ENGINE', 'InnoDB'),
	('INNODB_LOCKS_UNSAFE_FOR_BINLOG', 'OFF'),
	('KEY_CACHE_DIVISION_LIMIT', '100'),
	('HAVE_SSL', 'DISABLED'),
	('INNODB_BUFFER_POOL_DUMP_AT_SHUTDOWN', 'OFF'),
	('IGNORE_DB_DIRS', ''),
	('SLAVE_CHECKPOINT_GROUP', '512'),
	('INNODB_BUFFER_POOL_LOAD_AT_STARTUP', 'OFF'),
	('LOG_BIN_BASENAME', ''),
	('VERSION', '5.6.40'),
	('INNODB_CONCURRENCY_TICKETS', '5000'),
	('BULK_INSERT_BUFFER_SIZE', '8388608'),
	('INNODB_MAX_DIRTY_PAGES_PCT_LWM', '0'),
	('RELAY_LOG_RECOVERY', 'OFF'),
	('NEW', 'OFF'),
	('MAX_JOIN_SIZE', '18446744073709551615'),
	('FOREIGN_KEY_CHECKS', 'ON'),
	('PROTOCOL_VERSION', '10'),
	('INNODB_MONITOR_RESET', ''),
	('WARNING_COUNT', '0'),
	('INNODB_STATS_AUTO_RECALC', 'ON'),
	('SYNC_MASTER_INFO', '10000'),
	('INNODB_COMMIT_CONCURRENCY', '0'),
	('UPDATABLE_VIEWS_WITH_LIMIT', 'YES'),
	('INNODB_MIRRORED_LOG_GROUPS', '1'),
	('INNODB_STATS_ON_METADATA', 'OFF'),
	('INNODB_PURGE_BATCH_SIZE', '300'),
	('INNODB_DATA_FILE_PATH', 'ibdata1:12M:autoextend'),
	('THREAD_STACK', '262144'),
	('PERFORMANCE_SCHEMA_MAX_DIGEST_LENGTH', '1024'),
	('INNODB_SUPPORT_XA', 'ON'),
	('INNODB_FT_SORT_PLL_DEGREE', '2'),
	('MYISAM_SORT_BUFFER_SIZE', '8388608'),
	('BASEDIR', '/usr/'),
	('INNODB_COMPRESSION_LEVEL', '6'),
	('IDENTITY', '0'),
	('INNODB_ADAPTIVE_FLUSHING', 'ON'),
	('SKIP_EXTERNAL_LOCKING', 'ON'),
	('INNODB_FILE_PER_TABLE', 'ON'),
	('CHARACTER_SET_SYSTEM', 'utf8'),
	('INNODB_LOG_FILES_IN_GROUP', '2'),
	('MYISAM_REPAIR_THREADS', '1'),
	('DIV_PRECISION_INCREMENT', '4'),
	('SQL_WARNINGS', 'OFF'),
	('DATADIR', '/var/lib/mysql/'),
	('INNODB_USE_SYS_MALLOC', 'ON'),
	('INNODB_DATA_HOME_DIR', ''),
	('LICENSE', 'GPL'),
	('INNODB_READ_IO_THREADS', '64'),
	('QUERY_CACHE_SIZE', '1048576'),
	('INNODB_WRITE_IO_THREADS', '64'),
	('VERSION_COMPILE_OS', 'Linux'),
	('INNODB_BUFFER_POOL_INSTANCES', '16'),
	('INNODB_FORCE_LOAD_CORRUPTED', 'OFF'),
	('INNODB_UNDO_DIRECTORY', '.'),
	('LOG_BIN', 'OFF'),
	('THREAD_CONCURRENCY', '10'),
	('GTID_NEXT', 'AUTOMATIC'),
	('INNODB_FT_RESULT_CACHE_LIMIT', '2000000000'),
	('INNODB_REPLICATION_DELAY', '0'),
	('OPTIMIZER_TRACE_MAX_MEM_SIZE', '16384'),
	('MAX_SEEKS_FOR_KEY', '18446744073709551615'),
	('VERSION_COMPILE_MACHINE', 'x86_64'),
	('INNODB_OLD_BLOCKS_PCT', '37'),
	('INNODB_FT_TOTAL_CACHE_SIZE', '640000000'),
	('TIME_ZONE', 'SYSTEM'),
	('INNODB_API_ENABLE_MDL', 'OFF'),
	('OPTIMIZER_SWITCH', 'index_merge=on,index_merge_union=on,index_merge_sort_union=on,index_merge_intersection=on,engine_condition_pushdown=on,index_condition_pushdown=on,mrr=on,mrr_cost_based=on,block_nested_loop=on,batched_key_access=off,materialization=on,semijoin=on,loosescan=on,firstmatch=on,subquery_materialization_cost_based=on,use_index_extensions=on'),
	('INNODB_FILE_FORMAT_CHECK', 'ON'),
	('INNODB_LOG_FILE_SIZE', '268435456');
/*!40000 ALTER TABLE `SESSION_VARIABLES` ENABLE KEYS */;

-- Copiando estrutura para tabela information_schema.STATISTICS
CREATE TEMPORARY TABLE IF NOT EXISTS `STATISTICS` (
  `TABLE_CATALOG` varchar(512) NOT NULL DEFAULT '',
  `TABLE_SCHEMA` varchar(64) NOT NULL DEFAULT '',
  `TABLE_NAME` varchar(64) NOT NULL DEFAULT '',
  `NON_UNIQUE` bigint(1) NOT NULL DEFAULT '0',
  `INDEX_SCHEMA` varchar(64) NOT NULL DEFAULT '',
  `INDEX_NAME` varchar(64) NOT NULL DEFAULT '',
  `SEQ_IN_INDEX` bigint(2) NOT NULL DEFAULT '0',
  `COLUMN_NAME` varchar(64) NOT NULL DEFAULT '',
  `COLLATION` varchar(1) DEFAULT NULL,
  `CARDINALITY` bigint(21) DEFAULT NULL,
  `SUB_PART` bigint(3) DEFAULT NULL,
  `PACKED` varchar(10) DEFAULT NULL,
  `NULLABLE` varchar(3) NOT NULL DEFAULT '',
  `INDEX_TYPE` varchar(16) NOT NULL DEFAULT '',
  `COMMENT` varchar(16) DEFAULT NULL,
  `INDEX_COMMENT` varchar(1024) NOT NULL DEFAULT ''
) ENGINE=MEMORY DEFAULT CHARSET=utf8;

-- Copiando dados para a tabela information_schema.STATISTICS: -1 rows
/*!40000 ALTER TABLE `STATISTICS` DISABLE KEYS */;
INSERT INTO `STATISTICS` (`TABLE_CATALOG`, `TABLE_SCHEMA`, `TABLE_NAME`, `NON_UNIQUE`, `INDEX_SCHEMA`, `INDEX_NAME`, `SEQ_IN_INDEX`, `COLUMN_NAME`, `COLLATION`, `CARDINALITY`, `SUB_PART`, `PACKED`, `NULLABLE`, `INDEX_TYPE`, `COMMENT`, `INDEX_COMMENT`) VALUES
	('def', 'selector', 'evento_quesito', 0, 'selector', 'PRIMARY', 1, 'qst_id', 'A', 3, NULL, NULL, '', 'BTREE', '', ''),
	('def', 'selector', 'evento_quesito', 0, 'selector', 'PRIMARY', 2, 'evt_id', 'A', 3, NULL, NULL, '', 'BTREE', '', ''),
	('def', 'selector', 'evento_quesito', 1, 'selector', 'FK_evento_quesito_eventos', 1, 'evt_id', 'A', 3, NULL, NULL, '', 'BTREE', '', ''),
	('def', 'selector', 'evento_usuario', 0, 'selector', 'Index 3', 1, 'evt_id', 'A', 13, NULL, NULL, '', 'BTREE', '', ''),
	('def', 'selector', 'evento_usuario', 0, 'selector', 'Index 3', 2, 'usr_id', 'A', 27, NULL, NULL, '', 'BTREE', '', ''),
	('def', 'selector', 'evento_usuario', 0, 'selector', 'Index 3', 3, 'funcao', 'A', 27, NULL, NULL, '', 'BTREE', '', ''),
	('def', 'selector', 'evento_usuario', 1, 'selector', 'FK_evento_usuario_usuarios', 1, 'usr_id', 'A', 27, NULL, NULL, '', 'BTREE', '', ''),
	('def', 'selector', 'eventos', 0, 'selector', 'PRIMARY', 1, 'id', 'A', 5, NULL, NULL, '', 'BTREE', '', ''),
	('def', 'selector', 'links', 0, 'selector', 'PRIMARY', 1, 'id', 'A', 13, NULL, NULL, '', 'BTREE', '', ''),
	('def', 'selector', 'links', 1, 'selector', 'FK_links_usuarios', 1, 'usr_id', 'A', 4, NULL, NULL, 'YES', 'BTREE', '', ''),
	('def', 'selector', 'notas', 0, 'selector', 'PRIMARY', 1, 'evt_id', 'A', 3, NULL, NULL, '', 'BTREE', '', ''),
	('def', 'selector', 'notas', 0, 'selector', 'PRIMARY', 2, 'avl_id', 'A', 3, NULL, NULL, '', 'BTREE', '', ''),
	('def', 'selector', 'notas', 0, 'selector', 'PRIMARY', 3, 'cdt_id', 'A', 3, NULL, NULL, '', 'BTREE', '', ''),
	('def', 'selector', 'notas', 0, 'selector', 'PRIMARY', 4, 'qst_id', 'A', 3, NULL, NULL, '', 'BTREE', '', ''),
	('def', 'selector', 'notas', 1, 'selector', 'FK_notas_evento-quesito', 1, 'evt_id', 'A', 3, NULL, NULL, '', 'BTREE', '', ''),
	('def', 'selector', 'notas', 1, 'selector', 'FK_notas_evento-quesito', 2, 'qst_id', 'A', 3, NULL, NULL, '', 'BTREE', '', ''),
	('def', 'selector', 'quesitos', 0, 'selector', 'PRIMARY', 1, 'id', 'A', 3, NULL, NULL, '', 'BTREE', '', ''),
	('def', 'selector', 'quesitos', 0, 'selector', 'Index 2', 1, 'descricao', 'A', 3, NULL, NULL, '', 'BTREE', '', ''),
	('def', 'selector', 'resultados', 0, 'selector', 'PRIMARY', 1, 'evt_id', 'A', 3, NULL, NULL, '', 'BTREE', '', ''),
	('def', 'selector', 'resultados', 0, 'selector', 'PRIMARY', 2, 'qst_id', 'A', 3, NULL, NULL, '', 'BTREE', '', ''),
	('def', 'selector', 'resultados', 0, 'selector', 'PRIMARY', 3, 'cdt_id', 'A', 3, NULL, NULL, '', 'BTREE', '', ''),
	('def', 'selector', 'sessions', 0, 'selector', 'PRIMARY', 1, 'session_id', 'A', 110, NULL, NULL, '', 'BTREE', '', ''),
	('def', 'selector', 'usuarios', 0, 'selector', 'PRIMARY', 1, 'id', 'A', 35, NULL, NULL, '', 'BTREE', '', ''),
	('def', 'selector', 'usuarios', 0, 'selector', 'u_email', 1, 'email', 'A', 35, NULL, NULL, '', 'BTREE', '', '');
/*!40000 ALTER TABLE `STATISTICS` ENABLE KEYS */;

-- Copiando estrutura para tabela information_schema.TABLES
CREATE TEMPORARY TABLE IF NOT EXISTS `TABLES` (
  `TABLE_CATALOG` varchar(512) NOT NULL DEFAULT '',
  `TABLE_SCHEMA` varchar(64) NOT NULL DEFAULT '',
  `TABLE_NAME` varchar(64) NOT NULL DEFAULT '',
  `TABLE_TYPE` varchar(64) NOT NULL DEFAULT '',
  `ENGINE` varchar(64) DEFAULT NULL,
  `VERSION` bigint(21) unsigned DEFAULT NULL,
  `ROW_FORMAT` varchar(10) DEFAULT NULL,
  `TABLE_ROWS` bigint(21) unsigned DEFAULT NULL,
  `AVG_ROW_LENGTH` bigint(21) unsigned DEFAULT NULL,
  `DATA_LENGTH` bigint(21) unsigned DEFAULT NULL,
  `MAX_DATA_LENGTH` bigint(21) unsigned DEFAULT NULL,
  `INDEX_LENGTH` bigint(21) unsigned DEFAULT NULL,
  `DATA_FREE` bigint(21) unsigned DEFAULT NULL,
  `AUTO_INCREMENT` bigint(21) unsigned DEFAULT NULL,
  `CREATE_TIME` datetime DEFAULT NULL,
  `UPDATE_TIME` datetime DEFAULT NULL,
  `CHECK_TIME` datetime DEFAULT NULL,
  `TABLE_COLLATION` varchar(32) DEFAULT NULL,
  `CHECKSUM` bigint(21) unsigned DEFAULT NULL,
  `CREATE_OPTIONS` varchar(255) DEFAULT NULL,
  `TABLE_COMMENT` varchar(2048) NOT NULL DEFAULT ''
) ENGINE=MEMORY DEFAULT CHARSET=utf8;

-- Copiando dados para a tabela information_schema.TABLES: -1 rows
/*!40000 ALTER TABLE `TABLES` DISABLE KEYS */;
INSERT INTO `TABLES` (`TABLE_CATALOG`, `TABLE_SCHEMA`, `TABLE_NAME`, `TABLE_TYPE`, `ENGINE`, `VERSION`, `ROW_FORMAT`, `TABLE_ROWS`, `AVG_ROW_LENGTH`, `DATA_LENGTH`, `MAX_DATA_LENGTH`, `INDEX_LENGTH`, `DATA_FREE`, `AUTO_INCREMENT`, `CREATE_TIME`, `UPDATE_TIME`, `CHECK_TIME`, `TABLE_COLLATION`, `CHECKSUM`, `CREATE_OPTIONS`, `TABLE_COMMENT`) VALUES
	('def', 'information_schema', 'CHARACTER_SETS', 'SYSTEM VIEW', 'MEMORY', 10, 'Fixed', NULL, 384, 0, 65739264, 0, 0, NULL, '2020-05-22 19:54:01', NULL, NULL, 'utf8_general_ci', NULL, 'max_rows=174762', ''),
	('def', 'information_schema', 'COLLATIONS', 'SYSTEM VIEW', 'MEMORY', 10, 'Fixed', NULL, 231, 0, 66819522, 0, 0, NULL, '2020-05-22 19:54:01', NULL, NULL, 'utf8_general_ci', NULL, 'max_rows=290514', ''),
	('def', 'information_schema', 'COLLATION_CHARACTER_SET_APPLICABILITY', 'SYSTEM VIEW', 'MEMORY', 10, 'Fixed', NULL, 195, 0, 65431080, 0, 0, NULL, '2020-05-22 19:54:01', NULL, NULL, 'utf8_general_ci', NULL, 'max_rows=344148', ''),
	('def', 'information_schema', 'COLUMNS', 'SYSTEM VIEW', 'MyISAM', 10, 'Dynamic', NULL, 0, 0, 281474976710655, 1024, 0, NULL, '2020-05-22 19:54:01', '2020-05-22 19:54:01', NULL, 'utf8_general_ci', NULL, 'max_rows=22358', ''),
	('def', 'information_schema', 'COLUMN_PRIVILEGES', 'SYSTEM VIEW', 'MEMORY', 10, 'Fixed', NULL, 2565, 0, 67028580, 0, 0, NULL, '2020-05-22 19:54:01', NULL, NULL, 'utf8_general_ci', NULL, 'max_rows=26163', ''),
	('def', 'information_schema', 'ENGINES', 'SYSTEM VIEW', 'MEMORY', 10, 'Fixed', NULL, 490, 0, 66297000, 0, 0, NULL, '2020-05-22 19:54:01', NULL, NULL, 'utf8_general_ci', NULL, 'max_rows=136956', ''),
	('def', 'information_schema', 'EVENTS', 'SYSTEM VIEW', 'MyISAM', 10, 'Dynamic', NULL, 0, 0, 281474976710655, 1024, 0, NULL, '2020-05-22 19:54:01', '2020-05-22 19:54:01', NULL, 'utf8_general_ci', NULL, 'max_rows=4955', ''),
	('def', 'information_schema', 'FILES', 'SYSTEM VIEW', 'MEMORY', 10, 'Fixed', NULL, 2659, 0, 66982869, 0, 0, NULL, '2020-05-22 19:54:01', NULL, NULL, 'utf8_general_ci', NULL, 'max_rows=25238', ''),
	('def', 'information_schema', 'GLOBAL_STATUS', 'SYSTEM VIEW', 'MEMORY', 10, 'Fixed', NULL, 3268, 0, 67026680, 0, 0, NULL, '2020-05-22 19:54:01', NULL, NULL, 'utf8_general_ci', NULL, 'max_rows=20535', ''),
	('def', 'information_schema', 'GLOBAL_VARIABLES', 'SYSTEM VIEW', 'MEMORY', 10, 'Fixed', NULL, 3268, 0, 67026680, 0, 0, NULL, '2020-05-22 19:54:01', NULL, NULL, 'utf8_general_ci', NULL, 'max_rows=20535', ''),
	('def', 'information_schema', 'KEY_COLUMN_USAGE', 'SYSTEM VIEW', 'MEMORY', 10, 'Fixed', NULL, 4637, 0, 67064931, 0, 0, NULL, '2020-05-22 19:54:01', NULL, NULL, 'utf8_general_ci', NULL, 'max_rows=14472', ''),
	('def', 'information_schema', 'OPTIMIZER_TRACE', 'SYSTEM VIEW', 'MyISAM', 10, 'Dynamic', NULL, 0, 0, 281474976710655, 1024, 0, NULL, '2020-05-22 19:54:01', '2020-05-22 19:54:01', NULL, 'utf8_general_ci', NULL, 'max_rows=4628197', ''),
	('def', 'information_schema', 'PARAMETERS', 'SYSTEM VIEW', 'MyISAM', 10, 'Dynamic', NULL, 0, 0, 281474976710655, 1024, 0, NULL, '2020-05-22 19:54:01', '2020-05-22 19:54:01', NULL, 'utf8_general_ci', NULL, 'max_rows=48175', ''),
	('def', 'information_schema', 'PARTITIONS', 'SYSTEM VIEW', 'MyISAM', 10, 'Dynamic', NULL, 0, 0, 281474976710655, 1024, 0, NULL, '2020-05-22 19:54:01', '2020-05-22 19:54:01', NULL, 'utf8_general_ci', NULL, 'max_rows=44769', ''),
	('def', 'information_schema', 'PLUGINS', 'SYSTEM VIEW', 'MyISAM', 10, 'Dynamic', NULL, 0, 0, 281474976710655, 1024, 0, NULL, '2020-05-22 19:54:01', '2020-05-22 19:54:01', NULL, 'utf8_general_ci', NULL, 'max_rows=90626', ''),
	('def', 'information_schema', 'PROCESSLIST', 'SYSTEM VIEW', 'MyISAM', 10, 'Dynamic', NULL, 0, 0, 281474976710655, 1024, 0, NULL, '2020-05-22 19:54:01', '2020-05-22 19:54:01', NULL, 'utf8_general_ci', NULL, 'max_rows=191193', ''),
	('def', 'information_schema', 'PROFILING', 'SYSTEM VIEW', 'MEMORY', 10, 'Fixed', NULL, 308, 0, 66248336, 0, 0, NULL, '2020-05-22 19:54:01', NULL, NULL, 'utf8_general_ci', NULL, 'max_rows=217885', ''),
	('def', 'information_schema', 'REFERENTIAL_CONSTRAINTS', 'SYSTEM VIEW', 'MEMORY', 10, 'Fixed', NULL, 4814, 0, 67078276, 0, 0, NULL, '2020-05-22 19:54:01', NULL, NULL, 'utf8_general_ci', NULL, 'max_rows=13940', ''),
	('def', 'information_schema', 'ROUTINES', 'SYSTEM VIEW', 'MyISAM', 10, 'Dynamic', NULL, 0, 0, 281474976710655, 1024, 0, NULL, '2020-05-22 19:54:01', '2020-05-22 19:54:01', NULL, 'utf8_general_ci', NULL, 'max_rows=4667', ''),
	('def', 'information_schema', 'SCHEMATA', 'SYSTEM VIEW', 'MEMORY', 10, 'Fixed', NULL, 3464, 0, 66952192, 0, 0, NULL, '2020-05-22 19:54:01', NULL, NULL, 'utf8_general_ci', NULL, 'max_rows=19373', ''),
	('def', 'information_schema', 'SCHEMA_PRIVILEGES', 'SYSTEM VIEW', 'MEMORY', 10, 'Fixed', NULL, 2179, 0, 66954133, 0, 0, NULL, '2020-05-22 19:54:01', NULL, NULL, 'utf8_general_ci', NULL, 'max_rows=30798', ''),
	('def', 'information_schema', 'SESSION_STATUS', 'SYSTEM VIEW', 'MEMORY', 10, 'Fixed', NULL, 3268, 0, 67026680, 0, 0, NULL, '2020-05-22 19:54:01', NULL, NULL, 'utf8_general_ci', NULL, 'max_rows=20535', ''),
	('def', 'information_schema', 'SESSION_VARIABLES', 'SYSTEM VIEW', 'MEMORY', 10, 'Fixed', NULL, 3268, 0, 67026680, 0, 0, NULL, '2020-05-22 19:54:01', NULL, NULL, 'utf8_general_ci', NULL, 'max_rows=20535', ''),
	('def', 'information_schema', 'STATISTICS', 'SYSTEM VIEW', 'MEMORY', 10, 'Fixed', NULL, 5753, 0, 67022450, 0, 0, NULL, '2020-05-22 19:54:01', NULL, NULL, 'utf8_general_ci', NULL, 'max_rows=11665', ''),
	('def', 'information_schema', 'TABLES', 'SYSTEM VIEW', 'MEMORY', 10, 'Fixed', NULL, 9441, 0, 67049982, 0, 0, NULL, '2020-05-22 19:54:01', NULL, NULL, 'utf8_general_ci', NULL, 'max_rows=7108', ''),
	('def', 'information_schema', 'TABLESPACES', 'SYSTEM VIEW', 'MEMORY', 10, 'Fixed', NULL, 6951, 0, 67098003, 0, 0, NULL, '2020-05-22 19:54:01', NULL, NULL, 'utf8_general_ci', NULL, 'max_rows=9654', ''),
	('def', 'information_schema', 'TABLE_CONSTRAINTS', 'SYSTEM VIEW', 'MEMORY', 10, 'Fixed', NULL, 2504, 0, 66894360, 0, 0, NULL, '2020-05-22 19:54:01', NULL, NULL, 'utf8_general_ci', NULL, 'max_rows=26800', ''),
	('def', 'information_schema', 'TABLE_PRIVILEGES', 'SYSTEM VIEW', 'MEMORY', 10, 'Fixed', NULL, 2372, 0, 66994768, 0, 0, NULL, '2020-05-22 19:54:01', NULL, NULL, 'utf8_general_ci', NULL, 'max_rows=28292', ''),
	('def', 'information_schema', 'TRIGGERS', 'SYSTEM VIEW', 'MyISAM', 10, 'Dynamic', NULL, 0, 0, 281474976710655, 1024, 0, NULL, '2020-05-22 19:54:01', '2020-05-22 19:54:01', NULL, 'utf8_general_ci', NULL, 'max_rows=4556', ''),
	('def', 'information_schema', 'USER_PRIVILEGES', 'SYSTEM VIEW', 'MEMORY', 10, 'Fixed', NULL, 1986, 0, 66906354, 0, 0, NULL, '2020-05-22 19:54:01', NULL, NULL, 'utf8_general_ci', NULL, 'max_rows=33790', ''),
	('def', 'information_schema', 'VIEWS', 'SYSTEM VIEW', 'MyISAM', 10, 'Dynamic', NULL, 0, 0, 281474976710655, 1024, 0, NULL, '2020-05-22 19:54:01', '2020-05-22 19:54:01', NULL, 'utf8_general_ci', NULL, 'max_rows=55484', ''),
	('def', 'information_schema', 'INNODB_LOCKS', 'SYSTEM VIEW', 'MEMORY', 10, 'Fixed', NULL, 31244, 0, 67080868, 0, 0, NULL, '2020-05-22 19:54:01', NULL, NULL, 'utf8_general_ci', NULL, 'max_rows=2147', ''),
	('def', 'information_schema', 'INNODB_TRX', 'SYSTEM VIEW', 'MEMORY', 10, 'Fixed', NULL, 4536, 0, 66987648, 0, 0, NULL, '2020-05-22 19:54:01', NULL, NULL, 'utf8_general_ci', NULL, 'max_rows=14794', ''),
	('def', 'information_schema', 'INNODB_SYS_DATAFILES', 'SYSTEM VIEW', 'MEMORY', 10, 'Fixed', NULL, 12007, 0, 67095116, 0, 0, NULL, '2020-05-22 19:54:01', NULL, NULL, 'utf8_general_ci', NULL, 'max_rows=5589', ''),
	('def', 'information_schema', 'INNODB_LOCK_WAITS', 'SYSTEM VIEW', 'MEMORY', 10, 'Fixed', NULL, 599, 0, 66996952, 0, 0, NULL, '2020-05-22 19:54:01', NULL, NULL, 'utf8_general_ci', NULL, 'max_rows=112034', ''),
	('def', 'information_schema', 'INNODB_SYS_TABLESTATS', 'SYSTEM VIEW', 'MEMORY', 10, 'Fixed', NULL, 1215, 0, 67053420, 0, 0, NULL, '2020-05-22 19:54:01', NULL, NULL, 'utf8_general_ci', NULL, 'max_rows=55233', ''),
	('def', 'information_schema', 'INNODB_CMP', 'SYSTEM VIEW', 'MEMORY', 10, 'Fixed', NULL, 25, 0, 52428800, 0, 0, NULL, '2020-05-22 19:54:01', NULL, NULL, 'utf8_general_ci', NULL, 'max_rows=2684354', ''),
	('def', 'information_schema', 'INNODB_METRICS', 'SYSTEM VIEW', 'MEMORY', 10, 'Fixed', NULL, 2994, 0, 66972786, 0, 0, NULL, '2020-05-22 19:54:01', NULL, NULL, 'utf8_general_ci', NULL, 'max_rows=22414', ''),
	('def', 'information_schema', 'INNODB_CMP_RESET', 'SYSTEM VIEW', 'MEMORY', 10, 'Fixed', NULL, 25, 0, 52428800, 0, 0, NULL, '2020-05-22 19:54:01', NULL, NULL, 'utf8_general_ci', NULL, 'max_rows=2684354', ''),
	('def', 'information_schema', 'INNODB_CMP_PER_INDEX', 'SYSTEM VIEW', 'MEMORY', 10, 'Fixed', NULL, 1755, 0, 66918150, 0, 0, NULL, '2020-05-22 19:54:01', NULL, NULL, 'utf8_general_ci', NULL, 'max_rows=38238', ''),
	('def', 'information_schema', 'INNODB_CMPMEM_RESET', 'SYSTEM VIEW', 'MEMORY', 10, 'Fixed', NULL, 29, 0, 60817408, 0, 0, NULL, '2020-05-22 19:54:01', NULL, NULL, 'utf8_general_ci', NULL, 'max_rows=2314098', ''),
	('def', 'information_schema', 'INNODB_FT_DELETED', 'SYSTEM VIEW', 'MEMORY', 10, 'Fixed', NULL, 9, 0, 37748736, 0, 0, NULL, '2020-05-22 19:54:01', NULL, NULL, 'utf8_general_ci', NULL, 'max_rows=7456540', ''),
	('def', 'information_schema', 'INNODB_BUFFER_PAGE_LRU', 'SYSTEM VIEW', 'MEMORY', 10, 'Fixed', NULL, 6669, 0, 67076802, 0, 0, NULL, '2020-05-22 19:54:01', NULL, NULL, 'utf8_general_ci', NULL, 'max_rows=10062', ''),
	('def', 'information_schema', 'INNODB_SYS_FOREIGN', 'SYSTEM VIEW', 'MEMORY', 10, 'Fixed', NULL, 1752, 0, 66803760, 0, 0, NULL, '2020-05-22 19:54:01', NULL, NULL, 'utf8_general_ci', NULL, 'max_rows=38304', ''),
	('def', 'information_schema', 'INNODB_SYS_COLUMNS', 'SYSTEM VIEW', 'MEMORY', 10, 'Fixed', NULL, 610, 0, 66454620, 0, 0, NULL, '2020-05-22 19:54:01', NULL, NULL, 'utf8_general_ci', NULL, 'max_rows=110014', ''),
	('def', 'information_schema', 'INNODB_SYS_INDEXES', 'SYSTEM VIEW', 'MEMORY', 10, 'Fixed', NULL, 614, 0, 66890388, 0, 0, NULL, '2020-05-22 19:54:01', NULL, NULL, 'utf8_general_ci', NULL, 'max_rows=109297', ''),
	('def', 'information_schema', 'INNODB_FT_DEFAULT_STOPWORD', 'SYSTEM VIEW', 'MEMORY', 10, 'Fixed', NULL, 56, 0, 58720256, 0, 0, NULL, '2020-05-22 19:54:01', NULL, NULL, 'utf8_general_ci', NULL, 'max_rows=1198372', ''),
	('def', 'information_schema', 'INNODB_SYS_FIELDS', 'SYSTEM VIEW', 'MEMORY', 10, 'Fixed', NULL, 594, 0, 66437712, 0, 0, NULL, '2020-05-22 19:54:01', NULL, NULL, 'utf8_general_ci', NULL, 'max_rows=112977', ''),
	('def', 'information_schema', 'INNODB_CMP_PER_INDEX_RESET', 'SYSTEM VIEW', 'MEMORY', 10, 'Fixed', NULL, 1755, 0, 66918150, 0, 0, NULL, '2020-05-22 19:54:01', NULL, NULL, 'utf8_general_ci', NULL, 'max_rows=38238', ''),
	('def', 'information_schema', 'INNODB_BUFFER_PAGE', 'SYSTEM VIEW', 'MEMORY', 10, 'Fixed', NULL, 6852, 0, 67067376, 0, 0, NULL, '2020-05-22 19:54:01', NULL, NULL, 'utf8_general_ci', NULL, 'max_rows=9794', ''),
	('def', 'information_schema', 'INNODB_CMPMEM', 'SYSTEM VIEW', 'MEMORY', 10, 'Fixed', NULL, 29, 0, 60817408, 0, 0, NULL, '2020-05-22 19:54:01', NULL, NULL, 'utf8_general_ci', NULL, 'max_rows=2314098', ''),
	('def', 'information_schema', 'INNODB_FT_INDEX_TABLE', 'SYSTEM VIEW', 'MEMORY', 10, 'Fixed', NULL, 1054, 0, 66981700, 0, 0, NULL, '2020-05-22 19:54:01', NULL, NULL, 'utf8_general_ci', NULL, 'max_rows=63670', ''),
	('def', 'information_schema', 'INNODB_FT_BEING_DELETED', 'SYSTEM VIEW', 'MEMORY', 10, 'Fixed', NULL, 9, 0, 37748736, 0, 0, NULL, '2020-05-22 19:54:01', NULL, NULL, 'utf8_general_ci', NULL, 'max_rows=7456540', ''),
	('def', 'information_schema', 'INNODB_SYS_TABLESPACES', 'SYSTEM VIEW', 'MEMORY', 10, 'Fixed', NULL, 2082, 0, 66915480, 0, 0, NULL, '2020-05-22 19:54:01', NULL, NULL, 'utf8_general_ci', NULL, 'max_rows=32232', ''),
	('def', 'information_schema', 'INNODB_FT_INDEX_CACHE', 'SYSTEM VIEW', 'MEMORY', 10, 'Fixed', NULL, 1054, 0, 66981700, 0, 0, NULL, '2020-05-22 19:54:01', NULL, NULL, 'utf8_general_ci', NULL, 'max_rows=63670', ''),
	('def', 'information_schema', 'INNODB_SYS_FOREIGN_COLS', 'SYSTEM VIEW', 'MEMORY', 10, 'Fixed', NULL, 1748, 0, 66955392, 0, 0, NULL, '2020-05-22 19:54:01', NULL, NULL, 'utf8_general_ci', NULL, 'max_rows=38391', ''),
	('def', 'information_schema', 'INNODB_SYS_TABLES', 'SYSTEM VIEW', 'MEMORY', 10, 'Fixed', NULL, 2060, 0, 66976780, 0, 0, NULL, '2020-05-22 19:54:01', NULL, NULL, 'utf8_general_ci', NULL, 'max_rows=32577', ''),
	('def', 'information_schema', 'INNODB_BUFFER_POOL_STATS', 'SYSTEM VIEW', 'MEMORY', 10, 'Fixed', NULL, 257, 0, 65329400, 0, 0, NULL, '2020-05-22 19:54:01', NULL, NULL, 'utf8_general_ci', NULL, 'max_rows=261123', ''),
	('def', 'information_schema', 'INNODB_FT_CONFIG', 'SYSTEM VIEW', 'MEMORY', 10, 'Fixed', NULL, 1163, 0, 66821328, 0, 0, NULL, '2020-05-22 19:54:01', NULL, NULL, 'utf8_general_ci', NULL, 'max_rows=57703', ''),
	('def', 'selector', 'evento_quesito', 'BASE TABLE', 'InnoDB', 10, 'Compact', 3, 5461, 16384, 0, 16384, 0, NULL, '2020-05-19 19:25:17', NULL, NULL, 'latin1_swedish_ci', NULL, '', 'Quesitos de avaliação de cada evento'),
	('def', 'selector', 'evento_usuario', 'BASE TABLE', 'InnoDB', 10, 'Compact', 27, 606, 16384, 0, 16384, 0, NULL, '2020-05-19 19:23:42', NULL, NULL, 'latin1_swedish_ci', NULL, '', ''),
	('def', 'selector', 'eventos', 'BASE TABLE', 'InnoDB', 10, 'Compact', 5, 3276, 16384, 0, 0, 0, 6, '2020-05-19 23:33:59', NULL, NULL, 'latin1_swedish_ci', NULL, '', ''),
	('def', 'selector', 'links', 'BASE TABLE', 'InnoDB', 10, 'Compact', 13, 1260, 16384, 0, 16384, 0, 33, '2020-05-16 21:06:34', NULL, NULL, 'latin1_swedish_ci', NULL, '', ''),
	('def', 'selector', 'notas', 'BASE TABLE', 'InnoDB', 10, 'Compact', 3, 5461, 16384, 0, 16384, 0, NULL, '2020-05-16 21:06:34', NULL, NULL, 'latin1_swedish_ci', NULL, '', ''),
	('def', 'selector', 'quesitos', 'BASE TABLE', 'InnoDB', 10, 'Compact', 3, 5461, 16384, 0, 16384, 0, 4, '2020-05-16 21:06:34', NULL, NULL, 'latin1_swedish_ci', NULL, '', 'Quesitos de avaliação de cada evento'),
	('def', 'selector', 'resultados', 'BASE TABLE', 'InnoDB', 10, 'Compact', 3, 5461, 16384, 0, 0, 0, NULL, '2020-05-16 21:06:35', NULL, NULL, 'latin1_swedish_ci', NULL, '', ''),
	('def', 'selector', 'sessions', 'BASE TABLE', 'InnoDB', 10, 'Compact', 110, 148, 16384, 0, 0, 0, NULL, '2020-05-16 21:06:35', NULL, NULL, 'latin1_swedish_ci', NULL, '', ''),
	('def', 'selector', 'usuarios', 'BASE TABLE', 'InnoDB', 10, 'Compact', 35, 468, 16384, 0, 16384, 0, 65, '2020-05-17 21:28:30', NULL, NULL, 'latin1_swedish_ci', NULL, '', '');
/*!40000 ALTER TABLE `TABLES` ENABLE KEYS */;

-- Copiando estrutura para tabela information_schema.TABLESPACES
CREATE TEMPORARY TABLE IF NOT EXISTS `TABLESPACES` (
  `TABLESPACE_NAME` varchar(64) NOT NULL DEFAULT '',
  `ENGINE` varchar(64) NOT NULL DEFAULT '',
  `TABLESPACE_TYPE` varchar(64) DEFAULT NULL,
  `LOGFILE_GROUP_NAME` varchar(64) DEFAULT NULL,
  `EXTENT_SIZE` bigint(21) unsigned DEFAULT NULL,
  `AUTOEXTEND_SIZE` bigint(21) unsigned DEFAULT NULL,
  `MAXIMUM_SIZE` bigint(21) unsigned DEFAULT NULL,
  `NODEGROUP_ID` bigint(21) unsigned DEFAULT NULL,
  `TABLESPACE_COMMENT` varchar(2048) DEFAULT NULL
) ENGINE=MEMORY DEFAULT CHARSET=utf8;

-- Copiando dados para a tabela information_schema.TABLESPACES: -1 rows
/*!40000 ALTER TABLE `TABLESPACES` DISABLE KEYS */;
/*!40000 ALTER TABLE `TABLESPACES` ENABLE KEYS */;

-- Copiando estrutura para tabela information_schema.TABLE_CONSTRAINTS
CREATE TEMPORARY TABLE IF NOT EXISTS `TABLE_CONSTRAINTS` (
  `CONSTRAINT_CATALOG` varchar(512) NOT NULL DEFAULT '',
  `CONSTRAINT_SCHEMA` varchar(64) NOT NULL DEFAULT '',
  `CONSTRAINT_NAME` varchar(64) NOT NULL DEFAULT '',
  `TABLE_SCHEMA` varchar(64) NOT NULL DEFAULT '',
  `TABLE_NAME` varchar(64) NOT NULL DEFAULT '',
  `CONSTRAINT_TYPE` varchar(64) NOT NULL DEFAULT ''
) ENGINE=MEMORY DEFAULT CHARSET=utf8;

-- Copiando dados para a tabela information_schema.TABLE_CONSTRAINTS: -1 rows
/*!40000 ALTER TABLE `TABLE_CONSTRAINTS` DISABLE KEYS */;
INSERT INTO `TABLE_CONSTRAINTS` (`CONSTRAINT_CATALOG`, `CONSTRAINT_SCHEMA`, `CONSTRAINT_NAME`, `TABLE_SCHEMA`, `TABLE_NAME`, `CONSTRAINT_TYPE`) VALUES
	('def', 'selector', 'PRIMARY', 'selector', 'evento_quesito', 'PRIMARY KEY'),
	('def', 'selector', 'FK_evento_quesito_eventos', 'selector', 'evento_quesito', 'FOREIGN KEY'),
	('def', 'selector', 'FK_evento_quesito_quesitos', 'selector', 'evento_quesito', 'FOREIGN KEY'),
	('def', 'selector', 'Index 3', 'selector', 'evento_usuario', 'UNIQUE'),
	('def', 'selector', 'FK_evento_usuario_eventos', 'selector', 'evento_usuario', 'FOREIGN KEY'),
	('def', 'selector', 'FK_evento_usuario_usuarios', 'selector', 'evento_usuario', 'FOREIGN KEY'),
	('def', 'selector', 'PRIMARY', 'selector', 'eventos', 'PRIMARY KEY'),
	('def', 'selector', 'PRIMARY', 'selector', 'links', 'PRIMARY KEY'),
	('def', 'selector', 'FK_links_usuarios', 'selector', 'links', 'FOREIGN KEY'),
	('def', 'selector', 'PRIMARY', 'selector', 'notas', 'PRIMARY KEY'),
	('def', 'selector', 'FK_notas_evento-quesito', 'selector', 'notas', 'FOREIGN KEY'),
	('def', 'selector', 'PRIMARY', 'selector', 'quesitos', 'PRIMARY KEY'),
	('def', 'selector', 'Index 2', 'selector', 'quesitos', 'UNIQUE'),
	('def', 'selector', 'PRIMARY', 'selector', 'resultados', 'PRIMARY KEY'),
	('def', 'selector', 'FK_resultados_evento-quesito', 'selector', 'resultados', 'FOREIGN KEY'),
	('def', 'selector', 'PRIMARY', 'selector', 'sessions', 'PRIMARY KEY'),
	('def', 'selector', 'PRIMARY', 'selector', 'usuarios', 'PRIMARY KEY'),
	('def', 'selector', 'u_email', 'selector', 'usuarios', 'UNIQUE');
/*!40000 ALTER TABLE `TABLE_CONSTRAINTS` ENABLE KEYS */;

-- Copiando estrutura para tabela information_schema.TABLE_PRIVILEGES
CREATE TEMPORARY TABLE IF NOT EXISTS `TABLE_PRIVILEGES` (
  `GRANTEE` varchar(81) NOT NULL DEFAULT '',
  `TABLE_CATALOG` varchar(512) NOT NULL DEFAULT '',
  `TABLE_SCHEMA` varchar(64) NOT NULL DEFAULT '',
  `TABLE_NAME` varchar(64) NOT NULL DEFAULT '',
  `PRIVILEGE_TYPE` varchar(64) NOT NULL DEFAULT '',
  `IS_GRANTABLE` varchar(3) NOT NULL DEFAULT ''
) ENGINE=MEMORY DEFAULT CHARSET=utf8;

-- Copiando dados para a tabela information_schema.TABLE_PRIVILEGES: -1 rows
/*!40000 ALTER TABLE `TABLE_PRIVILEGES` DISABLE KEYS */;
/*!40000 ALTER TABLE `TABLE_PRIVILEGES` ENABLE KEYS */;

-- Copiando estrutura para tabela information_schema.TRIGGERS
CREATE TEMPORARY TABLE IF NOT EXISTS `TRIGGERS` (
  `TRIGGER_CATALOG` varchar(512) NOT NULL DEFAULT '',
  `TRIGGER_SCHEMA` varchar(64) NOT NULL DEFAULT '',
  `TRIGGER_NAME` varchar(64) NOT NULL DEFAULT '',
  `EVENT_MANIPULATION` varchar(6) NOT NULL DEFAULT '',
  `EVENT_OBJECT_CATALOG` varchar(512) NOT NULL DEFAULT '',
  `EVENT_OBJECT_SCHEMA` varchar(64) NOT NULL DEFAULT '',
  `EVENT_OBJECT_TABLE` varchar(64) NOT NULL DEFAULT '',
  `ACTION_ORDER` bigint(4) NOT NULL DEFAULT '0',
  `ACTION_CONDITION` longtext,
  `ACTION_STATEMENT` longtext NOT NULL,
  `ACTION_ORIENTATION` varchar(9) NOT NULL DEFAULT '',
  `ACTION_TIMING` varchar(6) NOT NULL DEFAULT '',
  `ACTION_REFERENCE_OLD_TABLE` varchar(64) DEFAULT NULL,
  `ACTION_REFERENCE_NEW_TABLE` varchar(64) DEFAULT NULL,
  `ACTION_REFERENCE_OLD_ROW` varchar(3) NOT NULL DEFAULT '',
  `ACTION_REFERENCE_NEW_ROW` varchar(3) NOT NULL DEFAULT '',
  `CREATED` datetime DEFAULT NULL,
  `SQL_MODE` varchar(8192) NOT NULL DEFAULT '',
  `DEFINER` varchar(77) NOT NULL DEFAULT '',
  `CHARACTER_SET_CLIENT` varchar(32) NOT NULL DEFAULT '',
  `COLLATION_CONNECTION` varchar(32) NOT NULL DEFAULT '',
  `DATABASE_COLLATION` varchar(32) NOT NULL DEFAULT ''
) ENGINE=MyISAM DEFAULT CHARSET=utf8;

-- Copiando dados para a tabela information_schema.TRIGGERS: -1 rows
/*!40000 ALTER TABLE `TRIGGERS` DISABLE KEYS */;
/*!40000 ALTER TABLE `TRIGGERS` ENABLE KEYS */;

-- Copiando estrutura para tabela information_schema.USER_PRIVILEGES
CREATE TEMPORARY TABLE IF NOT EXISTS `USER_PRIVILEGES` (
  `GRANTEE` varchar(81) NOT NULL DEFAULT '',
  `TABLE_CATALOG` varchar(512) NOT NULL DEFAULT '',
  `PRIVILEGE_TYPE` varchar(64) NOT NULL DEFAULT '',
  `IS_GRANTABLE` varchar(3) NOT NULL DEFAULT ''
) ENGINE=MEMORY DEFAULT CHARSET=utf8;

-- Copiando dados para a tabela information_schema.USER_PRIVILEGES: -1 rows
/*!40000 ALTER TABLE `USER_PRIVILEGES` DISABLE KEYS */;
INSERT INTO `USER_PRIVILEGES` (`GRANTEE`, `TABLE_CATALOG`, `PRIVILEGE_TYPE`, `IS_GRANTABLE`) VALUES
	('\'selector_adm\'@\'%\'', 'def', 'USAGE', 'NO');
/*!40000 ALTER TABLE `USER_PRIVILEGES` ENABLE KEYS */;

-- Copiando estrutura para tabela information_schema.VIEWS
CREATE TEMPORARY TABLE IF NOT EXISTS `VIEWS` (
  `TABLE_CATALOG` varchar(512) NOT NULL DEFAULT '',
  `TABLE_SCHEMA` varchar(64) NOT NULL DEFAULT '',
  `TABLE_NAME` varchar(64) NOT NULL DEFAULT '',
  `VIEW_DEFINITION` longtext NOT NULL,
  `CHECK_OPTION` varchar(8) NOT NULL DEFAULT '',
  `IS_UPDATABLE` varchar(3) NOT NULL DEFAULT '',
  `DEFINER` varchar(77) NOT NULL DEFAULT '',
  `SECURITY_TYPE` varchar(7) NOT NULL DEFAULT '',
  `CHARACTER_SET_CLIENT` varchar(32) NOT NULL DEFAULT '',
  `COLLATION_CONNECTION` varchar(32) NOT NULL DEFAULT ''
) ENGINE=MyISAM DEFAULT CHARSET=utf8;

-- Copiando dados para a tabela information_schema.VIEWS: -1 rows
/*!40000 ALTER TABLE `VIEWS` DISABLE KEYS */;
/*!40000 ALTER TABLE `VIEWS` ENABLE KEYS */;

-- Copiando estrutura para tabela selector.eventos
CREATE TABLE IF NOT EXISTS `eventos` (
  `id` int(11) NOT NULL AUTO_INCREMENT,
  `descricao` varchar(50) NOT NULL DEFAULT '',
  `resumo` varchar(200) NOT NULL DEFAULT '',
  `qtd_cand` int(10) unsigned NOT NULL DEFAULT '0',
  `qtd_aprov` int(10) unsigned NOT NULL DEFAULT '0',
  `ts_ini` timestamp NOT NULL DEFAULT CURRENT_TIMESTAMP,
  `ts_fim` timestamp NOT NULL DEFAULT CURRENT_TIMESTAMP,
  `nota_min` decimal(25,15) unsigned NOT NULL DEFAULT '0.000000000000000',
  `nota_max` decimal(25,15) unsigned NOT NULL DEFAULT '0.000000000000000',
  `nota_decimais` tinyint(2) unsigned NOT NULL DEFAULT '0',
  `score_decimais` tinyint(2) unsigned NOT NULL DEFAULT '0',
  `editar` enum('Y','N') NOT NULL DEFAULT 'N',
  `votar` enum('Y','N') NOT NULL DEFAULT 'N',
  `ts_new` timestamp NOT NULL DEFAULT CURRENT_TIMESTAMP,
  `ts_upd` timestamp NOT NULL DEFAULT CURRENT_TIMESTAMP ON UPDATE CURRENT_TIMESTAMP,
  PRIMARY KEY (`id`)
) ENGINE=InnoDB AUTO_INCREMENT=6 DEFAULT CHARSET=latin1;

-- Copiando dados para a tabela selector.eventos: ~5 rows (aproximadamente)
/*!40000 ALTER TABLE `eventos` DISABLE KEYS */;
INSERT INTO `eventos` (`id`, `descricao`, `resumo`, `qtd_cand`, `qtd_aprov`, `ts_ini`, `ts_fim`, `nota_min`, `nota_max`, `nota_decimais`, `score_decimais`, `editar`, `votar`, `ts_new`, `ts_upd`) VALUES
	(1, 'SELEÇÃO BAILARINOS CIA MUNICIPAL DE DANÇA--------H', '', 70, 24, '2020-06-05 09:00:00', '2020-04-25 18:00:00', 1.000000000000000, 10.000000000000000, 2, 3, 'N', 'N', '2020-04-19 21:53:50', '2020-05-20 23:38:39'),
	(2, 'SELEÇAO BAILARINOS CIA JOVEM 2020', '', 20, 10, '2020-05-18 18:00:00', '2020-05-18 22:00:00', 1.000000000000000, 10.000000000000000, 2, 4, 'N', 'N', '2020-05-18 21:23:43', '2020-05-20 23:25:23'),
	(3, 'PROGRAMADORES JAVA/MYSQL/HTML5/CSS 2020 12345678H!', '', 25, 3, '2020-05-18 00:00:00', '2020-05-25 00:00:00', 0.000000000000000, 100.000000000000000, 1, 3, 'N', 'N', '2020-05-18 21:25:32', '2020-05-18 22:35:46'),
	(4, 'EVENTO 4 - SELEÇÃO TESTE', '', 10, 2, '2020-05-26 00:00:00', '2020-06-07 00:00:00', 0.000000000000000, 0.000000000000000, 0, 0, 'N', 'N', '2020-05-19 22:37:46', '2020-05-18 22:38:28'),
	(5, 'EVENTO MASTER 2020', '', 200, 10, '2020-05-19 15:30:45', '2020-05-19 00:00:00', 0.000000000000000, 0.000000000000000, 0, 0, 'N', 'N', '2020-05-19 20:37:36', '2020-05-20 23:24:18');
/*!40000 ALTER TABLE `eventos` ENABLE KEYS */;

-- Copiando estrutura para tabela selector.evento_quesito
CREATE TABLE IF NOT EXISTS `evento_quesito` (
  `evt_id` int(11) NOT NULL,
  `qst_id` int(11) NOT NULL,
  `peso` decimal(6,3) unsigned NOT NULL DEFAULT '1.000',
  `ts_new` timestamp NOT NULL DEFAULT CURRENT_TIMESTAMP,
  `ts_upd` timestamp NOT NULL DEFAULT CURRENT_TIMESTAMP ON UPDATE CURRENT_TIMESTAMP,
  PRIMARY KEY (`qst_id`,`evt_id`),
  KEY `FK_evento_quesito_eventos` (`evt_id`),
  CONSTRAINT `FK_evento_quesito_eventos` FOREIGN KEY (`evt_id`) REFERENCES `eventos` (`id`),
  CONSTRAINT `FK_evento_quesito_quesitos` FOREIGN KEY (`qst_id`) REFERENCES `quesitos` (`id`)
) ENGINE=InnoDB DEFAULT CHARSET=latin1 COMMENT='Quesitos de avaliação de cada evento';

-- Copiando dados para a tabela selector.evento_quesito: ~3 rows (aproximadamente)
/*!40000 ALTER TABLE `evento_quesito` DISABLE KEYS */;
INSERT INTO `evento_quesito` (`evt_id`, `qst_id`, `peso`, `ts_new`, `ts_upd`) VALUES
	(1, 1, 1.000, '2020-04-21 13:35:46', '2020-04-21 15:10:46'),
	(1, 2, 2.000, '2020-04-21 20:11:39', '2020-04-21 20:11:39'),
	(1, 3, 2.000, '2020-04-21 20:11:55', '2020-04-21 20:11:55');
/*!40000 ALTER TABLE `evento_quesito` ENABLE KEYS */;

-- Copiando estrutura para tabela selector.evento_usuario
CREATE TABLE IF NOT EXISTS `evento_usuario` (
  `evt_id` int(11) NOT NULL,
  `usr_id` int(11) NOT NULL,
  `funcao` enum('0','1','2') NOT NULL DEFAULT '2',
  `ts_new` timestamp NOT NULL DEFAULT CURRENT_TIMESTAMP,
  `ts_upd` timestamp NOT NULL DEFAULT CURRENT_TIMESTAMP ON UPDATE CURRENT_TIMESTAMP,
  UNIQUE KEY `Index 3` (`evt_id`,`usr_id`,`funcao`),
  KEY `FK_evento_usuario_usuarios` (`usr_id`),
  CONSTRAINT `FK_evento_usuario_eventos` FOREIGN KEY (`evt_id`) REFERENCES `eventos` (`id`),
  CONSTRAINT `FK_evento_usuario_usuarios` FOREIGN KEY (`usr_id`) REFERENCES `usuarios` (`id`)
) ENGINE=InnoDB DEFAULT CHARSET=latin1;

-- Copiando dados para a tabela selector.evento_usuario: ~27 rows (aproximadamente)
/*!40000 ALTER TABLE `evento_usuario` DISABLE KEYS */;
INSERT INTO `evento_usuario` (`evt_id`, `usr_id`, `funcao`, `ts_new`, `ts_upd`) VALUES
	(1, 19, '0', '2020-04-19 21:59:19', '2020-05-19 19:12:52'),
	(1, 19, '1', '2020-05-21 01:21:28', '2020-05-21 01:21:28'),
	(1, 20, '2', '2020-05-19 21:40:48', '2020-05-19 21:40:48'),
	(1, 44, '1', '2020-05-17 21:47:34', '2020-05-19 19:13:45'),
	(1, 50, '1', '2020-05-17 21:47:46', '2020-05-19 19:13:54'),
	(1, 56, '2', '2020-05-19 20:41:25', '2020-05-19 20:41:25'),
	(2, 19, '0', '2020-05-17 21:47:55', '2020-05-19 19:13:40'),
	(2, 19, '1', '2020-05-21 01:21:51', '2020-05-21 01:21:51'),
	(3, 20, '0', '2020-04-19 21:59:52', '2020-05-19 19:13:22'),
	(4, 20, '0', '2020-04-19 22:00:24', '2020-05-19 19:13:16'),
	(5, 19, '0', '2020-05-19 20:39:58', '2020-05-19 20:39:58'),
	(5, 19, '1', '2020-05-21 01:22:06', '2020-05-21 01:22:06'),
	(5, 20, '0', '2020-05-21 20:57:18', '2020-05-21 20:57:18'),
	(5, 20, '1', '2020-05-19 20:40:55', '2020-05-19 20:40:55'),
	(5, 21, '2', '2020-05-21 20:52:05', '2020-05-21 20:52:05'),
	(5, 22, '2', '2020-05-21 20:52:18', '2020-05-21 20:52:18'),
	(5, 23, '2', '2020-05-21 20:52:27', '2020-05-21 20:52:27'),
	(5, 24, '2', '2020-05-21 20:52:32', '2020-05-21 20:52:32'),
	(5, 25, '2', '2020-05-21 20:52:39', '2020-05-21 20:52:39'),
	(5, 30, '2', '2020-05-21 20:55:12', '2020-05-21 20:55:12'),
	(5, 36, '2', '2020-05-21 20:53:05', '2020-05-21 20:53:05'),
	(5, 40, '2', '2020-05-21 20:59:16', '2020-05-21 20:59:16'),
	(5, 44, '2', '2020-05-21 20:54:46', '2020-05-21 20:54:46'),
	(5, 47, '2', '2020-05-21 20:54:56', '2020-05-21 20:54:56'),
	(5, 50, '2', '2020-05-21 20:53:14', '2020-05-21 20:53:14'),
	(5, 52, '2', '2020-05-21 20:55:44', '2020-05-21 20:55:44'),
	(5, 55, '2', '2020-05-21 20:54:38', '2020-05-21 20:54:38'),
	(5, 57, '2', '2020-05-21 20:53:36', '2020-05-21 20:53:36'),
	(5, 58, '2', '2020-05-21 20:55:23', '2020-05-21 20:55:23'),
	(5, 59, '2', '2020-05-21 20:55:31', '2020-05-21 20:55:31');
/*!40000 ALTER TABLE `evento_usuario` ENABLE KEYS */;

-- Copiando estrutura para tabela selector.links
CREATE TABLE IF NOT EXISTS `links` (
  `id` int(11) NOT NULL AUTO_INCREMENT,
  `title` varchar(150) NOT NULL,
  `url` varchar(255) NOT NULL,
  `description` text NOT NULL,
  `usr_id` int(11) DEFAULT NULL,
  `created_at` timestamp NULL DEFAULT CURRENT_TIMESTAMP,
  PRIMARY KEY (`id`),
  KEY `FK_links_usuarios` (`usr_id`),
  CONSTRAINT `FK_links_usuarios` FOREIGN KEY (`usr_id`) REFERENCES `usuarios` (`id`)
) ENGINE=InnoDB AUTO_INCREMENT=33 DEFAULT CHARSET=latin1;

-- Copiando dados para a tabela selector.links: ~13 rows (aproximadamente)
/*!40000 ALTER TABLE `links` DISABLE KEYS */;
INSERT INTO `links` (`id`, `title`, `url`, `description`, `usr_id`, `created_at`) VALUES
	(14, 'Sony', 'http://sony.com', 'PS4\'s House', 19, '2020-04-30 20:48:39'),
	(18, 'Oloko', 'https://gshow.globo.com/programas/domingao-do-faustao/', 'Essa fera aí meu', 20, '2020-04-30 20:57:58'),
	(19, 'Ultrage!', 'https://www.youtube.com/user/bebadex', 'eu tinha uma galinha ...\r\n', 19, '2020-04-30 20:59:46'),
	(21, 'Quac!', 'http://link.com', 'Sei lá!', 19, '2020-04-30 21:09:36'),
	(22, 'TESTE GRANDE', 'http://www.americanas.com', 'OLOKinho meu..', 20, '2020-04-30 21:19:40'),
	(24, 'Instagram', 'http://instagram.com', 'Photos Super!\r\n\r\n', 20, '2020-05-01 18:42:39'),
	(25, 'EA Games', 'http://ea.com', 'site de jogos', 20, '2020-05-02 21:28:32'),
	(26, 'Link Próprio', 'http://ferrari.com', 'Meu próximo', 19, '2020-05-05 22:57:11'),
	(27, 'Cia Mun Dança', 'http://ciamunicipaldancapoa.com', 'Site Oficial da Cia Municipal de Dança de Porto Alegre / RS', 19, '2020-05-06 22:48:18'),
	(28, 'Cia Mun Dança', 'http://ciamunicipaldancapoa.com', 'Site Oficial da Cia Municipal de Dança de Porto Alegre / RS', 20, '2020-05-06 22:55:17'),
	(29, 'Nova Hospedagem', 'http://bmw.com', 'Sonhos ...', 19, '2020-05-16 21:19:37'),
	(31, 'novo 3', 'http://f1.com', 'Formula 1', 19, '2020-05-18 13:34:15'),
	(32, 'Novo 4', 'http://renner.com.br', 'lojas renner', 19, '2020-05-18 13:35:44');
/*!40000 ALTER TABLE `links` ENABLE KEYS */;

-- Copiando estrutura para tabela selector.notas
CREATE TABLE IF NOT EXISTS `notas` (
  `evt_id` int(11) NOT NULL,
  `qst_id` int(11) NOT NULL,
  `avl_id` int(11) NOT NULL,
  `cdt_id` int(11) NOT NULL,
  `nota` decimal(25,15) unsigned NOT NULL DEFAULT '0.000000000000000',
  `ts_new` timestamp NOT NULL DEFAULT CURRENT_TIMESTAMP,
  `ts_upd` timestamp NOT NULL DEFAULT CURRENT_TIMESTAMP ON UPDATE CURRENT_TIMESTAMP,
  PRIMARY KEY (`evt_id`,`avl_id`,`cdt_id`,`qst_id`),
  KEY `FK_notas_evento-quesito` (`evt_id`,`qst_id`),
  CONSTRAINT `FK_notas_evento-quesito` FOREIGN KEY (`evt_id`, `qst_id`) REFERENCES `evento_quesito` (`evt_id`, `qst_id`)
) ENGINE=InnoDB DEFAULT CHARSET=latin1;

-- Copiando dados para a tabela selector.notas: ~3 rows (aproximadamente)
/*!40000 ALTER TABLE `notas` DISABLE KEYS */;
INSERT INTO `notas` (`evt_id`, `qst_id`, `avl_id`, `cdt_id`, `nota`, `ts_new`, `ts_upd`) VALUES
	(1, 1, 50, 56, 6.000000000000000, '2020-04-21 20:13:09', '2020-05-19 21:02:24'),
	(1, 2, 50, 56, 7.000000000000000, '2020-05-19 20:57:09', '2020-05-19 21:02:27'),
	(1, 3, 50, 56, 0.000000000000000, '2020-05-19 20:57:23', '2020-05-19 21:02:15');
/*!40000 ALTER TABLE `notas` ENABLE KEYS */;

-- Copiando estrutura para tabela selector.quesitos
CREATE TABLE IF NOT EXISTS `quesitos` (
  `id` int(11) NOT NULL AUTO_INCREMENT,
  `descricao` char(20) NOT NULL,
  `ts_new` timestamp NOT NULL DEFAULT CURRENT_TIMESTAMP,
  `ts_upd` timestamp NOT NULL DEFAULT CURRENT_TIMESTAMP ON UPDATE CURRENT_TIMESTAMP,
  PRIMARY KEY (`id`),
  UNIQUE KEY `Index 2` (`descricao`)
) ENGINE=InnoDB AUTO_INCREMENT=4 DEFAULT CHARSET=latin1 COMMENT='Quesitos de avaliação de cada evento';

-- Copiando dados para a tabela selector.quesitos: ~3 rows (aproximadamente)
/*!40000 ALTER TABLE `quesitos` DISABLE KEYS */;
INSERT INTO `quesitos` (`id`, `descricao`, `ts_new`, `ts_upd`) VALUES
	(1, 'AULA', '2020-04-21 13:16:44', '2020-04-21 13:16:44'),
	(2, 'IMPROVISAÇÃO', '2020-04-21 13:16:52', '2020-04-21 13:16:52'),
	(3, 'REPERTÓRIO', '2020-04-21 13:17:11', '2020-04-21 13:17:11');
/*!40000 ALTER TABLE `quesitos` ENABLE KEYS */;

-- Copiando estrutura para tabela selector.resultados
CREATE TABLE IF NOT EXISTS `resultados` (
  `evt_id` int(11) NOT NULL,
  `qst_id` int(11) NOT NULL,
  `cdt_id` int(11) NOT NULL,
  `media` decimal(25,15) unsigned NOT NULL DEFAULT '0.000000000000000',
  `peso` decimal(6,3) unsigned NOT NULL DEFAULT '0.000',
  `score` decimal(25,15) unsigned NOT NULL DEFAULT '0.000000000000000',
  `ts_new` timestamp NOT NULL DEFAULT CURRENT_TIMESTAMP,
  `ts_upd` timestamp NOT NULL DEFAULT CURRENT_TIMESTAMP ON UPDATE CURRENT_TIMESTAMP,
  PRIMARY KEY (`evt_id`,`qst_id`,`cdt_id`) USING BTREE,
  CONSTRAINT `FK_resultados_evento-quesito` FOREIGN KEY (`evt_id`, `qst_id`) REFERENCES `evento_quesito` (`evt_id`, `qst_id`)
) ENGINE=InnoDB DEFAULT CHARSET=latin1;

-- Copiando dados para a tabela selector.resultados: ~3 rows (aproximadamente)
/*!40000 ALTER TABLE `resultados` DISABLE KEYS */;
INSERT INTO `resultados` (`evt_id`, `qst_id`, `cdt_id`, `media`, `peso`, `score`, `ts_new`, `ts_upd`) VALUES
	(1, 1, 50, 8.000000000000000, 1.000, 8.756000000000000, '2020-04-21 17:04:47', '2020-05-19 20:52:04'),
	(1, 2, 53, 8.000000000000000, 2.000, 8.756000000000000, '2020-04-21 20:15:11', '2020-05-19 20:52:09'),
	(1, 3, 22, 9.000000000000000, 2.000, 8.756000000000000, '2020-04-21 20:15:51', '2020-05-19 20:52:15');
/*!40000 ALTER TABLE `resultados` ENABLE KEYS */;

-- Copiando estrutura para tabela selector.sessions
CREATE TABLE IF NOT EXISTS `sessions` (
  `session_id` varchar(128) CHARACTER SET utf8mb4 COLLATE utf8mb4_bin NOT NULL,
  `expires` int(11) unsigned NOT NULL,
  `data` mediumtext CHARACTER SET utf8mb4 COLLATE utf8mb4_bin,
  PRIMARY KEY (`session_id`)
) ENGINE=InnoDB DEFAULT CHARSET=latin1;

-- Copiando dados para a tabela selector.sessions: ~109 rows (aproximadamente)
/*!40000 ALTER TABLE `sessions` DISABLE KEYS */;
INSERT INTO `sessions` (`session_id`, `expires`, `data`) VALUES
	('-S3L44-KwO_hyKux3z2SChyygcAVKfMc', 1590235315, '{"cookie":{"originalMaxAge":null,"expires":null,"httpOnly":true,"path":"/"},"flash":{}}'),
	('-avxz6PdSq6NF_mnoNIvQ_jzuexj2x3B', 1590217311, '{"cookie":{"originalMaxAge":null,"expires":null,"httpOnly":true,"path":"/"},"flash":{}}'),
	('-dJMGxqaxGNorSk-ZszTbNprRQAozYWn', 1590216111, '{"cookie":{"originalMaxAge":null,"expires":null,"httpOnly":true,"path":"/"},"flash":{}}'),
	('-nHzlTgRXdSHXzukd3L1PQFSikoCOUFf', 1590271313, '{"cookie":{"originalMaxAge":null,"expires":null,"httpOnly":true,"path":"/"},"flash":{}}'),
	('-t4Yy8dsnZS4_UCKtL5EKoySh9dBOzOg', 1590213061, '{"cookie":{"originalMaxAge":null,"expires":null,"httpOnly":true,"path":"/"},"flash":{},"passport":{}}'),
	('1PBqsu3v75Kq9n30MbpSZFDZIjl4WnL9', 1590246712, '{"cookie":{"originalMaxAge":null,"expires":null,"httpOnly":true,"path":"/"},"flash":{}}'),
	('1XGf3fsoT_dhwVzGCYF1Rtoc85RTZAVu', 1590256913, '{"cookie":{"originalMaxAge":null,"expires":null,"httpOnly":true,"path":"/"},"flash":{}}'),
	('1_-ASOSde8fzdKiQ_WmvX5cL4TOG8Mpb', 1590226312, '{"cookie":{"originalMaxAge":null,"expires":null,"httpOnly":true,"path":"/"},"flash":{}}'),
	('2KG_SVqAOUaPtjxJYenB6nEbdKrCqKnt', 1590234112, '{"cookie":{"originalMaxAge":null,"expires":null,"httpOnly":true,"path":"/"},"flash":{}}'),
	('2M330EV4dsUMin4YujeuYo6nET-8FiC-', 1590246113, '{"cookie":{"originalMaxAge":null,"expires":null,"httpOnly":true,"path":"/"},"flash":{}}'),
	('2vlNX40uUvYcxG-zQe7TDc00I0qMqpdJ', 1590231112, '{"cookie":{"originalMaxAge":null,"expires":null,"httpOnly":true,"path":"/"},"flash":{}}'),
	('3L641bmxBq0lSchrJQLngGmdVgumNb3K', 1590238313, '{"cookie":{"originalMaxAge":null,"expires":null,"httpOnly":true,"path":"/"},"flash":{}}'),
	('3UDSN5VUMA5obRGM7XuTu1ghwN_TWyC8', 1590223912, '{"cookie":{"originalMaxAge":null,"expires":null,"httpOnly":true,"path":"/"},"flash":{}}'),
	('3hd3vPoClSIQC2SoA6NM4vdF1KUG9f8x', 1590247912, '{"cookie":{"originalMaxAge":null,"expires":null,"httpOnly":true,"path":"/"},"flash":{}}'),
	('3iYuMRGKL5Am8WE3kD5UfnMDoMABJkhN', 1590249713, '{"cookie":{"originalMaxAge":null,"expires":null,"httpOnly":true,"path":"/"},"flash":{}}'),
	('3qWOEyNmyRMohCHG0nu3A9gnSoYsKx7S', 1590236512, '{"cookie":{"originalMaxAge":null,"expires":null,"httpOnly":true,"path":"/"},"flash":{}}'),
	('4A4V6zjgtZ-ksq6xc134kG2RGe7CeReQ', 1590238912, '{"cookie":{"originalMaxAge":null,"expires":null,"httpOnly":true,"path":"/"},"flash":{}}'),
	('4talWkpQT1bFGov8GZAACxTOkAkEFCYP', 1590243712, '{"cookie":{"originalMaxAge":null,"expires":null,"httpOnly":true,"path":"/"},"flash":{}}'),
	('4uQU9NzF3MJBDbaJ1i5F2tb2vp39EmAi', 1590239512, '{"cookie":{"originalMaxAge":null,"expires":null,"httpOnly":true,"path":"/"},"flash":{}}'),
	('576LLkTvY4DOhCywvf4pprTDQ6cyrzfE', 1590219711, '{"cookie":{"originalMaxAge":null,"expires":null,"httpOnly":true,"path":"/"},"flash":{}}'),
	('58uYXxIqAFR_XyJgXtmfFPN4qWV60FfQ', 1590218511, '{"cookie":{"originalMaxAge":null,"expires":null,"httpOnly":true,"path":"/"},"flash":{}}'),
	('5syH7c5HdEMKpSHCUFQhD4lkpkLrI8kQ', 1590270113, '{"cookie":{"originalMaxAge":null,"expires":null,"httpOnly":true,"path":"/"},"flash":{}}'),
	('5tHFE8OU1_snfov73MBvyC9y2wXTecwM', 1590250313, '{"cookie":{"originalMaxAge":null,"expires":null,"httpOnly":true,"path":"/"},"flash":{}}'),
	('5zkgPUPqSV8wAg38Hb-vCKLyrVSuJg3D', 1590216711, '{"cookie":{"originalMaxAge":null,"expires":null,"httpOnly":true,"path":"/"},"flash":{}}'),
	('6tjxqWfiriGsqJBTMuqVDj1vGQCx6Kg-', 1590267713, '{"cookie":{"originalMaxAge":null,"expires":null,"httpOnly":true,"path":"/"},"flash":{}}'),
	('6vrV8RHS1ouIAocaRMez0QfN46DiVtpo', 1590249112, '{"cookie":{"originalMaxAge":null,"expires":null,"httpOnly":true,"path":"/"},"flash":{}}'),
	('77HwTotfeafURxaqseYStztIcDB6zgdI', 1590214911, '{"cookie":{"originalMaxAge":null,"expires":null,"httpOnly":true,"path":"/"},"flash":{}}'),
	('7D6f-5x8TermdVibRwq0C93HJi_z67h_', 1590273714, '{"cookie":{"originalMaxAge":null,"expires":null,"httpOnly":true,"path":"/"},"flash":{}}'),
	('8CbOODf3iEUB5Rtzgr1k3ehTttqEdi1p', 1590253913, '{"cookie":{"originalMaxAge":null,"expires":null,"httpOnly":true,"path":"/"},"flash":{}}'),
	('8NnYKB0PUotksnr0ZVC9TqPO08MSxT4n', 1590225712, '{"cookie":{"originalMaxAge":null,"expires":null,"httpOnly":true,"path":"/"},"flash":{}}'),
	('8QKqC1jA3vU4LeIy7OkNbCMYDZYwjBwO', 1590268913, '{"cookie":{"originalMaxAge":null,"expires":null,"httpOnly":true,"path":"/"},"flash":{}}'),
	('8ku77fSXal1fzYxfmqc8a0QxVwM0sj6r', 1590222112, '{"cookie":{"originalMaxAge":null,"expires":null,"httpOnly":true,"path":"/"},"flash":{}}'),
	('8voRqZXuyx0RWkWG4SKv9S_K1TCv5VBR', 1590211311, '{"cookie":{"originalMaxAge":null,"expires":null,"httpOnly":true,"path":"/"},"flash":{}}'),
	('9A2wlQYNCH46PVMp5XKQavsqYrCVbEL7', 1590253313, '{"cookie":{"originalMaxAge":null,"expires":null,"httpOnly":true,"path":"/"},"flash":{}}'),
	('9UNnhH_b-AB-T4GIoGU3ZMA05PkOghcb', 1590210711, '{"cookie":{"originalMaxAge":null,"expires":null,"httpOnly":true,"path":"/"},"flash":{}}'),
	('A3x6abVFSGWWZq8F-lmjdwweQOe2HNf2', 1590257513, '{"cookie":{"originalMaxAge":null,"expires":null,"httpOnly":true,"path":"/"},"flash":{}}'),
	('ATBjh-jU_sdNeQ5aKArIYgMN03WH_l4R', 1590230512, '{"cookie":{"originalMaxAge":null,"expires":null,"httpOnly":true,"path":"/"},"flash":{}}'),
	('Bxw78DCiuVPqP8p1cgZ3ky2NkcBa-77j', 1590228712, '{"cookie":{"originalMaxAge":null,"expires":null,"httpOnly":true,"path":"/"},"flash":{}}'),
	('Byk4nOYO9lUERoDYIXv7slpwKMXVaLrq', 1590256313, '{"cookie":{"originalMaxAge":null,"expires":null,"httpOnly":true,"path":"/"},"flash":{}}'),
	('CM0T055yfPzqdJbKvQ_PpTAjpwvr3KpE', 1590226912, '{"cookie":{"originalMaxAge":null,"expires":null,"httpOnly":true,"path":"/"},"flash":{}}'),
	('DGFbmuDLI07KdeJdAd1F4XHg2bwnZNkf', 1590242513, '{"cookie":{"originalMaxAge":null,"expires":null,"httpOnly":true,"path":"/"},"flash":{}}'),
	('DbVUliAt0YDecuxgkNi_13m_Se537iWQ', 1590237112, '{"cookie":{"originalMaxAge":null,"expires":null,"httpOnly":true,"path":"/"},"flash":{}}'),
	('DsNfoA1OvUD3YZHt9kLvtq1MkPKuYgQA', 1590244312, '{"cookie":{"originalMaxAge":null,"expires":null,"httpOnly":true,"path":"/"},"flash":{}}'),
	('EbqxKqxk4LMC4b-L3S5YD3hmw-hvIAfy', 1590227512, '{"cookie":{"originalMaxAge":null,"expires":null,"httpOnly":true,"path":"/"},"flash":{}}'),
	('FX9YtfPJF7biDxLrlwgcny8Jy7_HG68d', 1590244912, '{"cookie":{"originalMaxAge":null,"expires":null,"httpOnly":true,"path":"/"},"flash":{}}'),
	('FnMtJGJL67zFXz1z9lkaKy4MPBQC4hvo', 1590205911, '{"cookie":{"originalMaxAge":null,"expires":null,"httpOnly":true,"path":"/"},"flash":{}}'),
	('FvoU2dttv0SDViRVYR6_y81NXuAaeH_Q', 1590206511, '{"cookie":{"originalMaxAge":null,"expires":null,"httpOnly":true,"path":"/"},"flash":{}}'),
	('GijF0D99oavWdvjrLA7kJZZd8WkD0n77', 1590252113, '{"cookie":{"originalMaxAge":null,"expires":null,"httpOnly":true,"path":"/"},"flash":{}}'),
	('H-6ZcP3zik_OehtAMPzarVxZIsWLQcOD', 1590245512, '{"cookie":{"originalMaxAge":null,"expires":null,"httpOnly":true,"path":"/"},"flash":{}}'),
	('IM1Uye3VWRvI1QwCzT16bCc0-3QD-TxZ', 1590217912, '{"cookie":{"originalMaxAge":null,"expires":null,"httpOnly":true,"path":"/"},"flash":{}}'),
	('IVbbO45hI_KWbwZGY-KchPoVMNyxgCd5', 1590272513, '{"cookie":{"originalMaxAge":null,"expires":null,"httpOnly":true,"path":"/"},"flash":{}}'),
	('J54KQKvcUk3uInR02Kc67mNn5nMGWjKv', 1590259313, '{"cookie":{"originalMaxAge":null,"expires":null,"httpOnly":true,"path":"/"},"flash":{}}'),
	('J78ME0IKVQIWabVFkmUdVdfIfpOVLVi5', 1590248512, '{"cookie":{"originalMaxAge":null,"expires":null,"httpOnly":true,"path":"/"},"flash":{}}'),
	('J8K8SLVnXd_ulxp6jaB8W-az2XhcThvR', 1590192019, '{"cookie":{"originalMaxAge":null,"expires":null,"httpOnly":true,"path":"/"},"flash":{},"passport":{"user":20}}'),
	('JP_JkA6kVXO3UKD-IHKcHgcukqjyAv8D', 1590263514, '{"cookie":{"originalMaxAge":null,"expires":null,"httpOnly":true,"path":"/"},"flash":{}}'),
	('JZ7MWxPMHN_-qFiTAumY0-uYho5p4QcR', 1590204711, '{"cookie":{"originalMaxAge":null,"expires":null,"httpOnly":true,"path":"/"},"flash":{}}'),
	('K2g807_YmfcUGkpzcrovoAR_XZyM8kAj', 1590237712, '{"cookie":{"originalMaxAge":null,"expires":null,"httpOnly":true,"path":"/"},"flash":{}}'),
	('KxSQhXRdjtxfBADCu6G6BIH_qaYj6J_v', 1590213712, '{"cookie":{"originalMaxAge":null,"expires":null,"httpOnly":true,"path":"/"},"flash":{}}'),
	('L2akoVRkJ90JxGPEMpRKX91ylsas_xCo', 1590265313, '{"cookie":{"originalMaxAge":null,"expires":null,"httpOnly":true,"path":"/"},"flash":{}}'),
	('LBfHixDQbyHDEZfOHQQSmTJepwMe6S4v', 1590219111, '{"cookie":{"originalMaxAge":null,"expires":null,"httpOnly":true,"path":"/"},"flash":{}}'),
	('Lw5ARByMBeZ-p1G1grydYYdIQrav39NM', 1590210111, '{"cookie":{"originalMaxAge":null,"expires":null,"httpOnly":true,"path":"/"},"flash":{}}'),
	('MJ7zLRv7WyoCQ4YJV-8p52pvBFkq_HAI', 1590262313, '{"cookie":{"originalMaxAge":null,"expires":null,"httpOnly":true,"path":"/"},"flash":{}}'),
	('MkSSzOIOA-0s9QuP8LQuLaPSJXGjMwxF', 1590207111, '{"cookie":{"originalMaxAge":null,"expires":null,"httpOnly":true,"path":"/"},"flash":{}}'),
	('NOfHXzo3npp1w70LprUB40fegY4z03zE', 1590211911, '{"cookie":{"originalMaxAge":null,"expires":null,"httpOnly":true,"path":"/"},"flash":{}}'),
	('NUBd0jnGFGcycK57dKg7o152IEzd2Trb', 1590205311, '{"cookie":{"originalMaxAge":null,"expires":null,"httpOnly":true,"path":"/"},"flash":{}}'),
	('Nb3nVDI9YT9r8pb65hua-16mRQdg6u95', 1590240712, '{"cookie":{"originalMaxAge":null,"expires":null,"httpOnly":true,"path":"/"},"flash":{}}'),
	('OVd-cmfk6WwCeQYaA60KnZ9wsZyXTtsV', 1590229912, '{"cookie":{"originalMaxAge":null,"expires":null,"httpOnly":true,"path":"/"},"flash":{}}'),
	('PWpoT8RCPZf3CaxUBAJa53DJ7ybzWFAW', 1590255113, '{"cookie":{"originalMaxAge":null,"expires":null,"httpOnly":true,"path":"/"},"flash":{}}'),
	('PZIwZzfh90TdF5GCxOLkCvPk7iwbPtdr', 1590271914, '{"cookie":{"originalMaxAge":null,"expires":null,"httpOnly":true,"path":"/"},"flash":{}}'),
	('QGzi895j4lxguokZzGvsayr9BtPpViC4', 1590229312, '{"cookie":{"originalMaxAge":null,"expires":null,"httpOnly":true,"path":"/"},"flash":{}}'),
	('QV5GX4IG2TeylXjpxHQ9g8D1GBWPqcbC', 1590269513, '{"cookie":{"originalMaxAge":null,"expires":null,"httpOnly":true,"path":"/"},"flash":{}}'),
	('QbeyjL2hmHU8qQ99rn9YJKtmxTNni8-d', 1590222712, '{"cookie":{"originalMaxAge":null,"expires":null,"httpOnly":true,"path":"/"},"flash":{}}'),
	('Qf9pTOiFpkQWxMS03aIl90kKgP_GMGxn', 1590221511, '{"cookie":{"originalMaxAge":null,"expires":null,"httpOnly":true,"path":"/"},"flash":{}}'),
	('R98B1fzfQuU3MdeQdGXwS-z-IgS4x-nv', 1590231712, '{"cookie":{"originalMaxAge":null,"expires":null,"httpOnly":true,"path":"/"},"flash":{}}'),
	('RWACip2rMfKyU1DsW6kUofaCRYY1DGoP', 1590261713, '{"cookie":{"originalMaxAge":null,"expires":null,"httpOnly":true,"path":"/"},"flash":{}}'),
	('Rqeij3FiiimHpaqvYqRUixN_8FvCbHzQ', 1590233512, '{"cookie":{"originalMaxAge":null,"expires":null,"httpOnly":true,"path":"/"},"flash":{}}'),
	('SdmEFkPs6Kt6XNTQDf2xlMstFMIK55id', 1590220311, '{"cookie":{"originalMaxAge":null,"expires":null,"httpOnly":true,"path":"/"},"flash":{}}'),
	('Ui3lYZaOJ-d-HHqsCTStFiSovOsnbbWg', 1590203511, '{"cookie":{"originalMaxAge":null,"expires":null,"httpOnly":true,"path":"/"},"flash":{}}'),
	('Ul1DhH9-n5h38zDWapbF4hOJSV7bKFB4', 1590215511, '{"cookie":{"originalMaxAge":null,"expires":null,"httpOnly":true,"path":"/"},"flash":{}}'),
	('V0XOAFiSxp-ESl0EuAbtVTJ-Vc2Rrw97', 1590267113, '{"cookie":{"originalMaxAge":null,"expires":null,"httpOnly":true,"path":"/"},"flash":{}}'),
	('V9Pugboo4B09bmusRm1QDKcxAcDLNSRr', 1590273113, '{"cookie":{"originalMaxAge":null,"expires":null,"httpOnly":true,"path":"/"},"flash":{}}'),
	('VB_mKecWSwoxwzLa2ZD0AB2R-rklOG9G', 1590220911, '{"cookie":{"originalMaxAge":null,"expires":null,"httpOnly":true,"path":"/"},"flash":{}}'),
	('VxP9FryCTKXBXux0dsk6D2HHuzH9jx1L', 1590201711, '{"cookie":{"originalMaxAge":null,"expires":null,"httpOnly":true,"path":"/"},"flash":{}}'),
	('WK627Z1RyLd3mRkdtpUq9hv7BCpweYYc', 1590199311, '{"cookie":{"originalMaxAge":null,"expires":null,"httpOnly":true,"path":"/"},"flash":{}}'),
	('WnxixvtKO0D4hFwrbFjesT0gs4jWiPdn', 1590260513, '{"cookie":{"originalMaxAge":null,"expires":null,"httpOnly":true,"path":"/"},"flash":{}}'),
	('Wv5r1WpFoHIyLTEWR0-EIwCGIAKRRvgs', 1590208311, '{"cookie":{"originalMaxAge":null,"expires":null,"httpOnly":true,"path":"/"},"flash":{}}'),
	('XPRUxUWcoLHt8BkDlTs3KrODABM_2deY', 1590247312, '{"cookie":{"originalMaxAge":null,"expires":null,"httpOnly":true,"path":"/"},"flash":{}}'),
	('XQqJy0kmpAE9ThxH9wt7nQYY4XZght6R', 1590254513, '{"cookie":{"originalMaxAge":null,"expires":null,"httpOnly":true,"path":"/"},"flash":{}}'),
	('XYU4cjcpqmptH4ACQIuSweIcq2SrPgrg', 1590202911, '{"cookie":{"originalMaxAge":null,"expires":null,"httpOnly":true,"path":"/"},"flash":{}}'),
	('YRpsyDblb-H3z7KBqA-TCYk3lAKYdVIr', 1590258113, '{"cookie":{"originalMaxAge":null,"expires":null,"httpOnly":true,"path":"/"},"flash":{}}'),
	('YrV4tL1BpxN8iFZjotUAJV9LcReAW5J6', 1590274313, '{"cookie":{"originalMaxAge":null,"expires":null,"httpOnly":true,"path":"/"},"flash":{}}'),
	('ZTJv3dd3NHtl4R7ltQ7GHFeTTgOKo8XE', 1590223312, '{"cookie":{"originalMaxAge":null,"expires":null,"httpOnly":true,"path":"/"},"flash":{}}'),
	('ZXXGoJ_SNKERo8D9MSCPUpI_SuyaXVlE', 1590202311, '{"cookie":{"originalMaxAge":null,"expires":null,"httpOnly":true,"path":"/"},"flash":{}}'),
	('Zcn8JCuYqOHwT0Mgfqnm3wFZIqhRtpvj', 1590209511, '{"cookie":{"originalMaxAge":null,"expires":null,"httpOnly":true,"path":"/"},"flash":{}}'),
	('ZnwVSodzoZfJyrIauWJ8h_0bdsLb9irb', 1590213111, '{"cookie":{"originalMaxAge":null,"expires":null,"httpOnly":true,"path":"/"},"flash":{}}'),
	('ZwueiMkXlaUBWnP1e5G1sngDFMQw9QfR', 1590192691, '{"cookie":{"originalMaxAge":null,"expires":null,"httpOnly":true,"path":"/"},"flash":{},"passport":{"user":19}}'),
	('_3t3TH3qYG0Cy_rVqwdVkw152HNVaFEW', 1590252716, '{"cookie":{"originalMaxAge":null,"expires":null,"httpOnly":true,"path":"/"},"flash":{}}'),
	('_FjRYfYRCQUEVMwHixErhaaVUuDLPjyl', 1590213075, '{"cookie":{"originalMaxAge":null,"expires":null,"httpOnly":true,"path":"/"},"flash":{}}'),
	('_tq5h9khSYrNCerxRwHu96X7SFSex_zP', 1590268313, '{"cookie":{"originalMaxAge":null,"expires":null,"httpOnly":true,"path":"/"},"flash":{}}'),
	('b9ZG_qNHtLkruzXBMC9YoAN5mXYPjSgd', 1590212511, '{"cookie":{"originalMaxAge":null,"expires":null,"httpOnly":true,"path":"/"},"flash":{}}'),
	('bEEpAk-y1jHFz9bpoqTTZQtgc2G1wok-', 1590264713, '{"cookie":{"originalMaxAge":null,"expires":null,"httpOnly":true,"path":"/"},"flash":{}}'),
	('bzH581AN5nj28L9aXwtBxe2Vaf2a0D9m', 1590201111, '{"cookie":{"originalMaxAge":null,"expires":null,"httpOnly":true,"path":"/"},"flash":{}}'),
	('cLmczBHSRWLDvxz4B6Y8MUWBFKzk9HXv', 1590207711, '{"cookie":{"originalMaxAge":null,"expires":null,"httpOnly":true,"path":"/"},"flash":{}}'),
	('ct7TuB236yCQo9de59KQJUw-Sydsoj6d', 1590264113, '{"cookie":{"originalMaxAge":null,"expires":null,"httpOnly":true,"path":"/"},"flash":{}}'),
	('dtw-WQ_2sI_f49_ceg5cKWf0yworoBA0', 1590228112, '{"cookie":{"originalMaxAge":null,"expires":null,"httpOnly":true,"path":"/"},"flash":{}}'),
	('evEQDSV2L5L6Ucr3t9Lls9iPs6c4lVUA', 1590198111, '{"cookie":{"originalMaxAge":null,"expires":null,"httpOnly":true,"path":"/"},"flash":{}}'),
	('f9oRwWKXNFgEFi3RN9H9uWNpq-RWe7Tq', 1590251512, '{"cookie":{"originalMaxAge":null,"expires":null,"httpOnly":true,"path":"/"},"flash":{}}'),
	('flmh8MRYjSCsPvfT52kgoDgqBFdTs6SX', 1590232912, '{"cookie":{"originalMaxAge":null,"expires":null,"httpOnly":true,"path":"/"},"flash":{}}'),
	('gey3dSsSJpXAqqZi44OVXhgxbQ-8rn13', 1590259913, '{"cookie":{"originalMaxAge":null,"expires":null,"httpOnly":true,"path":"/"},"flash":{}}'),
	('hV1BpnB-kDdGNSNwVOJOzP8nGFoSzt1Z', 1590192921, '{"cookie":{"originalMaxAge":null,"expires":null,"httpOnly":true,"path":"/"},"flash":{},"passport":{}}'),
	('j6tUB-6aCnff7GlvbsdGffNsru11fuFx', 1590250913, '{"cookie":{"originalMaxAge":null,"expires":null,"httpOnly":true,"path":"/"},"flash":{}}'),
	('kgG5J0ngtVSyIEZ16NYuwZHuq4S5U9-v', 1590224514, '{"cookie":{"originalMaxAge":null,"expires":null,"httpOnly":true,"path":"/"},"flash":{}}'),
	('li5ZPrsNCPREUGoqnsNJfA5rUyrx0ncV', 1590266513, '{"cookie":{"originalMaxAge":null,"expires":null,"httpOnly":true,"path":"/"},"flash":{}}'),
	('nYuAjJcekh36UwuHihIMJn4rHPGUODbA', 1590255713, '{"cookie":{"originalMaxAge":null,"expires":null,"httpOnly":true,"path":"/"},"flash":{}}'),
	('n_eH6rs-fYsur0KpK0Ia7E7_RoEkPYLP', 1590213075, '{"cookie":{"originalMaxAge":null,"expires":null,"httpOnly":true,"path":"/"},"flash":{}}'),
	('ndIvwdMPflFQZZcuCx4yqLu1ouVmQn9B', 1590247380, '{"cookie":{"originalMaxAge":null,"expires":null,"httpOnly":true,"path":"/"},"flash":{},"passport":{"user":19}}'),
	('nrQ5Q8_HIQdZRfrmNcBKi1TapeWtHHEE', 1590270713, '{"cookie":{"originalMaxAge":null,"expires":null,"httpOnly":true,"path":"/"},"flash":{}}'),
	('ocfwDRwYnlXB0rp_yhDWwmhJ3xIGgBfq', 1590235912, '{"cookie":{"originalMaxAge":null,"expires":null,"httpOnly":true,"path":"/"},"flash":{}}'),
	('qbF54cUhsDJ3arpaTIUuPV_KXfmxl-VL', 1590204111, '{"cookie":{"originalMaxAge":null,"expires":null,"httpOnly":true,"path":"/"},"flash":{}}'),
	('qlp4hQ8Mihc5ADswTyD-eMEiPHBE48_9', 1590225112, '{"cookie":{"originalMaxAge":null,"expires":null,"httpOnly":true,"path":"/"},"flash":{}}'),
	('r4MbBrwkkNrxXO6648LMnIINKKjcgt7A', 1590198711, '{"cookie":{"originalMaxAge":null,"expires":null,"httpOnly":true,"path":"/"},"flash":{}}'),
	('rHOO2mOzjKUSkloIPZfh77znwMEZcWZH', 1590261113, '{"cookie":{"originalMaxAge":null,"expires":null,"httpOnly":true,"path":"/"},"flash":{}}'),
	('s3mKrbPE_aNMrtYO46vLtU9DtMBh37au', 1590265913, '{"cookie":{"originalMaxAge":null,"expires":null,"httpOnly":true,"path":"/"},"flash":{}}'),
	('s69iardRp-wYQQVfz_WRJAPg_Qt3hIhm', 1590232312, '{"cookie":{"originalMaxAge":null,"expires":null,"httpOnly":true,"path":"/"},"flash":{}}'),
	('sPsR8d7qo6UpXM2YvXxg8rB4hOIUsgbO', 1590240112, '{"cookie":{"originalMaxAge":null,"expires":null,"httpOnly":true,"path":"/"},"flash":{}}'),
	('t8_v6BtjMFF5qul-WXC-a-a40kaYESJs', 1590258713, '{"cookie":{"originalMaxAge":null,"expires":null,"httpOnly":true,"path":"/"},"flash":{}}'),
	('tesvZ9EILAuiD3UJEYTyn8Dgq8DEOE-d', 1590241312, '{"cookie":{"originalMaxAge":null,"expires":null,"httpOnly":true,"path":"/"},"flash":{}}'),
	('uCw-SXMSBbWzjILYfsi_lwY2M3fm_3To', 1590234712, '{"cookie":{"originalMaxAge":null,"expires":null,"httpOnly":true,"path":"/"},"flash":{}}'),
	('uP9sPvpfz8CNVAnmK1vERlc04SBNTnpw', 1590214311, '{"cookie":{"originalMaxAge":null,"expires":null,"httpOnly":true,"path":"/"},"flash":{}}'),
	('udcvP-qD9MBd0poZXH8BLpuETPwcDyEN', 1590262913, '{"cookie":{"originalMaxAge":null,"expires":null,"httpOnly":true,"path":"/"},"flash":{}}'),
	('vPPgWrRBzzCDXRIvSe3H9Os-qxiX-HKB', 1590199911, '{"cookie":{"originalMaxAge":null,"expires":null,"httpOnly":true,"path":"/"},"flash":{}}'),
	('vnH_JEfAJ4mp9Ey4Zs5zPsHYNiKfSASB', 1590243112, '{"cookie":{"originalMaxAge":null,"expires":null,"httpOnly":true,"path":"/"},"flash":{}}'),
	('wMmCerzFckh2xfjwalhK6IB0G-GAaPVC', 1590230304, '{"cookie":{"originalMaxAge":null,"expires":null,"httpOnly":true,"path":"/"},"flash":{},"passport":{"user":20}}'),
	('wVLJkbsd-rrhX4W82GWcvrVO0G5fy5BB', 1590208911, '{"cookie":{"originalMaxAge":null,"expires":null,"httpOnly":true,"path":"/"},"flash":{}}'),
	('xRj_epPS2DSB6DJ46rNy3U8xJvBxdCrC', 1590241912, '{"cookie":{"originalMaxAge":null,"expires":null,"httpOnly":true,"path":"/"},"flash":{}}'),
	('xbiRDM_DIkqwOY7AHo1R_BLiB9w9XW1x', 1590200511, '{"cookie":{"originalMaxAge":null,"expires":null,"httpOnly":true,"path":"/"},"flash":{}}'),
	('zKWOOyC9PBReYQiOXrkrwFflkA2gdCGv', 1590212904, '{"cookie":{"originalMaxAge":null,"expires":null,"httpOnly":true,"path":"/"},"flash":{},"passport":{"user":19}}');
/*!40000 ALTER TABLE `sessions` ENABLE KEYS */;

-- Copiando estrutura para tabela selector.usuarios
CREATE TABLE IF NOT EXISTS `usuarios` (
  `id` int(11) NOT NULL AUTO_INCREMENT,
  `email` varchar(100) NOT NULL,
  `senha` varchar(100) NOT NULL,
  `nome` varchar(50) NOT NULL,
  `admin` enum('Y','N') NOT NULL DEFAULT 'N',
  `ts_new` timestamp NOT NULL DEFAULT CURRENT_TIMESTAMP,
  `ts_upd` timestamp NOT NULL DEFAULT CURRENT_TIMESTAMP ON UPDATE CURRENT_TIMESTAMP,
  PRIMARY KEY (`id`),
  UNIQUE KEY `u_email` (`email`)
) ENGINE=InnoDB AUTO_INCREMENT=65 DEFAULT CHARSET=latin1;

-- Copiando dados para a tabela selector.usuarios: ~35 rows (aproximadamente)
/*!40000 ALTER TABLE `usuarios` DISABLE KEYS */;
INSERT INTO `usuarios` (`id`, `email`, `senha`, `nome`, `admin`, `ts_new`, `ts_upd`) VALUES
	(19, 'sergioferreira.ads@gmail.com', '$2a$10$88lWR8xPFvXEzC24eUT9EuVbAMmQ1DWwGaqcU6qlxRLZmYzQnF0gG', 'Sérgio Ferreira', 'Y', '2020-05-03 18:09:05', '2020-05-03 21:30:44'),
	(20, 'guilherme.maribe@gmail.com', '$2a$10$wg95YgSzj9pSy0fI.Yr1S.vYTHYmH.8kFATiE8.NIOl1lFyC41HKe', 'Guilherme Ribeiro', 'Y', '2020-05-03 22:02:26', '2020-05-03 22:23:13'),
	(21, 'Ladislau53@live.com', '$2a$10$Fzii8xqvvMJY22ASykufquOY1F/197/IoSOpHtgiZbfRPF1xDoF7.', 'Fabiano Reis', 'N', '2020-05-17 21:29:01', '2020-05-17 21:29:01'),
	(22, 'Larissa96@live.com', '$2a$10$AoZzS9AaLf0O1hAFWhUEdOXi13Vu3S4JiQW4ScZkPlyb5xvn0cnmC', 'Joana Carvalho', 'N', '2020-05-17 21:29:22', '2020-05-17 21:29:22'),
	(23, 'Warley.Costa30@yahoo.com', '$2a$10$6BjpG74ppiZxfckGle/uWub/RMDN5ah4TSxGtVJdupr8il8BV1KPG', 'Danilo Santos', 'N', '2020-05-17 21:31:46', '2020-05-17 21:31:46'),
	(24, 'Sulen.Batista91@gmail.com', '$2a$10$UAb4z/K0r3K501pwIfTGN.62oPtERWtGqYC5w1EEUqdiYrYi6sKbu', 'Sirineu Pereira', 'N', '2020-05-17 21:32:01', '2020-05-17 21:32:01'),
	(25, 'Guilherme16@gmail.com', '$2a$10$2NStn817lmTj7XCps7ZvJuUQ1B6cB8bMOpYl52uvtHpcZ7Z0Z7iWS', 'Felícia Souza', 'N', '2020-05-17 21:32:08', '2020-05-17 21:32:08'),
	(26, 'Nbia.Batista85@yahoo.com', '$2a$10$mKu6A5qJHnPsFCKAJybVAupbnnOqNzrg1znrOhi1cmdSeACy47CGG', 'Paula Carvalho', 'N', '2020-05-17 21:32:17', '2020-05-17 21:32:17'),
	(27, 'Lucas88@live.com', '$2a$10$GVq8gSow7g7tA2GuZaE4MeIpKTNx40fOC4npR8wrG8ez8VI5eeO.i', 'Isabel Moreira', 'N', '2020-05-17 21:32:25', '2020-05-17 21:32:25'),
	(28, 'Vitria.Franco29@gmail.com', '$2a$10$44WW4e/.XfBuTSJoznHMjOUmJ0sz0OT5mFniUR2wB/LfeNvw5z5hu', 'Danilo Carvalho', 'N', '2020-05-17 21:32:32', '2020-05-17 21:32:32'),
	(29, 'Washington15@bol.com.br', '$2a$10$uHH9KQcdW34WBLZTjjANv.lumSPiiTANwxkPZbE//DRK6FadzHY.e', 'Margarida Macedo', 'N', '2020-05-17 21:32:50', '2020-05-17 21:32:50'),
	(30, 'Fabiano12@hotmail.com', '$2a$10$UK4tq0ePwu/1Qk5wh.3EUefzmmBfUEK3HaMH3qATA4Ym0E7Yf.ReS', 'Raul Xavier', 'N', '2020-05-17 21:33:34', '2020-05-17 21:33:34'),
	(31, 'Gbio_Nogueira93@hotmail.com', '$2a$10$M.iL8pgpWkXcPZ31QHHTYet88faLLOHb/qF7B1rY45GznylQT5sj6', 'Rafael Silva', 'N', '2020-05-17 21:34:16', '2020-05-17 21:34:16'),
	(32, 'Slvia_Xavier81@yahoo.com', '$2a$10$PaktNKVdGsQKVxpytNhZ1uIo7encLeHI8YnWWQh.Bmj2Bywpjo1Pu', 'Marli Dias Ferreira', 'N', '2020-05-17 21:34:30', '2020-05-17 21:38:36'),
	(33, 'Marcelo91@live.com', '$2a$10$CBgalhVp9QcZWE8jLiggTuJpPHncDzTdqCApGnY6LBV4Zs8xadzSq', 'Vicente Macedo', 'N', '2020-05-17 21:34:37', '2020-05-17 21:35:02'),
	(34, 'Yango.Barros@bol.com.br', '$2a$10$bsQjLgpI7eCmpRFG8RAZdeAXCnUYrcuNHzSo5EeAXaovQScVbyzAe', 'Norberto Vasconcelos', 'N', '2020-05-17 21:35:33', '2020-05-17 21:37:28'),
	(35, 'Pedro.Souza@hotmail.com', '$2a$10$L.hEFZjc173iyXiQobItpeya1DyhINhGlnIC/AgF2EFxcfLdquy7y', 'Mércia Moraes', 'N', '2020-05-17 21:35:40', '2020-05-17 21:35:40'),
	(36, 'Eduardo.Xavier@yahoo.com', '$2a$10$HRUrr3aEvOdVur5kn2Cm5OvhYhwJzNg5eo9q67mf41dFcLbjxM9Um', 'Karla Macedo', 'N', '2020-05-17 21:35:47', '2020-05-17 21:35:47'),
	(37, 'Meire76@bol.com.br', '$2a$10$Wka.s5ekDE2TCPiE6Aj/e.toZNPG5FAqEyApHRpPCsgu50MsNEF0i', 'Silas Xavier Filho', 'N', '2020-05-17 21:36:31', '2020-05-17 21:36:31'),
	(38, 'Sirineu.Nogueira92@gmail.com', '$2a$10$B9nJ.pMJnhoMHsKTW5AMqOSItMUaOlXsvNq/XMODuVxVYmAkNzQKO', 'Salvador Reis', 'N', '2020-05-17 21:36:43', '2020-05-17 21:36:43'),
	(39, 'Jlia10@yahoo.com', '$2a$10$OpoSHwP0riaMQXPz4KQIfuEbmmS6dBT.MdtqcRrz4gmYYeFWRNGky', 'Cecília Batista', 'N', '2020-05-17 21:36:52', '2020-05-17 21:36:52'),
	(40, 'Hlio_Souza@gmail.com', '$2a$10$hIvcs6NMryqJhljNIeVrcO9ryV5EvAf4WcNtibwn1pLpwXFGv/jo.', 'Paulo Albuquerque', 'N', '2020-05-17 21:37:07', '2020-05-17 21:37:07'),
	(41, 'Paulo.Melo83@yahoo.com', '$2a$10$tLku6qORoH6bzPCyuZLDTOzetyeR4Hc5Ye6LHkNU8aGkYtkAM4NQe', 'Tertuliano Nogueira', 'N', '2020-05-17 21:39:01', '2020-05-17 21:39:01'),
	(42, 'Morgana.Franco@gmail.com', '$2a$10$8p0g6JZa8zq0YkonCOB.TuW/ySWMZE1QaoT3if6.qLwZSQcJHTD1K', 'Célia Braga', 'N', '2020-05-17 21:39:32', '2020-05-17 21:39:32'),
	(43, 'Silas52@live.com', '$2a$10$khtEdZVXgDtxP5PcpE.a2eCGkjbPBSs//atqSr/xTZ1xk8dl5UF.S', 'Breno Martins', 'N', '2020-05-17 21:40:06', '2020-05-17 21:40:06'),
	(44, 'Deneval16@live.com', '$2a$10$djKYUFhkMAt4L.79eqgA2OrcOGZ4woZgRt/rdXXDafwC/cYDIBz1q', 'Maria Carvalho', 'N', '2020-05-17 21:40:18', '2020-05-17 21:40:18'),
	(45, 'Janana.Batista@hotmail.com', '$2a$10$fmcx7SnPUFmdgI0QhLIOOO5Q0FPhFQweo/Rmkgtmr9yng5QZLFieG', 'Joana Pereira', 'N', '2020-05-17 21:41:20', '2020-05-17 21:41:20'),
	(46, 'Heitor46@yahoo.com', '$2a$10$deN/.RtQ8tzEDAsqTEdgmO0A1294k1vxwSHf2mbcVmiS9E7dOpaCe', 'João Santos', 'N', '2020-05-17 21:41:34', '2020-05-17 21:41:34'),
	(47, 'Elsio.Xavier@live.com', '$2a$10$tJbUPiK0agO2ffobg8TmVeLIomNkE.5kv/TumXicN9gSQvZn.LTr6', 'Sílvia Silva', 'N', '2020-05-17 21:43:03', '2020-05-17 21:43:03'),
	(48, 'Jlia_Oliveira@live.com', '$2a$10$quTErXy97iFJdHG1TBY9auPV/TKzSVg/SWQgoRPAbvmJcfAYvxx2a', 'Janaína Carvalho', 'N', '2020-05-17 21:43:32', '2020-05-17 21:43:32'),
	(49, 'Frederico97@live.com', '$2a$10$HgI2iwrJAeB0/2qwJT07DOH/BOJAFV8n2T5sqnNqARE81mHB8HFN2', 'Deneval Saraiva', 'N', '2020-05-17 21:43:54', '2020-05-17 21:43:54'),
	(50, 'Eduardo75@bol.com.br', '$2a$10$o/Y.Q8GvJPiDPpbMarkpMuCBjxqOJzw1rUhDR78sgsSELG/RXFjzO', 'Vitória Oliveira', 'N', '2020-05-17 21:44:27', '2020-05-17 21:44:27'),
	(51, 'Isabela88@hotmail.com', '$2a$10$ueGA3b4JeqoBZFlKeoDqPOk.hsNebEpatahX8ROjGxicoYZPVB1ui', 'Frederico Albuquerque Filho', 'N', '2020-05-17 21:44:55', '2020-05-17 21:44:55'),
	(52, 'Frederico33@live.com', '$2a$10$YF6VXJz.45RyfR80O7cupe4hjiTSUOe16QsQAW7YEe7aJC2VPlI7i', 'Núbia Oliveira', 'N', '2020-05-17 21:45:05', '2020-05-17 21:45:05'),
	(53, 'Silas.Batista@hotmail.com', '$2a$10$kmxeUIBXtGcOSK9.HujuxuwJX9SQlaEiJGRxek38f8RIdYNScB0yO', 'Suélen Martins Costa', 'N', '2020-05-17 21:45:22', '2020-05-17 21:45:22'),
	(54, 'Roberto_Carvalho@gmail.com', '$2a$10$z/DcKM2c/rfJQ3V2kd6qrullK5/Q8g0bIGuqUWMMYW/45V5T4khTa', 'Júlio César Oliveira', 'N', '2020-05-17 22:25:26', '2020-05-17 22:25:26'),
	(55, 'Antnio_Melo69@gmail.com', '$2a$10$VAMD6oFu/S7ZzI57zzGgC.L7BTtdnmorRu8Ho2J3uIjnRBLs4Ta8C', 'Fabiano Barros', 'N', '2020-05-17 22:25:44', '2020-05-17 22:25:44'),
	(56, 'Jlio_Carvalho@yahoo.com', '$2a$10$FIJYb/ZQtdKbs1UWSxoLoe9ePu8SrvPlxDpECsPxk0bCaCxycfYk6', 'Roberto Pereira', 'N', '2020-05-17 22:25:53', '2020-05-17 22:25:53'),
	(57, 'Marli.Macedo@hotmail.com', '$2a$10$A5uX/3xD7ssXAThcpadOZu5wFPAYozvekKcuMff5VrwEmbmb4bUz2', 'Humberto Martins Mello', 'N', '2020-05-18 23:07:27', '2020-05-19 20:29:56'),
	(58, 'Dalila98@bol.com.br', '$2a$10$6T7.QYka6fFhI/8apAT//eEhk1bBh57ChtKa54uC43pQz2mXaz5xS', 'Marcelo Oliveira', 'N', '2020-05-18 23:07:34', '2020-05-18 23:07:34'),
	(59, 'Carlos.Macedo@live.com', '$2a$10$kQ8E.hK6bex5upBY8V88we7tnXv2qfD45WR0lA5Kx7gRm8a.De6ja', 'Antônio Costa', 'N', '2020-05-18 23:10:08', '2020-05-18 23:10:08'),
	(60, 'Marli_Franco27@gmail.com', '$2a$10$M6pN.kQBzarCj8xI9C4u0e5sPhq/666anHmDN2m7aXXYBbdKGvQGS', 'Isabela Souza', 'N', '2020-05-21 20:59:41', '2020-05-21 20:59:41'),
	(61, 'Maria_Martins35@yahoo.com', '$2a$10$qsS6qDtAOxfiXyN1we2B7.anwMX8wbmvO00yUcEO.hr.flVOlMKQq', 'Raul Souza', 'N', '2020-05-21 20:59:52', '2020-05-21 20:59:52'),
	(62, 'Fbio.Batista@gmail.com', '$2a$10$yDqAPiaeW4IT7phVFk6S3O6FnG7U1bndRVgrnUo0pCTvXIBuck7hy', 'Dr. Sirineu Moraes', 'N', '2020-05-21 20:59:58', '2020-05-21 20:59:58'),
	(63, 'Rafael.Souza14@live.com', '$2a$10$zVCFxnr0uwp14tkeiYrO2uUoHWKse0.sz6I547rN5g6hjOK5fgUWa', 'Cecília Santos', 'N', '2020-05-21 21:00:03', '2020-05-21 21:00:03'),
	(64, 'Meire67@hotmail.com', '$2a$10$.ZR8Yvx5txAT5WEG/e8OOelQNHR1vjlT.ekB8Mz0DHVITNc8s3eIe', 'Félix Saraiva', 'N', '2020-05-22 12:21:30', '2020-05-22 12:21:30');
/*!40000 ALTER TABLE `usuarios` ENABLE KEYS */;

/*!40101 SET SQL_MODE=IFNULL(@OLD_SQL_MODE, '') */;
/*!40014 SET FOREIGN_KEY_CHECKS=IF(@OLD_FOREIGN_KEY_CHECKS IS NULL, 1, @OLD_FOREIGN_KEY_CHECKS) */;
/*!40101 SET CHARACTER_SET_CLIENT=@OLD_CHARACTER_SET_CLIENT */;
